{"type":"FeatureCollection","features":[{"type":"Feature","properties":{"mode":"bus","n":5,"arr":["6","701","705","706","qbuzz:74"],"lines":"6, 701, 705, 706, 74"},"geometry":{"type":"LineString","coordinates":[[4.967209,51.832916],[4.965761,51.832253],[4.965655,51.832253],[4.96557,51.832216],[4.965554,51.832159],[4.965587,51.832092],[4.965683,51.832055],[4.965792,51.832068],[4.965844,51.832115],[4.965861,51.832139],[4.96586,51.832166],[4.965851,51.832189],[4.96585,51.832207],[4.965859,51.832221],[4.965878,51.832234],[4.966844,51.832675],[4.966856,51.832683],[4.96686,51.832694],[4.96686,51.832704],[4.966864,51.832715],[4.966875,51.832723],[4.967503,51.833018],[4.96751,51.833023],[4.967514,51.833029],[4.967514,51.833035],[4.967507,51.833055]]}},{"type":"Feature","properties":{"mode":"bus","n":5,"arr":["11","82","283","602","ret:183"],"lines":"11, 82, 283, 602, 183"},"geometry":{"type":"LineString","coordinates":[[4.485239,51.853159],[4.485129,51.853164],[4.485076,51.85316],[4.485031,51.853141],[4.484997,51.853117],[4.484968,51.853104],[4.484936,51.853098],[4.484901,51.853101],[4.48432,51.853204],[4.483948,51.853299],[4.480101,51.854742],[4.479082,51.855092],[4.478373,51.855386],[4.474913,51.856714]]}},{"type":"Feature","properties":{"mode":"bus","n":6,"arr":["11","516","603","716","ret:84","ret:183"],"lines":"11, 516, 603, 716, 84, 183"},"geometry":{"type":"LineString","coordinates":[[4.536136,51.849911],[4.536248,51.849841]]}},{"type":"Feature","properties":{"mode":"bus","n":6,"arr":["11","516","603","716","ret:84","ret:183"],"lines":"11, 516, 603, 716, 84, 183"},"geometry":{"type":"LineString","coordinates":[[4.536373,51.849839],[4.536467,51.84988],[4.536507,51.849946],[4.536478,51.850015],[4.536392,51.850061]]}},{"type":"Feature","properties":{"mode":"bus","n":6,"arr":["11","516","603","716","ret:84","ret:183"],"lines":"11, 516, 603, 716, 84, 183"},"geometry":{"type":"LineString","coordinates":[[4.536424,51.852816],[4.536545,51.852871]]}},{"type":"Feature","properties":{"mode":"bus","n":6,"arr":["11","516","603","716","ret:84","ret:183"],"lines":"11, 516, 603, 716, 84, 183"},"geometry":{"type":"LineString","coordinates":[[4.536325,51.852472],[4.536285,51.851912],[4.536285,51.85044]]}},{"type":"Feature","properties":{"mode":"bus","n":6,"arr":["11","516","603","716","ret:84","ret:183"],"lines":"11, 516, 603, 716, 84, 183"},"geometry":{"type":"LineString","coordinates":[[4.536949,51.852874],[4.537341,51.852839],[4.539158,51.852769]]}},{"type":"Feature","properties":{"mode":"bus","n":6,"arr":["16","142","143","290","ret:76","ret:144"],"lines":"16, 142, 143, 290, 76, 144"},"geometry":{"type":"LineString","coordinates":[[4.553216,51.88552],[4.553326,51.885631],[4.553503,51.885701]]}},{"type":"Feature","properties":{"mode":"bus","n":6,"arr":["16","142","143","290","ret:76","ret:144"],"lines":"16, 142, 143, 290, 76, 144"},"geometry":{"type":"LineString","coordinates":[[4.554984,51.885237],[4.554721,51.885257],[4.554219,51.885351],[4.554153,51.885344],[4.554123,51.885336],[4.554104,51.88532],[4.554078,51.885282],[4.553938,51.885186],[4.553846,51.885155],[4.553641,51.885133],[4.553488,51.885154],[4.553299,51.88524],[4.553237,51.885299],[4.553191,51.885408]]}},{"type":"Feature","properties":{"mode":"bus","n":6,"arr":["16","142","143","290","ret:76","ret:144"],"lines":"16, 142, 143, 290, 76, 144"},"geometry":{"type":"LineString","coordinates":[[4.556272,51.885041],[4.554984,51.885237],[4.554135,51.885465],[4.554037,51.885608],[4.553946,51.885662],[4.55379,51.885708],[4.553654,51.885719]]}},{"type":"Feature","properties":{"mode":"bus","n":5,"arr":["16","143","145","608","ret:144"],"lines":"16, 143, 145, 608, 144"},"geometry":{"type":"LineString","coordinates":[[4.590196,51.875637],[4.59017,51.875704],[4.590079,51.875761]]}},{"type":"Feature","properties":{"mode":"bus","n":5,"arr":["16","143","145","608","ret:144"],"lines":"16, 143, 145, 608, 144"},"geometry":{"type":"LineString","coordinates":[[4.589797,51.875722],[4.589944,51.875775]]}},{"type":"Feature","properties":{"mode":"bus","n":6,"arr":["16","143","145","146","610","ret:144"],"lines":"16, 143, 145, 146, 610, 144"},"geometry":{"type":"LineString","coordinates":[[4.586831,51.873372],[4.586811,51.873438],[4.586887,51.873524],[4.586987,51.873548],[4.587093,51.873537]]}},{"type":"Feature","properties":{"mode":"bus","n":7,"arr":["16","143","145","146","608","610","ret:144"],"lines":"16, 143, 145, 146, 608, 610, 144"},"geometry":{"type":"LineString","coordinates":[[4.588628,51.87236],[4.587494,51.873118],[4.587129,51.873306],[4.5871,51.873315],[4.587068,51.873315],[4.587004,51.873305],[4.586907,51.873322]]}},{"type":"Feature","properties":{"mode":"bus","n":5,"arr":["16","145","146","608","609"],"lines":"16, 145, 146, 608, 609"},"geometry":{"type":"LineString","coordinates":[[4.598686,51.863687],[4.597719,51.863954],[4.597503,51.864053],[4.596584,51.864592],[4.596453,51.864634],[4.596301,51.864725],[4.596268,51.864738],[4.596229,51.864741],[4.596151,51.864738]]}},{"type":"Feature","properties":{"mode":"bus","n":5,"arr":["142","143","290","ret:76","ret:144"],"lines":"142, 143, 290, 76, 144"},"geometry":{"type":"LineString","coordinates":[[4.553654,51.885719],[4.553503,51.885701]]}},{"type":"Feature","properties":{"mode":"bus","n":5,"arr":["142","143","290","ret:76","ret:144"],"lines":"142, 143, 290, 76, 144"},"geometry":{"type":"LineString","coordinates":[[4.553029,51.885546],[4.553216,51.88552]]}},{"type":"Feature","properties":{"mode":"bus","n":5,"arr":["19","ret:2","ret:9","ret:38","ret:40"],"lines":"19, 2, 9, 38, 40"},"geometry":{"type":"LineString","coordinates":[[4.455072,51.921377],[4.455145,51.921335],[4.455188,51.92132],[4.455238,51.921319],[4.45609,51.921407],[4.456525,51.921389],[4.456541,51.921388],[4.456551,51.921387],[4.456555,51.921384],[4.456552,51.921381],[4.456544,51.921377],[4.456529,51.921373],[4.456392,51.921338],[4.455774,51.921313],[4.45526,51.921249],[4.455215,51.921237],[4.455185,51.921214],[4.455143,51.921159],[4.455005,51.921121],[4.45486,51.921149],[4.454792,51.921206]]}},{"type":"Feature","properties":{"mode":"bus","n":5,"arr":["19","ret:2","ret:9","ret:38","ret:40"],"lines":"19, 2, 9, 38, 40"},"geometry":{"type":"LineString","coordinates":[[4.45478,51.921275],[4.454837,51.921346],[4.45495,51.921384]]}},{"type":"Feature","properties":{"mode":"bus","n":5,"arr":["19","ret:2","ret:9","ret:38","ret:40"],"lines":"19, 2, 9, 38, 40"},"geometry":{"type":"LineString","coordinates":[[4.456583,51.921387],[4.459909,51.921886],[4.461645,51.922171],[4.462573,51.92259]]}},{"type":"Feature","properties":{"mode":"bus","n":5,"arr":["19","633","825","826","ebs:456"],"lines":"19, 633, 825, 826, 456"},"geometry":{"type":"LineString","coordinates":[[4.217112,51.972263],[4.217046,51.97236]]}},{"type":"Feature","properties":{"mode":"bus","n":5,"arr":["19","633","825","826","ebs:456"],"lines":"19, 633, 825, 826, 456"},"geometry":{"type":"LineString","coordinates":[[4.217206,51.97111],[4.217793,51.970316],[4.218619,51.969393],[4.222642,51.96549],[4.225168,51.963097],[4.225963,51.962286],[4.229218,51.959247],[4.229994,51.958353],[4.230209,51.958039],[4.230652,51.957263],[4.231045,51.956405]]}},{"type":"Feature","properties":{"mode":"bus","n":5,"arr":["19","455","825","826","ebs:456"],"lines":"19, 455, 825, 826, 456"},"geometry":{"type":"LineString","coordinates":[[4.216735,51.972565],[4.216588,51.972661],[4.21647,51.972802],[4.216433,51.972903],[4.21645,51.973065],[4.216949,51.974143],[4.217752,51.975632],[4.218575,51.977537],[4.219174,51.978744],[4.219323,51.9794],[4.219466,51.980494],[4.219565,51.980607],[4.2196,51.980633],[4.219649,51.980649],[4.219886,51.980689],[4.220043,51.980741],[4.220165,51.980821],[4.22027,51.980961],[4.220288,51.981049],[4.220258,51.981218],[4.220213,51.981299],[4.219829,51.981655],[4.219785,51.981915],[4.220123,51.983187],[4.220253,51.983954],[4.221361,51.988641]]}},{"type":"Feature","properties":{"mode":"bus","n":5,"arr":["22A","26","29","htm:22","N3"],"lines":"22A, 26, 29, 22, N3"},"geometry":{"type":"LineString","coordinates":[[4.31663,52.061451],[4.316922,52.061625],[4.317537,52.062059],[4.320406,52.063668],[4.320691,52.063752],[4.322551,52.06477],[4.322871,52.064911],[4.322959,52.064933],[4.322986,52.064936],[4.323012,52.06493],[4.323059,52.06491],[4.323154,52.064921],[4.32327,52.064985],[4.323283,52.065049],[4.323252,52.065093],[4.323043,52.065193],[4.322186,52.065881],[4.321784,52.066158],[4.320209,52.067504],[4.320197,52.067518],[4.320196,52.067531],[4.320204,52.067543],[4.320223,52.067554],[4.320403,52.067632]]}},{"type":"Feature","properties":{"mode":"bus","n":5,"arr":["22A","26","29","827","htm:22"],"lines":"22A, 26, 29, 827, 22"},"geometry":{"type":"LineString","coordinates":[[4.316041,52.061284],[4.316311,52.061409],[4.31688,52.061734],[4.317415,52.062111],[4.320198,52.063669],[4.320512,52.063909],[4.32202,52.064749],[4.322237,52.064838],[4.322886,52.065007],[4.32291,52.065018],[4.322922,52.065035],[4.32293,52.065073],[4.322829,52.065171],[4.322353,52.065556],[4.32167,52.066021],[4.319921,52.067504],[4.319909,52.067518],[4.319908,52.067531],[4.319916,52.067543],[4.319935,52.067554],[4.320187,52.067662],[4.32033,52.067675],[4.320819,52.067808]]}},{"type":"Feature","properties":{"mode":"bus","n":5,"arr":["22A","26","29","827","htm:22"],"lines":"22A, 26, 29, 827, 22"},"geometry":{"type":"LineString","coordinates":[[4.324477,52.069425],[4.324305,52.069297]]}},{"type":"Feature","properties":{"mode":"bus","n":5,"arr":["32","ret:8","ret:13","ret:33","ret:40"],"lines":"32, 8, 13, 33, 40"},"geometry":{"type":"LineString","coordinates":[[4.437347,51.931372],[4.437296,51.931538],[4.437314,51.931756],[4.437426,51.931942],[4.437537,51.932051],[4.437743,51.93215],[4.438115,51.932236],[4.438339,51.932251],[4.438705,51.932203]]}},{"type":"Feature","properties":{"mode":"bus","n":5,"arr":["32","ret:8","ret:13","ret:33","ret:40"],"lines":"32, 8, 13, 33, 40"},"geometry":{"type":"LineString","coordinates":[[4.438981,51.932113],[4.439382,51.931895],[4.439521,51.931786],[4.440117,51.931092],[4.441342,51.930396],[4.441675,51.930285]]}},{"type":"Feature","properties":{"mode":"bus","n":5,"arr":["45","46","383","386","qbuzz:382"],"lines":"45, 46, 383, 386, 382"},"geometry":{"type":"LineString","coordinates":[[4.35664,52.06889],[4.356188,52.069186],[4.355584,52.069641],[4.3544,52.070595],[4.350822,52.073832],[4.350522,52.074182],[4.350327,52.074541],[4.350315,52.074633],[4.35037,52.07472],[4.35033,52.074792],[4.350205,52.074839],[4.350107,52.074826],[4.35006,52.074814],[4.350027,52.07479],[4.349994,52.074755],[4.349978,52.074728],[4.349982,52.0747],[4.350005,52.074646]]}},{"type":"Feature","properties":{"mode":"bus","n":5,"arr":["45","46","383","386","qbuzz:382"],"lines":"45, 46, 383, 386, 382"},"geometry":{"type":"LineString","coordinates":[[4.345661,52.074672],[4.345517,52.074706],[4.345372,52.074712],[4.345321,52.074721],[4.345285,52.074745],[4.345232,52.074802],[4.345123,52.074825],[4.345012,52.074807],[4.344963,52.074775],[4.344934,52.074762],[4.344898,52.074759],[4.344408,52.074781]]}},{"type":"Feature","properties":{"mode":"bus","n":5,"arr":["45","46","383","386","qbuzz:382"],"lines":"45, 46, 383, 386, 382"},"geometry":{"type":"LineString","coordinates":[[4.339392,52.076459],[4.338885,52.076752],[4.338381,52.077183],[4.337786,52.077595],[4.335568,52.079323],[4.334172,52.080532],[4.332586,52.082071],[4.332473,52.082094],[4.332258,52.08204],[4.331815,52.081863],[4.330506,52.081426]]}},{"type":"Feature","properties":{"mode":"bus","n":5,"arr":["45","46","383","386","qbuzz:382"],"lines":"45, 46, 383, 386, 382"},"geometry":{"type":"LineString","coordinates":[[4.330427,52.081396],[4.330034,52.081247]]}},{"type":"Feature","properties":{"mode":"bus","n":6,"arr":["45","46","383","386","N2","qbuzz:382"],"lines":"45, 46, 383, 386, N2, 382"},"geometry":{"type":"LineString","coordinates":[[4.3502,52.074421],[4.35012,52.074598],[4.350045,52.074629],[4.350018,52.074637],[4.349992,52.074637],[4.349965,52.074629],[4.349169,52.074293],[4.349122,52.074292],[4.345661,52.074672],[4.345294,52.074649],[4.3452,52.074592],[4.345052,52.074587],[4.344969,52.074621],[4.344938,52.074656],[4.344918,52.074671],[4.344888,52.074679],[4.344604,52.074714],[4.344129,52.074852],[4.339157,52.07654],[4.338799,52.076738],[4.338262,52.077173],[4.33715,52.07794],[4.335258,52.07944],[4.334018,52.080525],[4.333369,52.081136],[4.332655,52.081872]]}},{"type":"Feature","properties":{"mode":"bus","n":6,"arr":["45","46","383","386","N2","qbuzz:382"],"lines":"45, 46, 383, 386, N2, 382"},"geometry":{"type":"LineString","coordinates":[[4.356368,52.068932],[4.355373,52.069678],[4.354288,52.070556],[4.350871,52.07363],[4.350661,52.073783],[4.350493,52.073964]]}},{"type":"Feature","properties":{"mode":"bus","n":6,"arr":["46","ebs:43","ebs:44","ebs:144","N2","qbuzz:385"],"lines":"46, 43, 44, 144, N2, 385"},"geometry":{"type":"LineString","coordinates":[[4.40089,52.14269],[4.40095,52.142768],[4.400959,52.142792],[4.40095,52.142816],[4.400917,52.142861],[4.400936,52.14292],[4.400936,52.142934],[4.400924,52.142946],[4.400893,52.142967]]}},{"type":"Feature","properties":{"mode":"bus","n":6,"arr":["46","ebs:43","ebs:44","ebs:144","N2","qbuzz:385"],"lines":"46, 43, 44, 144, N2, 385"},"geometry":{"type":"LineString","coordinates":[[4.399194,52.141276],[4.399159,52.141358],[4.399206,52.141433],[4.399316,52.141478],[4.399423,52.14148],[4.399577,52.141574]]}},{"type":"Feature","properties":{"mode":"bus","n":6,"arr":["46","ebs:43","ebs:44","ebs:144","N2","qbuzz:385"],"lines":"46, 43, 44, 144, N2, 385"},"geometry":{"type":"LineString","coordinates":[[4.399507,52.141242],[4.399434,52.14122],[4.399313,52.141221]]}},{"type":"Feature","properties":{"mode":"bus","n":5,"arr":["46","ebs:43","ebs:44","ebs:144","qbuzz:385"],"lines":"46, 43, 44, 144, 385"},"geometry":{"type":"LineString","coordinates":[[4.401253,52.142963],[4.401311,52.14289],[4.401279,52.142807],[4.401189,52.142762],[4.401113,52.142758],[4.401076,52.142751],[4.401048,52.142736],[4.399777,52.141657],[4.39957,52.141447],[4.399559,52.141428],[4.399565,52.141407],[4.399591,52.141369],[4.399581,52.141305]]}},{"type":"Feature","properties":{"mode":"bus","n":5,"arr":["46","ebs:43","ebs:44","ebs:144","qbuzz:385"],"lines":"46, 43, 44, 144, 385"},"geometry":{"type":"LineString","coordinates":[[4.401019,52.142982],[4.401157,52.142994]]}},{"type":"Feature","properties":{"mode":"bus","n":5,"arr":["50","qbuzz:20","qbuzz:21","qbuzz:54","qbuzz:56"],"lines":"50, 20, 21, 54, 56"},"geometry":{"type":"LineString","coordinates":[[4.479282,52.170656],[4.479364,52.170737]]}},{"type":"Feature","properties":{"mode":"bus","n":5,"arr":["50","qbuzz:20","qbuzz:21","qbuzz:54","qbuzz:56"],"lines":"50, 20, 21, 54, 56"},"geometry":{"type":"LineString","coordinates":[[4.480172,52.170015],[4.480077,52.170068],[4.479625,52.170448],[4.4795,52.170521],[4.479395,52.17053],[4.479314,52.170572]]}},{"type":"Feature","properties":{"mode":"bus","n":5,"arr":["50","qbuzz:20","qbuzz:21","qbuzz:54","qbuzz:56"],"lines":"50, 20, 21, 54, 56"},"geometry":{"type":"LineString","coordinates":[[4.479506,52.170756],[4.479603,52.170715],[4.479634,52.170696],[4.479649,52.170671],[4.479665,52.170619],[4.479638,52.170583],[4.479632,52.170564],[4.479642,52.170546],[4.480011,52.170214],[4.480592,52.169593]]}},{"type":"Feature","properties":{"mode":"bus","n":5,"arr":["50","qbuzz:20","qbuzz:21","qbuzz:54","qbuzz:56"],"lines":"50, 20, 21, 54, 56"},"geometry":{"type":"LineString","coordinates":[[4.482198,52.167729],[4.481926,52.167978],[4.481551,52.168454],[4.481529,52.168562]]}},{"type":"Feature","properties":{"mode":"bus","n":5,"arr":["50","qbuzz:20","qbuzz:21","qbuzz:54","qbuzz:56"],"lines":"50, 20, 21, 54, 56"},"geometry":{"type":"LineString","coordinates":[[4.481057,52.169085],[4.481529,52.168562],[4.481615,52.168503],[4.481998,52.168032],[4.482289,52.167776]]}},{"type":"Feature","properties":{"mode":"bus","n":5,"arr":["50","qbuzz:20","qbuzz:21","qbuzz:54","qbuzz:56"],"lines":"50, 20, 21, 54, 56"},"geometry":{"type":"LineString","coordinates":[[4.480592,52.169593],[4.480943,52.169149],[4.481022,52.169104],[4.481034,52.169099],[4.481043,52.169096],[4.481047,52.169098],[4.481048,52.169104],[4.481045,52.169113],[4.481024,52.169165],[4.48085,52.169372],[4.480592,52.169593]]}},{"type":"Feature","properties":{"mode":"bus","n":5,"arr":["50","qbuzz:20","qbuzz:21","qbuzz:54","qbuzz:56"],"lines":"50, 20, 21, 54, 56"},"geometry":{"type":"LineString","coordinates":[[4.482339,52.16774],[4.482296,52.167684]]}},{"type":"Feature","properties":{"mode":"bus","n":5,"arr":["57","90","361","qbuzz:54","qbuzz:56"],"lines":"57, 90, 361, 54, 56"},"geometry":{"type":"LineString","coordinates":[[4.496774,52.211209],[4.496721,52.211279],[4.496751,52.211373]]}},{"type":"Feature","properties":{"mode":"bus","n":7,"arr":["73","300","341","conn:4","conn:567","conn:569","N30"],"lines":"73, 300, 341, 4, 567, 569, N30"},"geometry":{"type":"LineString","coordinates":[[4.650536,52.364522],[4.650528,52.364506]]}},{"type":"Feature","properties":{"mode":"bus","n":6,"arr":["73","300","341","conn:4","conn:569","N30"],"lines":"73, 300, 341, 4, 569, N30"},"geometry":{"type":"LineString","coordinates":[[4.648599,52.367462],[4.648928,52.367312],[4.649383,52.366987],[4.649533,52.366824],[4.64984,52.36624],[4.650486,52.364654],[4.650546,52.364579],[4.650536,52.364522]]}},{"type":"Feature","properties":{"mode":"bus","n":7,"arr":["73","300","341","conn:3","conn:4","conn:569","N30"],"lines":"73, 300, 341, 3, 4, 569, N30"},"geometry":{"type":"LineString","coordinates":[[4.648577,52.367496],[4.648599,52.367462]]}},{"type":"Feature","properties":{"mode":"bus","n":5,"arr":["73","300","341","conn:569","N30"],"lines":"73, 300, 341, 569, N30"},"geometry":{"type":"LineString","coordinates":[[4.648442,52.367564],[4.648577,52.367496]]}},{"type":"Feature","properties":{"mode":"bus","n":6,"arr":["73","300","341","conn:3","conn:569","N30"],"lines":"73, 300, 341, 3, 569, N30"},"geometry":{"type":"LineString","coordinates":[[4.644389,52.37001],[4.644473,52.369834],[4.644476,52.369219],[4.64454,52.369115],[4.644701,52.368968],[4.645505,52.368634],[4.645743,52.368563],[4.648353,52.367571],[4.648442,52.367564]]}},{"type":"Feature","properties":{"mode":"bus","n":6,"arr":["73","300","341","conn:3","conn:567","N30"],"lines":"73, 300, 341, 3, 567, N30"},"geometry":{"type":"LineString","coordinates":[[4.648368,52.367278],[4.648236,52.367302],[4.648131,52.367398],[4.647037,52.367844],[4.645336,52.368469],[4.644591,52.368764],[4.644401,52.368871],[4.644166,52.369099],[4.644108,52.369332],[4.64411,52.369842],[4.644177,52.370016]]}},{"type":"Feature","properties":{"mode":"bus","n":6,"arr":["73","300","341","conn:567","conn:569","N30"],"lines":"73, 300, 341, 567, 569, N30"},"geometry":{"type":"LineString","coordinates":[[4.650104,52.364592],[4.650118,52.364619]]}},{"type":"Feature","properties":{"mode":"bus","n":7,"arr":["83","140","145","488","489","ret:75","ret:183"],"lines":"83, 140, 145, 488, 489, 75, 183"},"geometry":{"type":"LineString","coordinates":[[4.53169,51.920219],[4.531623,51.920158],[4.531605,51.920148],[4.531582,51.920143],[4.531533,51.920138],[4.530634,51.920352],[4.530608,51.920356],[4.530588,51.920353],[4.530571,51.920345],[4.530559,51.920331],[4.529824,51.919101],[4.529299,51.918155],[4.529159,51.917811],[4.529112,51.917485],[4.529181,51.916473],[4.529014,51.915767],[4.528435,51.914747],[4.52843,51.914721],[4.528444,51.914696],[4.528489,51.914651],[4.528976,51.914458],[4.530135,51.914113],[4.530573,51.914019],[4.530978,51.913969],[4.531487,51.913949],[4.531826,51.913966],[4.532628,51.914093],[4.53337,51.914247],[4.533468,51.914296],[4.533671,51.914443],[4.533869,51.914652],[4.534185,51.915215],[4.534338,51.91534],[4.534766,51.915527],[4.535154,51.915603],[4.535569,51.915612],[4.536128,51.915528],[4.536438,51.915395],[4.536592,51.915217],[4.536846,51.91467],[4.536963,51.913745],[4.537041,51.913495],[4.537595,51.912535],[4.537952,51.911675],[4.538047,51.91126],[4.538785,51.910157],[4.544389,51.902251],[4.545684,51.900504],[4.545967,51.90019],[4.546687,51.899508],[4.547161,51.899125],[4.548365,51.898314]]}},{"type":"Feature","properties":{"mode":"bus","n":7,"arr":["83","140","145","488","489","ret:75","ret:183"],"lines":"83, 140, 145, 488, 489, 75, 183"},"geometry":{"type":"LineString","coordinates":[[4.532447,51.921471],[4.53247,51.921447]]}},{"type":"Feature","properties":{"mode":"bus","n":7,"arr":["83","140","145","488","489","ret:75","ret:183"],"lines":"83, 140, 145, 488, 489, 75, 183"},"geometry":{"type":"LineString","coordinates":[[4.527868,51.913759],[4.528203,51.913715]]}},{"type":"Feature","properties":{"mode":"bus","n":7,"arr":["83","140","145","488","489","ret:75","ret:183"],"lines":"83, 140, 145, 488, 489, 75, 183"},"geometry":{"type":"LineString","coordinates":[[4.547711,51.898192],[4.547024,51.89865],[4.546177,51.899308],[4.545413,51.900021],[4.544865,51.900653],[4.543792,51.902098],[4.539127,51.908732],[4.537515,51.911111],[4.536397,51.912638],[4.536026,51.913116],[4.535688,51.913414],[4.535414,51.9136],[4.53478,51.913925]]}},{"type":"Feature","properties":{"mode":"bus","n":6,"arr":["87","281","285","825","902","ret:8"],"lines":"87, 281, 285, 825, 902, 8"},"geometry":{"type":"LineString","coordinates":[[4.331511,51.849007],[4.331361,51.848968],[4.331346,51.848962],[4.331339,51.848954],[4.331338,51.848943],[4.331344,51.84891],[4.331313,51.848865],[4.331306,51.848841],[4.33132,51.848818],[4.331521,51.848632],[4.33154,51.848576],[4.331856,51.848339],[4.332888,51.847795]]}},{"type":"Feature","properties":{"mode":"bus","n":5,"arr":["90","361","qbuzz:21","qbuzz:23","qbuzz:385"],"lines":"90, 361, 21, 23, 385"},"geometry":{"type":"LineString","coordinates":[[4.434851,52.248271],[4.434824,52.24835],[4.43487,52.248405],[4.434956,52.248435],[4.435056,52.248432]]}},{"type":"Feature","properties":{"mode":"bus","n":5,"arr":["90","361","qbuzz:21","qbuzz:23","qbuzz:385"],"lines":"90, 361, 21, 23, 385"},"geometry":{"type":"LineString","coordinates":[[4.435064,52.248233],[4.435,52.248228],[4.434968,52.248222],[4.434944,52.248209],[4.434757,52.248058],[4.43463,52.247909]]}},{"type":"Feature","properties":{"mode":"bus","n":5,"arr":["90","361","qbuzz:21","qbuzz:23","qbuzz:385"],"lines":"90, 361, 21, 23, 385"},"geometry":{"type":"LineString","coordinates":[[4.43515,52.248382],[4.435171,52.24833],[4.435148,52.248278]]}},{"type":"Feature","properties":{"mode":"bus","n":5,"arr":["90","361","qbuzz:20","qbuzz:23","qbuzz:385"],"lines":"90, 361, 20, 23, 385"},"geometry":{"type":"LineString","coordinates":[[4.430743,52.241646],[4.43047,52.241845],[4.430216,52.242086],[4.430164,52.24211],[4.430155,52.242113],[4.430148,52.242114],[4.430144,52.242113],[4.430142,52.242109],[4.430143,52.242102],[4.430153,52.242065],[4.430541,52.24172],[4.430892,52.241492],[4.431509,52.241206],[4.431563,52.241168],[4.431592,52.241104],[4.431617,52.241075],[4.431661,52.241056],[4.43176,52.241029]]}},{"type":"Feature","properties":{"mode":"bus","n":5,"arr":["90","361","qbuzz:20","qbuzz:23","qbuzz:385"],"lines":"90, 361, 20, 23, 385"},"geometry":{"type":"LineString","coordinates":[[4.432998,52.246425],[4.432643,52.24609],[4.43234,52.245623],[4.43217,52.245428],[4.432114,52.245286],[4.431811,52.24499],[4.429583,52.243422],[4.429347,52.243208],[4.429339,52.243041],[4.429377,52.242968],[4.430138,52.242122]]}},{"type":"Feature","properties":{"mode":"bus","n":5,"arr":["90","361","qbuzz:22","qbuzz:23","qbuzz:385"],"lines":"90, 361, 22, 23, 385"},"geometry":{"type":"LineString","coordinates":[[4.439084,52.23193],[4.438892,52.232029],[4.43845,52.232332],[4.438098,52.232647],[4.437862,52.232944],[4.437684,52.233378],[4.43767,52.233395],[4.437645,52.233405],[4.437588,52.233418],[4.437517,52.233482],[4.437517,52.233541],[4.437566,52.233592]]}},{"type":"Feature","properties":{"mode":"bus","n":5,"arr":["90","361","qbuzz:22","qbuzz:23","qbuzz:385"],"lines":"90, 361, 22, 23, 385"},"geometry":{"type":"LineString","coordinates":[[4.442431,52.229201],[4.441869,52.229619],[4.441841,52.229632],[4.441805,52.229635],[4.441733,52.229631],[4.441619,52.229672],[4.441575,52.229731],[4.441605,52.229815],[4.441075,52.230379]]}},{"type":"Feature","properties":{"mode":"bus","n":5,"arr":["90","361","qbuzz:22","qbuzz:23","qbuzz:385"],"lines":"90, 361, 22, 23, 385"},"geometry":{"type":"LineString","coordinates":[[4.437713,52.233625],[4.43783,52.233591],[4.437878,52.233539],[4.437864,52.23346],[4.437822,52.233431],[4.437806,52.233415],[4.437806,52.233396],[4.437871,52.233205],[4.438067,52.232824],[4.438313,52.232541],[4.439084,52.23193],[4.439621,52.231566],[4.441075,52.230379],[4.44125,52.230275],[4.441374,52.230163]]}},{"type":"Feature","properties":{"mode":"bus","n":6,"arr":["90","qbuzz:20","qbuzz:21","qbuzz:22","qbuzz:23","qbuzz:385"],"lines":"90, 20, 21, 22, 23, 385"},"geometry":{"type":"LineString","coordinates":[[4.44442,52.22769],[4.444355,52.227765],[4.444373,52.22785]]}},{"type":"Feature","properties":{"mode":"bus","n":6,"arr":["90","qbuzz:20","qbuzz:21","qbuzz:22","qbuzz:23","qbuzz:385"],"lines":"90, 20, 21, 22, 23, 385"},"geometry":{"type":"LineString","coordinates":[[4.444687,52.227666],[4.444516,52.227655]]}},{"type":"Feature","properties":{"mode":"bus","n":6,"arr":["90","qbuzz:20","qbuzz:21","qbuzz:22","qbuzz:23","qbuzz:385"],"lines":"90, 20, 21, 22, 23, 385"},"geometry":{"type":"LineString","coordinates":[[4.444725,52.227899],[4.444809,52.227802],[4.444786,52.227729]]}},{"type":"Feature","properties":{"mode":"bus","n":6,"arr":["90","qbuzz:20","qbuzz:21","qbuzz:22","qbuzz:23","qbuzz:385"],"lines":"90, 20, 21, 22, 23, 385"},"geometry":{"type":"LineString","coordinates":[[4.444459,52.227909],[4.444624,52.227928]]}},{"type":"Feature","properties":{"mode":"bus","n":5,"arr":["90","qbuzz:20","qbuzz:21","qbuzz:30","qbuzz:385"],"lines":"90, 20, 21, 30, 385"},"geometry":{"type":"LineString","coordinates":[[4.44055,52.221816],[4.440474,52.221842],[4.440346,52.221843],[4.440237,52.221801],[4.440202,52.221754],[4.440177,52.221734],[4.440139,52.221723],[4.439644,52.221662],[4.43948,52.221607]]}},{"type":"Feature","properties":{"mode":"bus","n":5,"arr":["90","qbuzz:20","qbuzz:21","qbuzz:30","qbuzz:385"],"lines":"90, 20, 21, 30, 385"},"geometry":{"type":"LineString","coordinates":[[4.433239,52.218905],[4.434013,52.219241],[4.436033,52.220186],[4.438057,52.221092],[4.43871,52.221355],[4.43948,52.221607],[4.439665,52.221598],[4.440145,52.221646],[4.4402,52.221645],[4.440247,52.221628],[4.440339,52.221579]]}},{"type":"Feature","properties":{"mode":"bus","n":5,"arr":["90","qbuzz:20","qbuzz:21","qbuzz:30","qbuzz:385"],"lines":"90, 20, 21, 30, 385"},"geometry":{"type":"LineString","coordinates":[[4.440467,52.221577],[4.440592,52.221632],[4.440623,52.221747]]}},{"type":"Feature","properties":{"mode":"bus","n":5,"arr":["90","qbuzz:20","qbuzz:21","qbuzz:31","qbuzz:385"],"lines":"90, 20, 21, 31, 385"},"geometry":{"type":"LineString","coordinates":[[4.432648,52.218335],[4.43272,52.218421],[4.432676,52.218514],[4.432819,52.218682],[4.432826,52.218691],[4.432827,52.218697],[4.432823,52.218699],[4.432814,52.218698],[4.4328,52.218693],[4.432723,52.218664],[4.432603,52.218577],[4.432572,52.218562],[4.432534,52.218558],[4.432457,52.218561],[4.432384,52.21854],[4.432298,52.218459]]}},{"type":"Feature","properties":{"mode":"bus","n":5,"arr":["90","qbuzz:20","qbuzz:21","qbuzz:31","qbuzz:385"],"lines":"90, 20, 21, 31, 385"},"geometry":{"type":"LineString","coordinates":[[4.432307,52.218389],[4.432396,52.218322],[4.432534,52.218304]]}},{"type":"Feature","properties":{"mode":"bus","n":5,"arr":["90","qbuzz:20","qbuzz:21","qbuzz:31","qbuzz:385"],"lines":"90, 20, 21, 31, 385"},"geometry":{"type":"LineString","coordinates":[[4.432842,52.218709],[4.432915,52.218755]]}},{"type":"Feature","properties":{"mode":"bus","n":6,"arr":["90","400","qbuzz:30","qbuzz:31","qbuzz:385","qbuzz:401"],"lines":"90, 400, 30, 31, 385, 401"},"geometry":{"type":"LineString","coordinates":[[4.415857,52.199451],[4.415092,52.1997],[4.414846,52.199739],[4.414776,52.199799],[4.414759,52.199869]]}},{"type":"Feature","properties":{"mode":"bus","n":6,"arr":["90","400","qbuzz:30","qbuzz:31","qbuzz:385","qbuzz:401"],"lines":"90, 400, 30, 31, 385, 401"},"geometry":{"type":"LineString","coordinates":[[4.414878,52.199967],[4.414996,52.199975]]}},{"type":"Feature","properties":{"mode":"bus","n":6,"arr":["90","400","qbuzz:30","qbuzz:31","qbuzz:385","qbuzz:401"],"lines":"90, 400, 30, 31, 385, 401"},"geometry":{"type":"LineString","coordinates":[[4.418937,52.198294],[4.418322,52.198503],[4.417075,52.198978],[4.417054,52.19902]]}},{"type":"Feature","properties":{"mode":"bus","n":6,"arr":["90","400","qbuzz:30","qbuzz:31","qbuzz:385","qbuzz:401"],"lines":"90, 400, 30, 31, 385, 401"},"geometry":{"type":"LineString","coordinates":[[4.4158,52.199523],[4.415857,52.199451],[4.417054,52.19902],[4.417153,52.19901],[4.419126,52.19829],[4.419247,52.198213],[4.420249,52.197877]]}},{"type":"Feature","properties":{"mode":"bus","n":8,"arr":["92","488","qbuzz:4","qbuzz:5","qbuzz:7","qbuzz:10","qbuzz:13","qbuzz:14"],"lines":"92, 488, 4, 5, 7, 10, 13, 14"},"geometry":{"type":"LineString","coordinates":[[4.668277,51.811221],[4.668342,51.811174],[4.668363,51.811114],[4.668289,51.811024],[4.668144,51.810147],[4.668272,51.808492],[4.668264,51.808377],[4.668157,51.808076],[4.668314,51.807916],[4.668852,51.807691],[4.669086,51.807489],[4.669416,51.807451]]}},{"type":"Feature","properties":{"mode":"bus","n":7,"arr":["92","488","qbuzz:4","qbuzz:5","qbuzz:7","qbuzz:13","qbuzz:14"],"lines":"92, 488, 4, 5, 7, 13, 14"},"geometry":{"type":"LineString","coordinates":[[4.662305,51.812077],[4.66341,51.81196],[4.668277,51.811221]]}},{"type":"Feature","properties":{"mode":"bus","n":8,"arr":["92","142","143","290","ret:70","ret:76","ret:144","ret:183"],"lines":"92, 142, 143, 290, 70, 76, 144, 183"},"geometry":{"type":"LineString","coordinates":[[4.536531,51.881801],[4.536524,51.881863]]}},{"type":"Feature","properties":{"mode":"bus","n":8,"arr":["92","142","143","290","ret:70","ret:76","ret:144","ret:183"],"lines":"92, 142, 143, 290, 70, 76, 144, 183"},"geometry":{"type":"LineString","coordinates":[[4.535732,51.88204],[4.535083,51.881606],[4.534758,51.881427],[4.534257,51.881195],[4.533497,51.880946]]}},{"type":"Feature","properties":{"mode":"bus","n":8,"arr":["92","142","143","290","ret:70","ret:76","ret:144","ret:183"],"lines":"92, 142, 143, 290, 70, 76, 144, 183"},"geometry":{"type":"LineString","coordinates":[[4.536056,51.881476],[4.535425,51.88138],[4.534667,51.881137]]}},{"type":"Feature","properties":{"mode":"bus","n":5,"arr":["92","488","qbuzz:2","qbuzz:4","qbuzz:7"],"lines":"92, 488, 2, 4, 7"},"geometry":{"type":"LineString","coordinates":[[4.65827,51.812184],[4.65845,51.812146],[4.660156,51.812189],[4.662224,51.811982],[4.663446,51.81185],[4.667918,51.811165],[4.667951,51.811156],[4.667973,51.811141],[4.667985,51.811121],[4.668006,51.811046],[4.668078,51.811009],[4.668137,51.811001],[4.668155,51.810997],[4.668167,51.810989],[4.668172,51.810977],[4.668188,51.810876],[4.667962,51.810276],[4.667945,51.810146],[4.66805,51.808975]]}},{"type":"Feature","properties":{"mode":"bus","n":5,"arr":["92","488","qbuzz:2","qbuzz:4","qbuzz:7"],"lines":"92, 488, 2, 4, 7"},"geometry":{"type":"LineString","coordinates":[[4.650511,51.807341],[4.650346,51.807411]]}},{"type":"Feature","properties":{"mode":"bus","n":5,"arr":["92","488","qbuzz:2","qbuzz:4","qbuzz:7"],"lines":"92, 488, 2, 4, 7"},"geometry":{"type":"LineString","coordinates":[[4.649828,51.807611],[4.651948,51.809674],[4.652253,51.809806],[4.653062,51.81002],[4.653576,51.810186],[4.654079,51.810463],[4.655325,51.811246],[4.655352,51.811291]]}},{"type":"Feature","properties":{"mode":"bus","n":8,"arr":["96","97","98","196","197","292","qbuzz:194","ret:4"],"lines":"96, 97, 98, 196, 197, 292, 194, 4"},"geometry":{"type":"LineString","coordinates":[[4.558863,51.919482],[4.567712,51.924417],[4.568001,51.924527],[4.568198,51.924573],[4.568391,51.924613],[4.568599,51.92461]]}},{"type":"Feature","properties":{"mode":"bus","n":5,"arr":["96","97","98","196","197"],"lines":"96, 97, 98, 196, 197"},"geometry":{"type":"LineString","coordinates":[[4.568612,51.925461],[4.568933,51.925389],[4.569108,51.925281],[4.569211,51.925144],[4.569211,51.924923],[4.569267,51.924767],[4.5695,51.924504]]}},{"type":"Feature","properties":{"mode":"bus","n":9,"arr":["105","115","204","205","403","404","803","825","902"],"lines":"105, 115, 204, 205, 403, 404, 803, 825, 902"},"geometry":{"type":"LineString","coordinates":[[4.317997,51.850138],[4.318031,51.850217],[4.318102,51.850247],[4.318132,51.850266],[4.318147,51.850291],[4.318199,51.850512]]}},{"type":"Feature","properties":{"mode":"bus","n":9,"arr":["105","115","204","205","403","404","803","825","902"],"lines":"105, 115, 204, 205, 403, 404, 803, 825, 902"},"geometry":{"type":"LineString","coordinates":[[4.318032,51.850079],[4.318169,51.850029],[4.31825,51.850041],[4.318292,51.850043],[4.318332,51.850033],[4.318683,51.84989]]}},{"type":"Feature","properties":{"mode":"bus","n":9,"arr":["105","115","204","205","403","404","803","825","902"],"lines":"105, 115, 204, 205, 403, 404, 803, 825, 902"},"geometry":{"type":"LineString","coordinates":[[4.317965,51.851074],[4.317832,51.851182],[4.317687,51.851567]]}},{"type":"Feature","properties":{"mode":"bus","n":8,"arr":["105","115","204","205","403","404","803","825"],"lines":"105, 115, 204, 205, 403, 404, 803, 825"},"geometry":{"type":"LineString","coordinates":[[4.318032,51.850079],[4.317997,51.850138]]}},{"type":"Feature","properties":{"mode":"bus","n":8,"arr":["105","115","204","205","403","404","803","825"],"lines":"105, 115, 204, 205, 403, 404, 803, 825"},"geometry":{"type":"LineString","coordinates":[[4.321069,51.847989],[4.320952,51.848007],[4.320551,51.8483],[4.320357,51.848515],[4.320318,51.848631]]}},{"type":"Feature","properties":{"mode":"bus","n":8,"arr":["105","115","204","205","403","404","803","825"],"lines":"105, 115, 204, 205, 403, 404, 803, 825"},"geometry":{"type":"LineString","coordinates":[[4.330718,51.843483],[4.330203,51.843486],[4.329484,51.843527],[4.327749,51.843508],[4.327113,51.843575],[4.326787,51.843667],[4.326325,51.843896],[4.326018,51.844134],[4.325826,51.844329],[4.324393,51.845423],[4.324078,51.845601],[4.3236,51.845949],[4.322755,51.846613],[4.322714,51.846703],[4.322517,51.846862],[4.322381,51.846917],[4.322169,51.847086]]}},{"type":"Feature","properties":{"mode":"bus","n":8,"arr":["105","115","204","205","403","404","803","825"],"lines":"105, 115, 204, 205, 403, 404, 803, 825"},"geometry":{"type":"LineString","coordinates":[[4.317687,51.851567],[4.317494,51.851553],[4.316705,51.851602],[4.316173,51.851573],[4.315687,51.851514],[4.313059,51.851014],[4.311401,51.850615],[4.310945,51.850601],[4.310518,51.850661],[4.309997,51.850852],[4.308751,51.851463],[4.307398,51.852163],[4.306312,51.852854],[4.305321,51.853613],[4.304051,51.854691]]}},{"type":"Feature","properties":{"mode":"bus","n":5,"arr":["111","330","523","524","526"],"lines":"111, 330, 523, 524, 526"},"geometry":{"type":"LineString","coordinates":[[4.988379,52.171906],[4.988598,52.171879],[4.988713,52.171898],[4.988837,52.171957],[4.98888,52.172002],[4.988908,52.172021],[4.988948,52.172032],[4.989203,52.172063],[4.99165,52.171929],[4.992533,52.171928],[4.992899,52.171859],[4.993207,52.171731],[4.993471,52.171481],[4.993553,52.171298],[4.993641,52.170763]]}},{"type":"Feature","properties":{"mode":"bus","n":5,"arr":["111","330","523","524","526"],"lines":"111, 330, 523, 524, 526"},"geometry":{"type":"LineString","coordinates":[[4.992173,52.170514],[4.992232,52.170569],[4.99237,52.170599],[4.993494,52.170652],[4.993515,52.170651],[4.993532,52.170645],[4.993545,52.170634],[4.993574,52.170598],[4.99367,52.170576],[4.993704,52.170572],[4.993737,52.170577],[4.993799,52.170595],[4.993832,52.170636],[4.993841,52.170658],[4.993833,52.17068],[4.993792,52.170732],[4.993772,52.170748],[4.993744,52.170756],[4.993683,52.170766],[4.993604,52.170752],[4.993557,52.170725],[4.993529,52.170654]]}},{"type":"Feature","properties":{"mode":"bus","n":5,"arr":["111","330","523","524","526"],"lines":"111, 330, 523, 524, 526"},"geometry":{"type":"LineString","coordinates":[[4.99111,52.170054],[4.991115,52.169979],[4.991118,52.169971],[4.991127,52.169964],[4.991146,52.169954],[4.991535,52.169959],[4.992277,52.170246],[4.992297,52.170256],[4.992306,52.170268],[4.992305,52.17028],[4.992293,52.170294],[4.992178,52.170393],[4.992174,52.170478],[4.992174,52.170488],[4.992172,52.170494],[4.99217,52.170496],[4.992168,52.170494],[4.992164,52.170489],[4.992161,52.170479],[4.992116,52.170353],[4.992053,52.17028]]}},{"type":"Feature","properties":{"mode":"bus","n":5,"arr":["123","326","330","526","N26"],"lines":"123, 326, 330, 526, N26"},"geometry":{"type":"LineString","coordinates":[[4.868366,52.206762],[4.868441,52.206801]]}},{"type":"Feature","properties":{"mode":"bus","n":5,"arr":["123","326","330","526","N26"],"lines":"123, 326, 330, 526, N26"},"geometry":{"type":"LineString","coordinates":[[4.868394,52.20655],[4.868309,52.206654]]}},{"type":"Feature","properties":{"mode":"bus","n":6,"arr":["126","826","ret:2","ret:8","ret:51","ret:54"],"lines":"126, 826, 2, 8, 51, 54"},"geometry":{"type":"LineString","coordinates":[[4.400582,51.913334],[4.399208,51.912515],[4.399168,51.912499],[4.399121,51.912497],[4.399027,51.912505],[4.398939,51.912478]]}},{"type":"Feature","properties":{"mode":"bus","n":6,"arr":["126","826","ret:2","ret:8","ret:51","ret:54"],"lines":"126, 826, 2, 8, 51, 54"},"geometry":{"type":"LineString","coordinates":[[4.402587,51.914617],[4.40205,51.914446]]}},{"type":"Feature","properties":{"mode":"bus","n":5,"arr":["126","826","ret:2","ret:8","ret:51"],"lines":"126, 826, 2, 8, 51"},"geometry":{"type":"LineString","coordinates":[[4.398939,51.912478],[4.398727,51.912544],[4.398005,51.912978],[4.397661,51.913128],[4.397643,51.913141],[4.397637,51.913157],[4.397637,51.913191],[4.397587,51.91323],[4.397556,51.913246],[4.397517,51.913254],[4.397479,51.913256],[4.397439,51.913254],[4.397405,51.91324],[4.397327,51.913193]]}},{"type":"Feature","properties":{"mode":"bus","n":5,"arr":["126","826","ret:2","ret:8","ret:51"],"lines":"126, 826, 2, 8, 51"},"geometry":{"type":"LineString","coordinates":[[4.397331,51.913128],[4.395837,51.912208],[4.395031,51.91192],[4.394096,51.911683],[4.392775,51.911416],[4.39187,51.911294],[4.390672,51.911205]]}},{"type":"Feature","properties":{"mode":"bus","n":6,"arr":["126","826","ret:2","ret:3","ret:8","ret:51"],"lines":"126, 826, 2, 3, 8, 51"},"geometry":{"type":"LineString","coordinates":[[4.397327,51.913193],[4.397331,51.913128]]}},{"type":"Feature","properties":{"mode":"bus","n":5,"arr":["126","156","826","ret:2","ret:56"],"lines":"126, 156, 826, 2, 56"},"geometry":{"type":"LineString","coordinates":[[4.358101,51.909366],[4.356046,51.90937],[4.35571,51.909354],[4.355251,51.909371],[4.352643,51.909373],[4.352609,51.909377],[4.352585,51.909389],[4.352571,51.909408],[4.352541,51.909485],[4.352452,51.909561],[4.352326,51.909614],[4.352144,51.909638],[4.351957,51.909612],[4.351842,51.909562],[4.351741,51.909475],[4.351718,51.909409],[4.351705,51.90939],[4.351681,51.909378],[4.351647,51.909374],[4.344484,51.909352],[4.3437,51.9094],[4.343545,51.909462],[4.343066,51.909574],[4.342946,51.909583],[4.342684,51.909664],[4.338072,51.911195]]}},{"type":"Feature","properties":{"mode":"bus","n":5,"arr":["126","156","826","ret:2","ret:56"],"lines":"126, 156, 826, 2, 56"},"geometry":{"type":"LineString","coordinates":[[4.361121,51.910742],[4.361044,51.910719],[4.361028,51.910712],[4.361019,51.910703],[4.361018,51.910693],[4.361025,51.910681],[4.361276,51.910392],[4.361287,51.910371],[4.361282,51.910352],[4.361262,51.910335],[4.361219,51.910309],[4.36119,51.910297],[4.361159,51.910295],[4.361126,51.910302],[4.360427,51.910553],[4.360395,51.91056],[4.360368,51.910555],[4.360345,51.91054],[4.360185,51.910381],[4.35982,51.910125],[4.35947,51.909783],[4.359183,51.909567],[4.358682,51.909342]]}},{"type":"Feature","properties":{"mode":"bus","n":6,"arr":["126","633","826","903","ebs:456","ret:9"],"lines":"126, 633, 826, 903, 456, 9"},"geometry":{"type":"LineString","coordinates":[[4.271198,51.924914],[4.271332,51.924973],[4.271427,51.925126],[4.271445,51.925144],[4.271471,51.925151],[4.271504,51.925149],[4.271797,51.925093],[4.271905,51.925012]]}},{"type":"Feature","properties":{"mode":"bus","n":5,"arr":["126","826","903","ebs:456","ret:9"],"lines":"126, 826, 903, 456, 9"},"geometry":{"type":"LineString","coordinates":[[4.270514,51.923725],[4.27058,51.923803],[4.270774,51.923897],[4.270916,51.924061],[4.27112,51.924449],[4.27117,51.924671],[4.271129,51.924804],[4.271198,51.924914]]}},{"type":"Feature","properties":{"mode":"bus","n":5,"arr":["126","826","903","ebs:456","ret:9"],"lines":"126, 826, 903, 456, 9"},"geometry":{"type":"LineString","coordinates":[[4.272163,51.924754],[4.272609,51.924508],[4.273511,51.924206],[4.274048,51.924082],[4.275936,51.92376],[4.276622,51.923597]]}},{"type":"Feature","properties":{"mode":"bus","n":5,"arr":["126","826","903","ebs:34","ret:9"],"lines":"126, 826, 903, 34, 9"},"geometry":{"type":"LineString","coordinates":[[4.259812,51.919567],[4.259937,51.91958],[4.260078,51.919537]]}},{"type":"Feature","properties":{"mode":"bus","n":7,"arr":["142","143","290","ret:70","ret:76","ret:144","ret:183"],"lines":"142, 143, 290, 70, 76, 144, 183"},"geometry":{"type":"LineString","coordinates":[[4.536531,51.881801],[4.536479,51.881657],[4.536353,51.881551],[4.536056,51.881476]]}},{"type":"Feature","properties":{"mode":"bus","n":7,"arr":["142","143","290","ret:70","ret:76","ret:144","ret:183"],"lines":"142, 143, 290, 70, 76, 144, 183"},"geometry":{"type":"LineString","coordinates":[[4.536524,51.881863],[4.536575,51.8824],[4.536812,51.882694],[4.537022,51.882885],[4.538324,51.883624]]}},{"type":"Feature","properties":{"mode":"bus","n":7,"arr":["142","143","290","ret:70","ret:76","ret:144","ret:183"],"lines":"142, 143, 290, 70, 76, 144, 183"},"geometry":{"type":"LineString","coordinates":[[4.538191,51.883711],[4.536915,51.882979],[4.536517,51.882709],[4.535979,51.882294],[4.535732,51.88204]]}},{"type":"Feature","properties":{"mode":"bus","n":6,"arr":["142","143","290","ret:70","ret:144","ret:183"],"lines":"142, 143, 290, 70, 144, 183"},"geometry":{"type":"LineString","coordinates":[[4.542583,51.885936],[4.542742,51.885923],[4.542908,51.885992],[4.544619,51.885824],[4.545144,51.885816],[4.546073,51.88574],[4.546277,51.885749]]}},{"type":"Feature","properties":{"mode":"bus","n":6,"arr":["142","143","290","ret:70","ret:144","ret:183"],"lines":"142, 143, 290, 70, 144, 183"},"geometry":{"type":"LineString","coordinates":[[4.549059,51.885654],[4.547931,51.885662],[4.546754,51.885708],[4.546277,51.885749],[4.546084,51.885789],[4.544623,51.885911],[4.542992,51.886078],[4.542967,51.886083],[4.542948,51.886093],[4.542937,51.886108],[4.542915,51.886155],[4.542855,51.886198]]}},{"type":"Feature","properties":{"mode":"bus","n":6,"arr":["142","143","290","ret:70","ret:144","ret:183"],"lines":"142, 143, 290, 70, 144, 183"},"geometry":{"type":"LineString","coordinates":[[4.542448,51.886112],[4.542442,51.886064]]}},{"type":"Feature","properties":{"mode":"bus","n":5,"arr":["142","143","290","ret:144","ret:183"],"lines":"142, 143, 290, 144, 183"},"geometry":{"type":"LineString","coordinates":[[4.542855,51.886198],[4.54274,51.886231],[4.542613,51.886225],[4.542507,51.886182],[4.542448,51.886112]]}},{"type":"Feature","properties":{"mode":"bus","n":5,"arr":["142","143","290","ret:144","ret:183"],"lines":"142, 143, 290, 144, 183"},"geometry":{"type":"LineString","coordinates":[[4.538324,51.883624],[4.542182,51.88578],[4.542583,51.885936]]}},{"type":"Feature","properties":{"mode":"bus","n":5,"arr":["142","143","290","ret:144","ret:183"],"lines":"142, 143, 290, 144, 183"},"geometry":{"type":"LineString","coordinates":[[4.542442,51.886064],[4.542232,51.885977],[4.538191,51.883711]]}},{"type":"Feature","properties":{"mode":"bus","n":5,"arr":["143","145","608","609","ret:144"],"lines":"143, 145, 608, 609, 144"},"geometry":{"type":"LineString","coordinates":[[4.598705,51.867599],[4.598757,51.867561],[4.598777,51.867539],[4.598781,51.867515],[4.598777,51.867491],[4.598779,51.867474],[4.59879,51.867461],[4.598811,51.86745],[4.599685,51.86714],[4.600299,51.866954],[4.602198,51.866444]]}},{"type":"Feature","properties":{"mode":"bus","n":5,"arr":["143","145","146","610","ret:144"],"lines":"143, 145, 146, 610, 144"},"geometry":{"type":"LineString","coordinates":[[4.587173,51.873494],[4.587205,51.87343],[4.587187,51.873388],[4.587185,51.873373],[4.587191,51.87336],[4.587206,51.873349],[4.587361,51.873259],[4.587494,51.873118]]}},{"type":"Feature","properties":{"mode":"bus","n":9,"arr":["147","165","182","470","722","N70","qbuzz:101","qbuzz:169","qbuzz:183"],"lines":"147, 165, 182, 470, 722, N70, 101, 169, 183"},"geometry":{"type":"LineString","coordinates":[[4.657725,52.128887],[4.658385,52.128138],[4.658746,52.127638],[4.658826,52.127495],[4.658892,52.12725],[4.658925,52.126964],[4.658937,52.126939],[4.658965,52.12692],[4.659035,52.126891],[4.659069,52.126839],[4.659044,52.126765],[4.658965,52.12673],[4.658933,52.126708],[4.65892,52.126679],[4.658895,52.12638],[4.658524,52.125732],[4.658499,52.12557],[4.658592,52.125014],[4.65859,52.125002],[4.65858,52.124995],[4.658563,52.124991],[4.658504,52.124985]]}},{"type":"Feature","properties":{"mode":"bus","n":10,"arr":["147","165","182","470","722","N70","qbuzz:2","qbuzz:101","qbuzz:169","qbuzz:183"],"lines":"147, 165, 182, 470, 722, N70, 2, 101, 169, 183"},"geometry":{"type":"LineString","coordinates":[[4.657736,52.129359],[4.657834,52.129297],[4.657878,52.129193],[4.657842,52.129031],[4.657725,52.128887]]}},{"type":"Feature","properties":{"mode":"bus","n":10,"arr":["147","165","182","470","722","N70","qbuzz:2","qbuzz:101","qbuzz:169","qbuzz:183"],"lines":"147, 165, 182, 470, 722, N70, 2, 101, 169, 183"},"geometry":{"type":"LineString","coordinates":[[4.65729,52.129047],[4.657384,52.129288],[4.657469,52.129346],[4.657575,52.129373]]}},{"type":"Feature","properties":{"mode":"bus","n":10,"arr":["147","165","182","470","722","N70","qbuzz:2","qbuzz:101","qbuzz:169","qbuzz:183"],"lines":"147, 165, 182, 470, 722, N70, 2, 101, 169, 183"},"geometry":{"type":"LineString","coordinates":[[4.658628,52.124367],[4.658426,52.125369],[4.6584,52.125655],[4.658472,52.125835],[4.658697,52.126141],[4.658819,52.126387],[4.658828,52.126687],[4.65882,52.12671],[4.658795,52.126728],[4.658731,52.126755],[4.658694,52.126824],[4.658732,52.126893],[4.658796,52.12692],[4.658822,52.126938],[4.658829,52.126961],[4.658815,52.127185],[4.658734,52.127521],[4.658445,52.127952],[4.657951,52.128539],[4.657536,52.12884],[4.657411,52.128863],[4.657304,52.128956]]}},{"type":"Feature","properties":{"mode":"bus","n":10,"arr":["147","165","182","470","722","N70","qbuzz:2","qbuzz:101","qbuzz:169","qbuzz:183"],"lines":"147, 165, 182, 470, 722, N70, 2, 101, 169, 183"},"geometry":{"type":"LineString","coordinates":[[4.658504,52.124985],[4.658214,52.124962]]}},{"type":"Feature","properties":{"mode":"bus","n":9,"arr":["147","182","470","722","N70","qbuzz:2","qbuzz:101","qbuzz:169","qbuzz:183"],"lines":"147, 182, 470, 722, N70, 2, 101, 169, 183"},"geometry":{"type":"LineString","coordinates":[[4.657304,52.128956],[4.65729,52.129047]]}},{"type":"Feature","properties":{"mode":"bus","n":5,"arr":["161","162","340","conn:169","conn:401"],"lines":"161, 162, 340, 169, 401"},"geometry":{"type":"LineString","coordinates":[[4.693855,52.299745],[4.694045,52.300049],[4.694253,52.300281],[4.694288,52.300307],[4.694337,52.300322],[4.694448,52.300341],[4.694505,52.300379],[4.694543,52.300434],[4.694539,52.300507],[4.694461,52.300571],[4.69442,52.300594],[4.694368,52.300604],[4.694162,52.300617],[4.693665,52.300861],[4.693551,52.300885],[4.693532,52.300888],[4.693521,52.300887],[4.693516,52.300884],[4.693519,52.300877],[4.69353,52.300867],[4.693597,52.300811],[4.693961,52.300613],[4.694065,52.300518],[4.694063,52.300416],[4.69412,52.300369],[4.694141,52.300343],[4.69414,52.300313],[4.694045,52.300049]]}},{"type":"Feature","properties":{"mode":"bus","n":5,"arr":["161","162","340","conn:169","conn:401"],"lines":"161, 162, 340, 169, 401"},"geometry":{"type":"LineString","coordinates":[[4.690748,52.297391],[4.690554,52.297386],[4.690455,52.297325]]}},{"type":"Feature","properties":{"mode":"bus","n":5,"arr":["161","162","340","conn:169","conn:401"],"lines":"161, 162, 340, 169, 401"},"geometry":{"type":"LineString","coordinates":[[4.690768,52.29714],[4.690865,52.297203],[4.690885,52.297247],[4.690865,52.297304],[4.690864,52.297334],[4.690883,52.297361],[4.691152,52.297607],[4.693087,52.298954]]}},{"type":"Feature","properties":{"mode":"bus","n":5,"arr":["161","162","340","conn:169","conn:401"],"lines":"161, 162, 340, 169, 401"},"geometry":{"type":"LineString","coordinates":[[4.69259,52.301384],[4.693495,52.300896]]}},{"type":"Feature","properties":{"mode":"bus","n":5,"arr":["161","162","340","conn:169","conn:401"],"lines":"161, 162, 340, 169, 401"},"geometry":{"type":"LineString","coordinates":[[4.693855,52.299745],[4.693713,52.299403],[4.693618,52.299281],[4.693128,52.298979],[4.693117,52.298973],[4.693109,52.298969],[4.693106,52.298968],[4.693107,52.29897],[4.693112,52.298975],[4.693121,52.298983],[4.693504,52.299318],[4.693855,52.299745]]}},{"type":"Feature","properties":{"mode":"bus","n":6,"arr":["161","162","340","343","conn:169","conn:401"],"lines":"161, 162, 340, 343, 169, 401"},"geometry":{"type":"LineString","coordinates":[[4.690455,52.297325],[4.690435,52.297235],[4.690511,52.297156],[4.690635,52.297124],[4.690768,52.29714],[4.691236,52.296947],[4.69169,52.296615],[4.69415,52.29445],[4.694898,52.293759],[4.695066,52.293565],[4.695135,52.293501],[4.695228,52.29347],[4.695954,52.29277]]}},{"type":"Feature","properties":{"mode":"bus","n":9,"arr":["166","488","qbuzz:2","qbuzz:4","qbuzz:5","qbuzz:7","qbuzz:10","qbuzz:13","qbuzz:14"],"lines":"166, 488, 2, 4, 5, 7, 10, 13, 14"},"geometry":{"type":"LineString","coordinates":[[4.672551,51.807285],[4.672599,51.807193]]}},{"type":"Feature","properties":{"mode":"bus","n":6,"arr":["166","488","qbuzz:2","qbuzz:4","qbuzz:5","qbuzz:7"],"lines":"166, 488, 2, 4, 5, 7"},"geometry":{"type":"LineString","coordinates":[[4.672599,51.807193],[4.672655,51.807148],[4.672776,51.807107],[4.672957,51.807116]]}},{"type":"Feature","properties":{"mode":"bus","n":6,"arr":["166","488","qbuzz:2","qbuzz:4","qbuzz:5","qbuzz:7"],"lines":"166, 488, 2, 4, 5, 7"},"geometry":{"type":"LineString","coordinates":[[4.670852,51.807476],[4.672551,51.807285]]}},{"type":"Feature","properties":{"mode":"bus","n":5,"arr":["166","488","qbuzz:2","qbuzz:7","qbuzz:9"],"lines":"166, 488, 2, 7, 9"},"geometry":{"type":"LineString","coordinates":[[4.683245,51.793538],[4.683135,51.793478],[4.682991,51.79346]]}},{"type":"Feature","properties":{"mode":"bus","n":5,"arr":["166","488","qbuzz:2","qbuzz:7","qbuzz:9"],"lines":"166, 488, 2, 7, 9"},"geometry":{"type":"LineString","coordinates":[[4.679259,51.795328],[4.678824,51.795551]]}},{"type":"Feature","properties":{"mode":"bus","n":5,"arr":["166","488","qbuzz:2","qbuzz:7","qbuzz:9"],"lines":"166, 488, 2, 7, 9"},"geometry":{"type":"LineString","coordinates":[[4.682203,51.794033],[4.681685,51.794293],[4.680871,51.794545],[4.679663,51.795126]]}},{"type":"Feature","properties":{"mode":"bus","n":5,"arr":["166","488","qbuzz:4","qbuzz:5","qbuzz:7"],"lines":"166, 488, 4, 5, 7"},"geometry":{"type":"LineString","coordinates":[[4.673144,51.80731],[4.673131,51.807229]]}},{"type":"Feature","properties":{"mode":"bus","n":8,"arr":["166","488","qbuzz:4","qbuzz:5","qbuzz:7","qbuzz:10","qbuzz:13","qbuzz:14"],"lines":"166, 488, 4, 5, 7, 10, 13, 14"},"geometry":{"type":"LineString","coordinates":[[4.672551,51.807285],[4.672574,51.807353],[4.672644,51.807412],[4.672812,51.80746]]}},{"type":"Feature","properties":{"mode":"bus","n":8,"arr":["166","488","qbuzz:4","qbuzz:5","qbuzz:7","qbuzz:10","qbuzz:13","qbuzz:14"],"lines":"166, 488, 4, 5, 7, 10, 13, 14"},"geometry":{"type":"LineString","coordinates":[[4.670242,51.80736],[4.672291,51.807138],[4.672463,51.80713],[4.672599,51.807193]]}},{"type":"Feature","properties":{"mode":"bus","n":17,"arr":["180","186","195","199","287","300","361","365","397","470","arriva:3","conn:190","conn:194","N30","N70","N90","N97"],"lines":"180, 186, 195, 199, 287, 300, 361, 365, 397, 470, 3, 190, 194, N30, N70, N90, N97"},"geometry":{"type":"LineString","coordinates":[[4.76237,52.308205],[4.762474,52.308157],[4.762519,52.308091],[4.762481,52.308019],[4.762385,52.307958],[4.757952,52.306228]]}},{"type":"Feature","properties":{"mode":"bus","n":16,"arr":["180","186","195","199","287","300","361","365","397","470","conn:190","conn:194","N30","N70","N90","N97"],"lines":"180, 186, 195, 199, 287, 300, 361, 365, 397, 470, 190, 194, N30, N70, N90, N97"},"geometry":{"type":"LineString","coordinates":[[4.762147,52.308196],[4.76237,52.308205]]}},{"type":"Feature","properties":{"mode":"bus","n":11,"arr":["181","191","287","300","361","365","397","conn:190","N30","N90","N97"],"lines":"181, 191, 287, 300, 361, 365, 397, 190, N30, N90, N97"},"geometry":{"type":"LineString","coordinates":[[4.762147,52.308196],[4.761837,52.308069],[4.76178,52.308015],[4.76176,52.307937],[4.761669,52.307853],[4.761294,52.307686],[4.761095,52.307549],[4.757079,52.306089]]}},{"type":"Feature","properties":{"mode":"bus","n":5,"arr":["186","357","conn:178","N47","N57"],"lines":"186, 357, 178, N47, N57"},"geometry":{"type":"LineString","coordinates":[[4.856627,52.305641],[4.856673,52.305739],[4.856745,52.30614],[4.856786,52.306202],[4.856773,52.306337],[4.856731,52.306401],[4.856666,52.306437],[4.856588,52.306564],[4.85657,52.30687],[4.856622,52.308062],[4.856714,52.308238],[4.856692,52.308328],[4.856629,52.308391]]}},{"type":"Feature","properties":{"mode":"bus","n":5,"arr":["186","357","conn:178","N47","N57"],"lines":"186, 357, 178, N47, N57"},"geometry":{"type":"LineString","coordinates":[[4.85724,52.303241],[4.856851,52.304477]]}},{"type":"Feature","properties":{"mode":"bus","n":6,"arr":["186","257","357","conn:178","N47","N57"],"lines":"186, 257, 357, 178, N47, N57"},"geometry":{"type":"LineString","coordinates":[[4.85648,52.3084],[4.856429,52.30836]]}},{"type":"Feature","properties":{"mode":"bus","n":6,"arr":["186","257","357","conn:178","N47","N57"],"lines":"186, 257, 357, 178, N47, N57"},"geometry":{"type":"LineString","coordinates":[[4.85642,52.30814],[4.856468,52.308098],[4.856471,52.308006],[4.856431,52.306728],[4.856402,52.306517],[4.85627,52.306276],[4.856282,52.306212],[4.85639,52.306103],[4.856445,52.305944],[4.856627,52.305641],[4.856851,52.304477],[4.856796,52.304297],[4.856873,52.303633],[4.856989,52.303318],[4.857003,52.303298],[4.857026,52.303284],[4.857059,52.303275],[4.857548,52.303211],[4.857579,52.303202],[4.857601,52.303186],[4.857618,52.303165],[4.857623,52.303155],[4.857619,52.303147],[4.857607,52.30314],[4.85756,52.303122],[4.857504,52.303073],[4.857491,52.303055],[4.857492,52.303038],[4.857507,52.303021],[4.857706,52.302872]]}},{"type":"Feature","properties":{"mode":"bus","n":6,"arr":["186","257","357","conn:178","N47","N57"],"lines":"186, 257, 357, 178, N47, N57"},"geometry":{"type":"LineString","coordinates":[[4.857094,52.303345],[4.856982,52.30334]]}},{"type":"Feature","properties":{"mode":"bus","n":5,"arr":["192","403","803","ebs:102","ebs:106"],"lines":"192, 403, 803, 102, 106"},"geometry":{"type":"LineString","coordinates":[[4.15731,51.900683],[4.157795,51.900061],[4.158101,51.899752],[4.158468,51.899552],[4.158876,51.899402],[4.159739,51.899232],[4.15983,51.899205],[4.159859,51.899191],[4.159876,51.899171],[4.159897,51.899128],[4.160002,51.899081],[4.160131,51.899086],[4.160196,51.899128],[4.160235,51.899144],[4.160281,51.899148],[4.160462,51.899142],[4.161162,51.899086],[4.161244,51.899022],[4.161364,51.898996],[4.161479,51.89901],[4.161537,51.899041],[4.161571,51.899052],[4.16161,51.899053],[4.162364,51.898972],[4.162838,51.898879],[4.164926,51.898254],[4.166122,51.898006],[4.1664,51.897973],[4.166836,51.897958],[4.167174,51.897998],[4.167514,51.898067],[4.167803,51.898148],[4.168238,51.898335],[4.169314,51.898871]]}},{"type":"Feature","properties":{"mode":"bus","n":5,"arr":["192","403","803","ebs:102","ebs:106"],"lines":"192, 403, 803, 102, 106"},"geometry":{"type":"LineString","coordinates":[[4.170589,51.89939],[4.17047,51.899348],[4.17041,51.899272],[4.169726,51.899088],[4.169358,51.898894],[4.169346,51.898888],[4.169339,51.898883],[4.169338,51.898881],[4.169341,51.898882],[4.16935,51.898884],[4.169365,51.898889],[4.169786,51.899038],[4.170232,51.899151],[4.170384,51.899177],[4.170415,51.89918],[4.170444,51.899175],[4.170469,51.899164],[4.170537,51.899123],[4.170682,51.89911],[4.170785,51.89914],[4.170864,51.899219]]}},{"type":"Feature","properties":{"mode":"bus","n":5,"arr":["192","403","803","ebs:102","ebs:106"],"lines":"192, 403, 803, 102, 106"},"geometry":{"type":"LineString","coordinates":[[4.171074,51.899308],[4.170851,51.899308],[4.170728,51.899382],[4.170638,51.899387],[4.170609,51.899392],[4.17059,51.899403],[4.170579,51.899419],[4.170525,51.899571]]}},{"type":"Feature","properties":{"mode":"bus","n":5,"arr":["192","403","803","ebs:102","ebs:106"],"lines":"192, 403, 803, 102, 106"},"geometry":{"type":"LineString","coordinates":[[4.161203,51.899384],[4.161237,51.899276],[4.161236,51.899258],[4.161221,51.899243],[4.161203,51.89923],[4.161178,51.89922],[4.161149,51.899216],[4.160608,51.899217],[4.16042,51.899248],[4.160104,51.899364],[4.159832,51.899351],[4.159581,51.899366],[4.159224,51.899395],[4.158967,51.899451],[4.158746,51.899521],[4.158336,51.899722],[4.158058,51.899933],[4.156953,51.901365],[4.156613,51.901761],[4.156177,51.9024],[4.155986,51.902521],[4.155679,51.902616],[4.155493,51.902721],[4.155109,51.903041],[4.15508,51.903113],[4.154546,51.903667]]}},{"type":"Feature","properties":{"mode":"bus","n":5,"arr":["245","369","397","conn:198","N97"],"lines":"245, 369, 397, 198, N97"},"geometry":{"type":"LineString","coordinates":[[4.813157,52.33876],[4.813071,52.338783]]}},{"type":"Feature","properties":{"mode":"bus","n":5,"arr":["245","369","397","conn:198","N97"],"lines":"245, 369, 397, 198, N97"},"geometry":{"type":"LineString","coordinates":[[4.814703,52.336009],[4.814792,52.335836],[4.814788,52.335786]]}},{"type":"Feature","properties":{"mode":"bus","n":6,"arr":["245","247","369","397","conn:198","N97"],"lines":"245, 247, 369, 397, 198, N97"},"geometry":{"type":"LineString","coordinates":[[4.812857,52.338736],[4.812801,52.338666],[4.812803,52.338621],[4.812952,52.338495],[4.813526,52.337615],[4.813545,52.337467],[4.813585,52.337427],[4.813651,52.337409],[4.813671,52.337401],[4.813683,52.337389],[4.813688,52.337375],[4.813697,52.337094],[4.814324,52.336378],[4.814703,52.336009]]}},{"type":"Feature","properties":{"mode":"bus","n":6,"arr":["245","247","369","397","conn:198","N97"],"lines":"245, 247, 369, 397, 198, N97"},"geometry":{"type":"LineString","coordinates":[[4.814788,52.335786],[4.81457,52.33566]]}},{"type":"Feature","properties":{"mode":"bus","n":5,"arr":["257","357","conn:178","N47","N57"],"lines":"257, 357, 178, N47, N57"},"geometry":{"type":"LineString","coordinates":[[4.857507,52.322252],[4.857501,52.321471],[4.857072,52.316632],[4.856982,52.315988],[4.856782,52.315562],[4.856769,52.315547],[4.856746,52.315538],[4.856693,52.315526],[4.856649,52.31548],[4.856635,52.315454],[4.85664,52.315428],[4.856668,52.315378],[4.856714,52.31536],[4.856733,52.315349],[4.85674,52.315333],[4.856757,52.315065],[4.856666,52.313712],[4.85648,52.3084]]}},{"type":"Feature","properties":{"mode":"bus","n":5,"arr":["257","357","conn:178","N47","N57"],"lines":"257, 357, 178, N47, N57"},"geometry":{"type":"LineString","coordinates":[[4.856429,52.30836],[4.856394,52.308224],[4.85642,52.30814]]}},{"type":"Feature","properties":{"mode":"bus","n":5,"arr":["257","357","conn:178","N47","N57"],"lines":"257, 357, 178, N47, N57"},"geometry":{"type":"LineString","coordinates":[[4.8548,52.298833],[4.854878,52.298799],[4.85496,52.298705],[4.855119,52.29828],[4.85483,52.297486],[4.854651,52.293668],[4.854568,52.293305],[4.854488,52.293255],[4.854472,52.293212],[4.854486,52.293168],[4.854556,52.293119],[4.854563,52.292933],[4.854621,52.292763],[4.854551,52.291553],[4.854482,52.290942],[4.85447,52.290919],[4.85444,52.290902],[4.854368,52.290879],[4.854302,52.290814]]}},{"type":"Feature","properties":{"mode":"bus","n":5,"arr":["257","357","conn:178","N47","N57"],"lines":"257, 357, 178, N47, N57"},"geometry":{"type":"LineString","coordinates":[[4.854837,52.299182],[4.854791,52.299119],[4.854589,52.299017],[4.854565,52.29897],[4.854589,52.298897]]}},{"type":"Feature","properties":{"mode":"bus","n":5,"arr":["257","357","conn:178","N47","N57"],"lines":"257, 357, 178, N47, N57"},"geometry":{"type":"LineString","coordinates":[[4.857416,52.335242],[4.857314,52.334465],[4.857309,52.334127],[4.857377,52.333066],[4.857395,52.330606],[4.857435,52.330013],[4.857409,52.327615],[4.857424,52.327195],[4.857482,52.327072]]}},{"type":"Feature","properties":{"mode":"bus","n":5,"arr":["283","516","603","716","ret:183"],"lines":"283, 516, 603, 716, 183"},"geometry":{"type":"LineString","coordinates":[[4.527757,51.844488],[4.527768,51.84513],[4.527772,51.845146],[4.527783,51.845157],[4.527802,51.845163],[4.527828,51.845165],[4.53143,51.845126],[4.531463,51.845121],[4.531482,51.845109],[4.531489,51.845089],[4.531478,51.844335],[4.531485,51.844315],[4.531504,51.844303],[4.531537,51.844298],[4.53484,51.84426],[4.535528,51.844319],[4.535754,51.844306],[4.536013,51.844331],[4.536044,51.844329],[4.536069,51.844318],[4.53611,51.844288],[4.536239,51.844269],[4.536328,51.844292],[4.53639,51.844347]]}},{"type":"Feature","properties":{"mode":"bus","n":5,"arr":["283","516","603","716","ret:183"],"lines":"283, 516, 603, 716, 183"},"geometry":{"type":"LineString","coordinates":[[4.536395,51.844413],[4.536282,51.844488]]}},{"type":"Feature","properties":{"mode":"bus","n":5,"arr":["283","516","603","716","ret:183"],"lines":"283, 516, 603, 716, 183"},"geometry":{"type":"LineString","coordinates":[[4.535528,51.844319],[4.536037,51.844412],[4.536087,51.844464],[4.536173,51.844493]]}},{"type":"Feature","properties":{"mode":"bus","n":5,"arr":["361","qbuzz:20","qbuzz:21","qbuzz:22","qbuzz:385"],"lines":"361, 20, 21, 22, 385"},"geometry":{"type":"LineString","coordinates":[[4.446381,52.24106],[4.446365,52.241135],[4.446275,52.241189],[4.446146,52.241196],[4.446044,52.241153],[4.446008,52.241089],[4.44604,52.241035],[4.446064,52.24101],[4.446103,52.240993],[4.446192,52.240969],[4.4463,52.240988]]}},{"type":"Feature","properties":{"mode":"bus","n":5,"arr":["365","366","410","qbuzz:3","qbuzz:56"],"lines":"365, 366, 410, 3, 56"},"geometry":{"type":"LineString","coordinates":[[4.506269,52.167706],[4.506374,52.167662]]}},{"type":"Feature","properties":{"mode":"bus","n":5,"arr":["365","366","410","qbuzz:3","qbuzz:56"],"lines":"365, 366, 410, 3, 56"},"geometry":{"type":"LineString","coordinates":[[4.506494,52.167685],[4.506523,52.167727],[4.506536,52.167739],[4.506554,52.167747],[4.506577,52.167751],[4.507233,52.167786],[4.507993,52.167927],[4.508671,52.168092],[4.509379,52.168328],[4.510585,52.168626]]}},{"type":"Feature","properties":{"mode":"bus","n":5,"arr":["365","366","410","qbuzz:3","qbuzz:56"],"lines":"365, 366, 410, 3, 56"},"geometry":{"type":"LineString","coordinates":[[4.510712,52.168797],[4.509373,52.168469],[4.509219,52.168474],[4.507198,52.168011],[4.506268,52.167867]]}},{"type":"Feature","properties":{"mode":"bus","n":5,"arr":["369","conn:80","gvb:21","N80","N82"],"lines":"369, 80, 21, N80, N82"},"geometry":{"type":"LineString","coordinates":[[4.819079,52.383197],[4.819191,52.383338],[4.81921,52.38342],[4.819188,52.383497],[4.819047,52.383657]]}},{"type":"Feature","properties":{"mode":"bus","n":5,"arr":["391","meer:64","meer:65","meer:69","N19"],"lines":"391, 64, 65, 69, N19"},"geometry":{"type":"LineString","coordinates":[[4.821885,52.453838],[4.821819,52.453712],[4.821819,52.453566]]}},{"type":"Feature","properties":{"mode":"bus","n":5,"arr":["391","meer:64","meer:65","meer:69","N19"],"lines":"391, 64, 65, 69, N19"},"geometry":{"type":"LineString","coordinates":[[4.822369,52.454058],[4.822599,52.454064],[4.822733,52.454046],[4.822859,52.454012],[4.823052,52.453915],[4.823192,52.453748],[4.823214,52.45362],[4.823168,52.453477],[4.82331,52.45327],[4.824223,52.452707]]}},{"type":"Feature","properties":{"mode":"bus","n":6,"arr":["462","512","666","711","712","tdev:668"],"lines":"462, 512, 666, 711, 712, 668"},"geometry":{"type":"LineString","coordinates":[[4.397814,51.815502],[4.397829,51.815561],[4.397794,51.815631],[4.397735,51.81567],[4.397615,51.815699],[4.397493,51.815851]]}},{"type":"Feature","properties":{"mode":"bus","n":5,"arr":["462","471","666","tdev:461","tdev:668"],"lines":"462, 471, 666, 461, 668"},"geometry":{"type":"LineString","coordinates":[[4.443782,51.82337],[4.443829,51.823323]]}},{"type":"Feature","properties":{"mode":"bus","n":5,"arr":["462","512","711","712","N60"],"lines":"462, 512, 711, 712, N60"},"geometry":{"type":"LineString","coordinates":[[4.397477,51.81568],[4.397382,51.815615],[4.397364,51.815529],[4.397014,51.815357],[4.395105,51.814606],[4.394814,51.814538],[4.394368,51.81448],[4.393856,51.814482],[4.393401,51.814523]]}},{"type":"Feature","properties":{"mode":"bus","n":5,"arr":["516","603","716","ret:84","ret:183"],"lines":"516, 603, 716, 84, 183"},"geometry":{"type":"LineString","coordinates":[[4.536325,51.852472],[4.536287,51.85264],[4.536304,51.852796],[4.536298,51.852819],[4.536275,51.852837],[4.536216,51.852867],[4.536186,51.85294],[4.536218,51.852997],[4.536301,51.853041]]}},{"type":"Feature","properties":{"mode":"bus","n":5,"arr":["516","603","716","ret:84","ret:183"],"lines":"516, 603, 716, 84, 183"},"geometry":{"type":"LineString","coordinates":[[4.536285,51.85044],[4.536259,51.850066],[4.536134,51.849991]]}},{"type":"Feature","properties":{"mode":"bus","n":5,"arr":["516","603","716","ret:84","ret:183"],"lines":"516, 603, 716, 84, 183"},"geometry":{"type":"LineString","coordinates":[[4.536567,51.852958],[4.536791,51.852925],[4.536949,51.852874]]}},{"type":"Feature","properties":{"mode":"bus","n":5,"arr":["524","724","N26","qbuzz:101","uov:4"],"lines":"524, 724, N26, 101, 4"},"geometry":{"type":"LineString","coordinates":[[4.890136,52.086615],[4.888075,52.085857],[4.888044,52.08585],[4.888015,52.085854],[4.887991,52.085868],[4.887835,52.086001],[4.887142,52.087856],[4.887033,52.088001],[4.886683,52.088313],[4.886589,52.088334],[4.886455,52.088321],[4.885376,52.088041],[4.88527,52.088035],[4.885065,52.088058],[4.884498,52.088262],[4.884238,52.088279],[4.883749,52.088104],[4.88318,52.087946],[4.883066,52.08786],[4.883032,52.087791],[4.883049,52.087668],[4.883048,52.087653],[4.883038,52.087643],[4.883021,52.087638],[4.882996,52.087638],[4.880695,52.087889],[4.88065,52.087903],[4.880629,52.087912],[4.880618,52.087926],[4.880557,52.088064],[4.880474,52.088305],[4.880409,52.088732],[4.880368,52.088792],[4.880123,52.088958],[4.879127,52.089787],[4.879037,52.089832],[4.878873,52.089868],[4.872254,52.088175],[4.872229,52.088171],[4.872205,52.088174],[4.872183,52.088183],[4.872124,52.088215],[4.872003,52.088212],[4.871939,52.088181],[4.871916,52.088086],[4.871969,52.088042],[4.872051,52.088021],[4.872139,52.08803]]}},{"type":"Feature","properties":{"mode":"bus","n":6,"arr":["6","701","705","706","qbuzz:74","qbuzz:80"],"lines":"6, 701, 705, 706, 74, 80"},"geometry":{"type":"LineString","coordinates":[[4.967507,51.833055],[4.967438,51.833063]]}},{"type":"Feature","properties":{"mode":"bus","n":6,"arr":["6","701","705","706","qbuzz:74","qbuzz:80"],"lines":"6, 701, 705, 706, 74, 80"},"geometry":{"type":"LineString","coordinates":[[4.967288,51.833033],[4.967182,51.83301]]}},{"type":"Feature","properties":{"mode":"bus","n":5,"arr":["6","701","706","qbuzz:74","qbuzz:80"],"lines":"6, 701, 706, 74, 80"},"geometry":{"type":"LineString","coordinates":[[4.967438,51.833063],[4.967288,51.833033]]}},{"type":"Feature","properties":{"mode":"bus","n":7,"arr":["11","N60","ret:7","ret:8","ret:13","ret:33","ret:40"],"lines":"11, N60, 7, 8, 13, 33, 40"},"geometry":{"type":"LineString","coordinates":[[4.468374,51.923983],[4.467782,51.923861]]}},{"type":"Feature","properties":{"mode":"bus","n":11,"arr":["11","N60","ret:4","ret:5","ret:7","ret:8","ret:9","ret:13","ret:33","ret:40","ret:44"],"lines":"11, N60, 4, 5, 7, 8, 9, 13, 33, 40, 44"},"geometry":{"type":"LineString","coordinates":[[4.467782,51.923861],[4.467236,51.923751]]}},{"type":"Feature","properties":{"mode":"bus","n":12,"arr":["11","N60","ret:4","ret:5","ret:7","ret:8","ret:9","ret:10","ret:13","ret:33","ret:40","ret:44"],"lines":"11, N60, 4, 5, 7, 8, 9, 10, 13, 33, 40, 44"},"geometry":{"type":"LineString","coordinates":[[4.467236,51.923751],[4.466843,51.923699]]}},{"type":"Feature","properties":{"mode":"bus","n":16,"arr":["11","16","19","N60","ret:1","ret:2","ret:4","ret:5","ret:7","ret:8","ret:9","ret:10","ret:13","ret:33","ret:40","ret:44"],"lines":"11, 16, 19, N60, 1, 2, 4, 5, 7, 8, 9, 10, 13, 33, 40, 44"},"geometry":{"type":"LineString","coordinates":[[4.466843,51.923699],[4.466209,51.923697],[4.466166,51.923677],[4.466153,51.923668],[4.466147,51.923656],[4.466143,51.923631]]}},{"type":"Feature","properties":{"mode":"bus","n":17,"arr":["11","16","19","N60","ret:1","ret:2","ret:3","ret:4","ret:5","ret:7","ret:8","ret:9","ret:10","ret:13","ret:33","ret:40","ret:44"],"lines":"11, 16, 19, N60, 1, 2, 3, 4, 5, 7, 8, 9, 10, 13, 33, 40, 44"},"geometry":{"type":"LineString","coordinates":[[4.466143,51.923631],[4.466142,51.923538]]}},{"type":"Feature","properties":{"mode":"bus","n":18,"arr":["11","16","19","N60","ret:1","ret:2","ret:3","ret:4","ret:5","ret:7","ret:8","ret:9","ret:10","ret:13","ret:33","ret:38","ret:40","ret:44"],"lines":"11, 16, 19, N60, 1, 2, 3, 4, 5, 7, 8, 9, 10, 13, 33, 38, 40, 44"},"geometry":{"type":"LineString","coordinates":[[4.466142,51.923538],[4.466103,51.922564]]}},{"type":"Feature","properties":{"mode":"bus","n":9,"arr":["11","16","N60","ret:3","ret:4","ret:5","ret:7","ret:8","ret:44"],"lines":"11, 16, N60, 3, 4, 5, 7, 8, 44"},"geometry":{"type":"LineString","coordinates":[[4.4661,51.922458],[4.466103,51.922564]]}},{"type":"Feature","properties":{"mode":"bus","n":7,"arr":["11","16","ret:3","ret:4","ret:5","ret:7","ret:44"],"lines":"11, 16, 3, 4, 5, 7, 44"},"geometry":{"type":"LineString","coordinates":[[4.462622,51.922481],[4.462968,51.922558],[4.463567,51.922606],[4.4661,51.922458]]}},{"type":"Feature","properties":{"mode":"bus","n":7,"arr":["11","16","ret:3","ret:4","ret:5","ret:7","ret:44"],"lines":"11, 16, 3, 4, 5, 7, 44"},"geometry":{"type":"LineString","coordinates":[[4.463349,51.919098],[4.463334,51.918959]]}},{"type":"Feature","properties":{"mode":"bus","n":8,"arr":["11","16","N60","ret:3","ret:4","ret:5","ret:7","ret:44"],"lines":"11, 16, N60, 3, 4, 5, 7, 44"},"geometry":{"type":"LineString","coordinates":[[4.463178,51.919067],[4.463255,51.919752],[4.463178,51.919846],[4.463156,51.920309],[4.463049,51.921073],[4.462874,51.92175],[4.462622,51.922481]]}},{"type":"Feature","properties":{"mode":"bus","n":8,"arr":["11","16","N60","ret:3","ret:4","ret:5","ret:7","ret:44"],"lines":"11, 16, N60, 3, 4, 5, 7, 44"},"geometry":{"type":"LineString","coordinates":[[4.463505,51.914848],[4.463133,51.9157],[4.462995,51.916207],[4.462974,51.916486],[4.462995,51.916965],[4.463202,51.918051],[4.463146,51.918179],[4.463334,51.918959]]}},{"type":"Feature","properties":{"mode":"bus","n":5,"arr":["11","16","ret:4","ret:5","ret:7"],"lines":"11, 16, 4, 5, 7"},"geometry":{"type":"LineString","coordinates":[[4.463349,51.919098],[4.463178,51.919067]]}},{"type":"Feature","properties":{"mode":"bus","n":5,"arr":["11","16","ret:4","ret:5","ret:7"],"lines":"11, 16, 4, 5, 7"},"geometry":{"type":"LineString","coordinates":[[4.468745,51.91386],[4.468636,51.913826],[4.466923,51.912728],[4.466456,51.912585]]}},{"type":"Feature","properties":{"mode":"bus","n":5,"arr":["11","16","ret:4","ret:5","ret:7"],"lines":"11, 16, 4, 5, 7"},"geometry":{"type":"LineString","coordinates":[[4.469288,51.91415],[4.469188,51.914082]]}},{"type":"Feature","properties":{"mode":"bus","n":5,"arr":["11","16","ret:4","ret:5","ret:7"],"lines":"11, 16, 4, 5, 7"},"geometry":{"type":"LineString","coordinates":[[4.479828,51.917426],[4.478781,51.917248],[4.478516,51.91725]]}},{"type":"Feature","properties":{"mode":"bus","n":10,"arr":["11","16","32","N60","ret:3","ret:4","ret:5","ret:7","ret:8","ret:44"],"lines":"11, 16, 32, N60, 3, 4, 5, 7, 8, 44"},"geometry":{"type":"LineString","coordinates":[[4.463748,51.911822],[4.46365,51.912005],[4.463712,51.912148],[4.463734,51.912418],[4.463858,51.912793],[4.463905,51.913093],[4.463903,51.913405],[4.463832,51.91382]]}},{"type":"Feature","properties":{"mode":"bus","n":9,"arr":["11","16","32","N60","ret:3","ret:4","ret:5","ret:7","ret:44"],"lines":"11, 16, 32, N60, 3, 4, 5, 7, 44"},"geometry":{"type":"LineString","coordinates":[[4.463505,51.914848],[4.463729,51.914278],[4.463832,51.91382]]}},{"type":"Feature","properties":{"mode":"bus","n":9,"arr":["11","16","32","N60","ret:4","ret:5","ret:7","ret:8","ret:44"],"lines":"11, 16, 32, N60, 4, 5, 7, 8, 44"},"geometry":{"type":"LineString","coordinates":[[4.463812,51.911695],[4.463748,51.911822]]}},{"type":"Feature","properties":{"mode":"bus","n":6,"arr":["11","16","32","ret:4","ret:5","ret:7"],"lines":"11, 16, 32, 4, 5, 7"},"geometry":{"type":"LineString","coordinates":[[4.466456,51.912585],[4.463812,51.911695]]}},{"type":"Feature","properties":{"mode":"bus","n":6,"arr":["11","16","32","ret:4","ret:5","ret:7"],"lines":"11, 16, 32, 4, 5, 7"},"geometry":{"type":"LineString","coordinates":[[4.469188,51.914082],[4.468745,51.91386]]}},{"type":"Feature","properties":{"mode":"bus","n":6,"arr":["11","16","32","ret:4","ret:5","ret:7"],"lines":"11, 16, 32, 4, 5, 7"},"geometry":{"type":"LineString","coordinates":[[4.478516,51.91725],[4.477147,51.916875],[4.475369,51.916506],[4.473416,51.91614],[4.472514,51.915907],[4.472033,51.915747],[4.471047,51.915321],[4.470012,51.914659],[4.469288,51.91415]]}},{"type":"Feature","properties":{"mode":"bus","n":6,"arr":["11","ret:7","ret:44","ret:67","ret:70","ret:567"],"lines":"11, 7, 44, 67, 70, 567"},"geometry":{"type":"LineString","coordinates":[[4.474328,51.885777],[4.47273,51.885854]]}},{"type":"Feature","properties":{"mode":"bus","n":6,"arr":["11","ret:7","ret:44","ret:67","ret:70","ret:567"],"lines":"11, 7, 44, 67, 70, 567"},"geometry":{"type":"LineString","coordinates":[[4.487337,51.885198],[4.486963,51.885209],[4.486504,51.885292],[4.482341,51.886258],[4.482126,51.886296],[4.481771,51.886306]]}},{"type":"Feature","properties":{"mode":"bus","n":5,"arr":["11","ret:7","ret:44","ret:67","ret:70"],"lines":"11, 7, 44, 67, 70"},"geometry":{"type":"LineString","coordinates":[[4.481771,51.886306],[4.475829,51.885723],[4.475358,51.885725],[4.474328,51.885777]]}},{"type":"Feature","properties":{"mode":"bus","n":21,"arr":["11","68","82","92","142","143","146","283","290","462","471","ret:7","ret:44","ret:69","ret:70","ret:72","ret:84","ret:144","ret:183","ret:187","tdev:461"],"lines":"11, 68, 82, 92, 142, 143, 146, 283, 290, 462, 471, 7, 44, 69, 70, 72, 84, 144, 183, 187, 461"},"geometry":{"type":"LineString","coordinates":[[4.487587,51.884667],[4.487557,51.884935],[4.487337,51.885198]]}},{"type":"Feature","properties":{"mode":"bus","n":11,"arr":["11","142","143","146","290","ret:7","ret:44","ret:70","ret:84","ret:144","ret:187"],"lines":"11, 142, 143, 146, 290, 7, 44, 70, 84, 144, 187"},"geometry":{"type":"LineString","coordinates":[[4.487777,51.884652],[4.487587,51.884667]]}},{"type":"Feature","properties":{"mode":"bus","n":17,"arr":["11","68","82","142","143","146","283","290","ret:7","ret:44","ret:69","ret:70","ret:84","ret:144","ret:183","ret:187","ret:668"],"lines":"11, 68, 82, 142, 143, 146, 283, 290, 7, 44, 69, 70, 84, 144, 183, 187, 668"},"geometry":{"type":"LineString","coordinates":[[4.488566,51.884686],[4.487777,51.884652]]}},{"type":"Feature","properties":{"mode":"bus","n":15,"arr":["11","68","82","92","283","462","471","491","ret:7","ret:44","ret:69","ret:70","ret:183","ret:668","tdev:461"],"lines":"11, 68, 82, 92, 283, 462, 471, 491, 7, 44, 69, 70, 183, 668, 461"},"geometry":{"type":"LineString","coordinates":[[4.488942,51.885973],[4.488557,51.885297],[4.488566,51.884686]]}},{"type":"Feature","properties":{"mode":"bus","n":13,"arr":["11","68","82","92","283","462","471","491","ret:69","ret:70","ret:183","ret:668","tdev:461"],"lines":"11, 68, 82, 92, 283, 462, 471, 491, 69, 70, 183, 668, 461"},"geometry":{"type":"LineString","coordinates":[[4.488885,51.887333],[4.48824,51.886347],[4.488201,51.886215],[4.488201,51.886199],[4.48821,51.886186],[4.488227,51.886176],[4.488289,51.886149],[4.488814,51.886038],[4.488913,51.886006],[4.488942,51.885973]]}},{"type":"Feature","properties":{"mode":"bus","n":16,"arr":["11","68","77","82","92","283","462","471","491","ret:66","ret:69","ret:70","ret:75","ret:183","ret:668","tdev:461"],"lines":"11, 68, 77, 82, 92, 283, 462, 471, 491, 66, 69, 70, 75, 183, 668, 461"},"geometry":{"type":"LineString","coordinates":[[4.488939,51.887424],[4.488885,51.887333]]}},{"type":"Feature","properties":{"mode":"bus","n":21,"arr":["11","68","82","92","142","143","146","283","290","462","471","491","ret:69","ret:70","ret:76","ret:84","ret:144","ret:183","ret:187","ret:668","tdev:461"],"lines":"11, 68, 82, 92, 142, 143, 146, 283, 290, 462, 471, 491, 69, 70, 76, 84, 144, 183, 187, 668, 461"},"geometry":{"type":"LineString","coordinates":[[4.488939,51.887424],[4.488908,51.887478],[4.488968,51.887595]]}},{"type":"Feature","properties":{"mode":"bus","n":5,"arr":["82","283","ret:84","ret:183","ret:187"],"lines":"82, 283, 84, 183, 187"},"geometry":{"type":"LineString","coordinates":[[4.489018,51.887601],[4.48909,51.88761]]}},{"type":"Feature","properties":{"mode":"bus","n":6,"arr":["11","82","283","ret:84","ret:183","ret:187"],"lines":"11, 82, 283, 84, 183, 187"},"geometry":{"type":"LineString","coordinates":[[4.488968,51.887595],[4.489018,51.887601]]}},{"type":"Feature","properties":{"mode":"bus","n":9,"arr":["11","68","82","283","ret:7","ret:69","ret:70","ret:183","ret:668"],"lines":"11, 68, 82, 283, 7, 69, 70, 183, 668"},"geometry":{"type":"LineString","coordinates":[[4.477908,51.873912],[4.478535,51.876495],[4.478675,51.877328],[4.478812,51.87772],[4.478995,51.878058],[4.479409,51.879537],[4.479617,51.880081],[4.480039,51.880947],[4.480361,51.881425],[4.480785,51.881905],[4.481182,51.882306],[4.481678,51.882703],[4.482326,51.883128],[4.48276,51.883388],[4.483844,51.883878],[4.484872,51.884241],[4.485336,51.884362],[4.485907,51.884475],[4.48679,51.884587],[4.487588,51.884601],[4.487777,51.884652]]}},{"type":"Feature","properties":{"mode":"bus","n":6,"arr":["11","82","283","ret:70","ret:183","ret:668"],"lines":"11, 82, 283, 70, 183, 668"},"geometry":{"type":"LineString","coordinates":[[4.477892,51.873823],[4.477908,51.873912]]}},{"type":"Feature","properties":{"mode":"bus","n":8,"arr":["11","145","283","516","603","716","717","ret:84"],"lines":"11, 145, 283, 516, 603, 716, 717, 84"},"geometry":{"type":"LineString","coordinates":[[4.548685,51.852222],[4.547943,51.852149],[4.547396,51.852161],[4.547268,51.852145]]}},{"type":"Feature","properties":{"mode":"bus","n":8,"arr":["11","145","283","516","603","716","717","ret:84"],"lines":"11, 145, 283, 516, 603, 716, 717, 84"},"geometry":{"type":"LineString","coordinates":[[4.552157,51.854535],[4.552281,51.854408]]}},{"type":"Feature","properties":{"mode":"bus","n":5,"arr":["145","283","603","717","ret:84"],"lines":"145, 283, 603, 717, 84"},"geometry":{"type":"LineString","coordinates":[[4.549418,51.852301],[4.549313,51.85231],[4.54908,51.852286]]}},{"type":"Feature","properties":{"mode":"bus","n":5,"arr":["145","283","603","717","ret:84"],"lines":"145, 283, 603, 717, 84"},"geometry":{"type":"LineString","coordinates":[[4.553132,51.853611],[4.552281,51.854408]]}},{"type":"Feature","properties":{"mode":"bus","n":6,"arr":["11","145","283","603","717","ret:84"],"lines":"11, 145, 283, 603, 717, 84"},"geometry":{"type":"LineString","coordinates":[[4.54908,51.852286],[4.548782,51.852255],[4.548685,51.852222]]}},{"type":"Feature","properties":{"mode":"bus","n":5,"arr":["11","145","283","603","ret:84"],"lines":"11, 145, 283, 603, 84"},"geometry":{"type":"LineString","coordinates":[[4.551387,51.85429],[4.550359,51.854152],[4.550329,51.854144],[4.550313,51.854129],[4.550314,51.854109],[4.550682,51.852982],[4.550684,51.852966],[4.550677,51.852954],[4.550661,51.852946],[4.550636,51.852941],[4.548987,51.852757],[4.548962,51.852752],[4.548946,51.852744],[4.548939,51.852732],[4.54894,51.852716],[4.54908,51.852286]]}},{"type":"Feature","properties":{"mode":"bus","n":6,"arr":["11","145","516","603","716","ret:84"],"lines":"11, 145, 516, 603, 716, 84"},"geometry":{"type":"LineString","coordinates":[[4.552281,51.854408],[4.551387,51.85429]]}},{"type":"Feature","properties":{"mode":"bus","n":5,"arr":["11","145","516","716","ret:84"],"lines":"11, 145, 516, 716, 84"},"geometry":{"type":"LineString","coordinates":[[4.551869,51.854827],[4.552157,51.854535]]}},{"type":"Feature","properties":{"mode":"bus","n":5,"arr":["145","516","608","609","716"],"lines":"145, 516, 608, 609, 716"},"geometry":{"type":"LineString","coordinates":[[4.551829,51.854837],[4.551869,51.854827]]}},{"type":"Feature","properties":{"mode":"bus","n":6,"arr":["11","145","516","603","716","717"],"lines":"11, 145, 516, 603, 716, 717"},"geometry":{"type":"LineString","coordinates":[[4.547268,51.852145],[4.547228,51.852211],[4.547126,51.852275],[4.546987,51.852301],[4.544964,51.853165]]}},{"type":"Feature","properties":{"mode":"bus","n":6,"arr":["11","145","516","603","716","717"],"lines":"11, 145, 516, 603, 716, 717"},"geometry":{"type":"LineString","coordinates":[[4.544211,51.853488],[4.542713,51.854126]]}},{"type":"Feature","properties":{"mode":"bus","n":5,"arr":["11","145","516","603","716"],"lines":"11, 145, 516, 603, 716"},"geometry":{"type":"LineString","coordinates":[[4.544964,51.853165],[4.544615,51.853342],[4.544211,51.853488]]}},{"type":"Feature","properties":{"mode":"bus","n":6,"arr":["11","145","516","603","716","ret:183"],"lines":"11, 145, 516, 603, 716, 183"},"geometry":{"type":"LineString","coordinates":[[4.541959,51.854519],[4.539534,51.856057]]}},{"type":"Feature","properties":{"mode":"bus","n":5,"arr":["11","145","516","716","ret:183"],"lines":"11, 145, 516, 716, 183"},"geometry":{"type":"LineString","coordinates":[[4.539534,51.856057],[4.539061,51.85636],[4.538634,51.856483],[4.538276,51.856653],[4.538029,51.856715],[4.537505,51.856729]]}},{"type":"Feature","properties":{"mode":"bus","n":5,"arr":["11","146","ret:84","ret:183","ret:187"],"lines":"11, 146, 84, 183, 187"},"geometry":{"type":"LineString","coordinates":[[4.532046,51.870537],[4.529898,51.871303]]}},{"type":"Feature","properties":{"mode":"bus","n":5,"arr":["11","146","ret:84","ret:183","ret:187"],"lines":"11, 146, 84, 183, 187"},"geometry":{"type":"LineString","coordinates":[[4.528026,51.871988],[4.524716,51.873196],[4.524483,51.873355],[4.524158,51.873708]]}},{"type":"Feature","properties":{"mode":"bus","n":10,"arr":["11","92","142","143","290","ret:70","ret:84","ret:144","ret:187","tdev:163"],"lines":"11, 92, 142, 143, 290, 70, 84, 144, 187, 163"},"geometry":{"type":"LineString","coordinates":[[4.517054,51.87699],[4.516061,51.876925],[4.513275,51.876802]]}},{"type":"Feature","properties":{"mode":"bus","n":9,"arr":["11","92","142","143","290","ret:84","ret:144","ret:187","tdev:163"],"lines":"11, 92, 142, 143, 290, 84, 144, 187, 163"},"geometry":{"type":"LineString","coordinates":[[4.513275,51.876802],[4.512763,51.876739],[4.512376,51.876619],[4.512029,51.876397],[4.511355,51.875841]]}},{"type":"Feature","properties":{"mode":"bus","n":8,"arr":["11","92","142","143","290","ret:84","ret:144","ret:187"],"lines":"11, 92, 142, 143, 290, 84, 144, 187"},"geometry":{"type":"LineString","coordinates":[[4.511355,51.875841],[4.511114,51.875695],[4.510855,51.875609],[4.510587,51.87561],[4.510415,51.87565]]}},{"type":"Feature","properties":{"mode":"bus","n":13,"arr":["11","92","142","143","146","290","462","471","N60","ret:84","ret:144","ret:187","tdev:461"],"lines":"11, 92, 142, 143, 146, 290, 462, 471, N60, 84, 144, 187, 461"},"geometry":{"type":"LineString","coordinates":[[4.510415,51.87565],[4.506658,51.877286],[4.505683,51.877735],[4.504952,51.878109],[4.504416,51.878422],[4.503616,51.878965],[4.501734,51.880356],[4.501295,51.880631],[4.500394,51.881337],[4.4989,51.88244],[4.498264,51.88285],[4.497985,51.882986],[4.497157,51.883309],[4.493938,51.884271],[4.493565,51.884393],[4.492724,51.884741]]}},{"type":"Feature","properties":{"mode":"bus","n":12,"arr":["11","92","142","143","146","290","462","471","ret:84","ret:144","ret:187","tdev:461"],"lines":"11, 92, 142, 143, 146, 290, 462, 471, 84, 144, 187, 461"},"geometry":{"type":"LineString","coordinates":[[4.492724,51.884741],[4.492422,51.884831],[4.492071,51.884986],[4.491935,51.885027],[4.491791,51.88504],[4.491515,51.885013],[4.491111,51.88489],[4.490585,51.884764],[4.490121,51.884708],[4.489671,51.884684]]}},{"type":"Feature","properties":{"mode":"bus","n":8,"arr":["11","142","143","146","290","ret:84","ret:144","ret:187"],"lines":"11, 142, 143, 146, 290, 84, 144, 187"},"geometry":{"type":"LineString","coordinates":[[4.489671,51.884684],[4.489408,51.884704],[4.48874,51.884691],[4.488714,51.884693],[4.488696,51.884699],[4.488685,51.88471],[4.488681,51.884726],[4.488689,51.885325],[4.489042,51.885944],[4.489035,51.886018]]}},{"type":"Feature","properties":{"mode":"bus","n":14,"arr":["11","77","142","143","146","290","ret:7","ret:44","ret:66","ret:70","ret:75","ret:84","ret:144","ret:187"],"lines":"11, 77, 142, 143, 146, 290, 7, 44, 66, 70, 75, 84, 144, 187"},"geometry":{"type":"LineString","coordinates":[[4.489035,51.886018],[4.488974,51.886062],[4.488739,51.886132],[4.488708,51.886176]]}},{"type":"Feature","properties":{"mode":"bus","n":5,"arr":["11","77","ret:66","ret:75","ret:76"],"lines":"11, 77, 66, 75, 76"},"geometry":{"type":"LineString","coordinates":[[4.489425,51.887302],[4.488708,51.886176]]}},{"type":"Feature","properties":{"mode":"bus","n":5,"arr":["11","77","ret:66","ret:75","ret:76"],"lines":"11, 77, 66, 75, 76"},"geometry":{"type":"LineString","coordinates":[[4.49003,51.887378],[4.489935,51.887248]]}},{"type":"Feature","properties":{"mode":"bus","n":15,"arr":["11","77","142","143","146","290","ret:7","ret:44","ret:66","ret:70","ret:75","ret:76","ret:84","ret:144","ret:187"],"lines":"11, 77, 142, 143, 146, 290, 7, 44, 66, 70, 75, 76, 84, 144, 187"},"geometry":{"type":"LineString","coordinates":[[4.488708,51.886176],[4.488498,51.886261],[4.488395,51.886275],[4.488372,51.886281],[4.488359,51.886289],[4.488355,51.886301],[4.48836,51.886316],[4.48907,51.887442]]}},{"type":"Feature","properties":{"mode":"bus","n":13,"arr":["11","77","142","143","146","290","ret:66","ret:70","ret:75","ret:76","ret:84","ret:144","ret:187"],"lines":"11, 77, 142, 143, 146, 290, 66, 70, 75, 76, 84, 144, 187"},"geometry":{"type":"LineString","coordinates":[[4.48907,51.887442],[4.488939,51.887424]]}},{"type":"Feature","properties":{"mode":"bus","n":14,"arr":["11","19","N60","ret:2","ret:3","ret:4","ret:5","ret:8","ret:9","ret:10","ret:13","ret:33","ret:38","ret:40"],"lines":"11, 19, N60, 2, 3, 4, 5, 8, 9, 10, 13, 33, 38, 40"},"geometry":{"type":"LineString","coordinates":[[4.466103,51.922564],[4.463949,51.92271],[4.463431,51.922712],[4.462941,51.922665]]}},{"type":"Feature","properties":{"mode":"bus","n":9,"arr":["11","16","19","N60","ret:2","ret:3","ret:4","ret:38","ret:44"],"lines":"11, 16, 19, N60, 2, 3, 4, 38, 44"},"geometry":{"type":"LineString","coordinates":[[4.466979,51.923539],[4.466142,51.923538]]}},{"type":"Feature","properties":{"mode":"bus","n":11,"arr":["12","73","244","481","568","conn:2","conn:3","conn:14","conn:385","N30","N80"],"lines":"12, 73, 244, 481, 568, 2, 3, 14, 385, N30, N80"},"geometry":{"type":"LineString","coordinates":[[4.648302,52.423497],[4.64816,52.423855],[4.648059,52.424016],[4.647611,52.424558]]}},{"type":"Feature","properties":{"mode":"bus","n":10,"arr":["12","73","244","481","568","conn:2","conn:14","conn:385","N30","N80"],"lines":"12, 73, 244, 481, 568, 2, 14, 385, N30, N80"},"geometry":{"type":"LineString","coordinates":[[4.647611,52.424558],[4.647248,52.424566]]}},{"type":"Feature","properties":{"mode":"bus","n":7,"arr":["12","481","568","conn:2","conn:14","conn:385","N30"],"lines":"12, 481, 568, 2, 14, 385, N30"},"geometry":{"type":"LineString","coordinates":[[4.647133,52.424493],[4.647248,52.424566]]}},{"type":"Feature","properties":{"mode":"bus","n":11,"arr":["12","73","244","481","conn:2","conn:3","conn:14","conn:385","conn:569","N30","N80"],"lines":"12, 73, 244, 481, 2, 3, 14, 385, 569, N30, N80"},"geometry":{"type":"LineString","coordinates":[[4.648521,52.422599],[4.648526,52.422789],[4.648302,52.423497]]}},{"type":"Feature","properties":{"mode":"bus","n":7,"arr":["19","N60","ret:1","ret:2","ret:3","ret:38","ret:44"],"lines":"19, N60, 1, 2, 3, 38, 44"},"geometry":{"type":"LineString","coordinates":[[4.467836,51.923601],[4.467406,51.923544]]}},{"type":"Feature","properties":{"mode":"bus","n":8,"arr":["16","19","N60","ret:1","ret:2","ret:3","ret:38","ret:44"],"lines":"16, 19, N60, 1, 2, 3, 38, 44"},"geometry":{"type":"LineString","coordinates":[[4.467406,51.923544],[4.466979,51.923539]]}},{"type":"Feature","properties":{"mode":"bus","n":5,"arr":["16","142","143","ret:76","ret:144"],"lines":"16, 142, 143, 76, 144"},"geometry":{"type":"LineString","coordinates":[[4.556272,51.885041],[4.557896,51.884787]]}},{"type":"Feature","properties":{"mode":"bus","n":5,"arr":["16","142","143","290","ret:144"],"lines":"16, 142, 143, 290, 144"},"geometry":{"type":"LineString","coordinates":[[4.563138,51.88497],[4.561294,51.884623],[4.560397,51.884581],[4.55953,51.884629],[4.557564,51.88491],[4.557132,51.884945],[4.556589,51.885024],[4.556272,51.885041]]}},{"type":"Feature","properties":{"mode":"bus","n":7,"arr":["16","142","143","145","290","489","ret:144"],"lines":"16, 142, 143, 145, 290, 489, 144"},"geometry":{"type":"LineString","coordinates":[[4.571287,51.886178],[4.569364,51.886043],[4.568033,51.885916],[4.567504,51.885844],[4.566302,51.885581],[4.565544,51.885454],[4.563138,51.88497]]}},{"type":"Feature","properties":{"mode":"bus","n":5,"arr":["16","143","145","146","ret:144"],"lines":"16, 143, 145, 146, 144"},"geometry":{"type":"LineString","coordinates":[[4.604261,51.865997],[4.604532,51.866373],[4.604767,51.866631],[4.60529,51.867058]]}},{"type":"Feature","properties":{"mode":"bus","n":5,"arr":["16","143","145","290","489"],"lines":"16, 143, 145, 290, 489"},"geometry":{"type":"LineString","coordinates":[[4.592843,51.880459],[4.59012,51.882364],[4.589297,51.882873],[4.588866,51.883104],[4.58796,51.883515],[4.58422,51.885121],[4.583527,51.885397],[4.582897,51.885597],[4.582011,51.885816],[4.581658,51.885883],[4.578865,51.886328],[4.577822,51.88645],[4.577359,51.886478],[4.57665,51.886488],[4.5759,51.886459],[4.571287,51.886178]]}},{"type":"Feature","properties":{"mode":"bus","n":10,"arr":["18","48","gvb:21","gvb:22","N47","N57","N81","N84","N88","N97"],"lines":"18, 48, 21, 22, N47, N57, N81, N84, N88, N97"},"geometry":{"type":"LineString","coordinates":[[4.896798,52.381141],[4.897155,52.380951],[4.901369,52.379407]]}},{"type":"Feature","properties":{"mode":"bus","n":14,"arr":["18","48","800","gvb:21","gvb:22","N19","N47","N57","N81","N82","N83","N84","N88","N97"],"lines":"18, 48, 800, 21, 22, N19, N47, N57, N81, N82, N83, N84, N88, N97"},"geometry":{"type":"LineString","coordinates":[[4.896798,52.381141],[4.897111,52.38106],[4.897252,52.381001]]}},{"type":"Feature","properties":{"mode":"bus","n":8,"arr":["48","800","N19","N47","N57","N81","N82","N97"],"lines":"48, 800, N19, N47, N57, N81, N82, N97"},"geometry":{"type":"LineString","coordinates":[[4.897252,52.381001],[4.89878,52.380447]]}},{"type":"Feature","properties":{"mode":"bus","n":12,"arr":["18","48","800","gvb:21","gvb:22","N47","N57","N81","N83","N84","N88","N97"],"lines":"18, 48, 800, 21, 22, N47, N57, N81, N83, N84, N88, N97"},"geometry":{"type":"LineString","coordinates":[[4.896966,52.381207],[4.897111,52.38106]]}},{"type":"Feature","properties":{"mode":"bus","n":11,"arr":["18","48","800","gvb:21","gvb:22","N47","N57","N81","N84","N88","N97"],"lines":"18, 48, 800, 21, 22, N47, N57, N81, N84, N88, N97"},"geometry":{"type":"LineString","coordinates":[[4.896966,52.381207],[4.896558,52.381437]]}},{"type":"Feature","properties":{"mode":"bus","n":6,"arr":["18","gvb:21","gvb:22","N81","N84","N88"],"lines":"18, 21, 22, N81, N84, N88"},"geometry":{"type":"LineString","coordinates":[[4.896558,52.381437],[4.896445,52.381482],[4.896298,52.3815]]}},{"type":"Feature","properties":{"mode":"bus","n":6,"arr":["18","gvb:21","gvb:22","N81","N84","N88"],"lines":"18, 21, 22, N81, N84, N88"},"geometry":{"type":"LineString","coordinates":[[4.893548,52.380902],[4.892983,52.381055]]}},{"type":"Feature","properties":{"mode":"bus","n":9,"arr":["18","gvb:21","gvb:22","N47","N57","N81","N84","N88","N97"],"lines":"18, 21, 22, N47, N57, N81, N84, N88, N97"},"geometry":{"type":"LineString","coordinates":[[4.896298,52.3815],[4.896183,52.381472],[4.896138,52.381432],[4.895972,52.380831],[4.895398,52.380269],[4.895181,52.380112],[4.895061,52.380085],[4.894868,52.380087],[4.894764,52.380138],[4.894728,52.380163],[4.894712,52.380196],[4.894677,52.380388],[4.894569,52.380495],[4.8939,52.380794],[4.893548,52.380902]]}},{"type":"Feature","properties":{"mode":"bus","n":8,"arr":["18","gvb:21","gvb:22","N81","N82","N83","N84","N88"],"lines":"18, 21, 22, N81, N82, N83, N84, N88"},"geometry":{"type":"LineString","coordinates":[[4.888301,52.383019],[4.889795,52.38237],[4.891547,52.381533],[4.891781,52.381439],[4.892983,52.381055]]}},{"type":"Feature","properties":{"mode":"bus","n":11,"arr":["18","gvb:21","gvb:22","N47","N57","N81","N82","N83","N84","N88","N97"],"lines":"18, 21, 22, N47, N57, N81, N82, N83, N84, N88, N97"},"geometry":{"type":"LineString","coordinates":[[4.88339,52.38479],[4.883714,52.385203],[4.883809,52.385284],[4.884044,52.385317],[4.884356,52.385242],[4.885054,52.384877],[4.887438,52.38354],[4.888037,52.383147],[4.888301,52.383019]]}},{"type":"Feature","properties":{"mode":"bus","n":7,"arr":["18","gvb:21","gvb:22","N81","N82","N83","N84"],"lines":"18, 21, 22, N81, N82, N83, N84"},"geometry":{"type":"LineString","coordinates":[[4.883238,52.38465],[4.88339,52.38479]]}},{"type":"Feature","properties":{"mode":"bus","n":7,"arr":["18","gvb:21","gvb:22","N81","N82","N83","N84"],"lines":"18, 21, 22, N81, N82, N83, N84"},"geometry":{"type":"LineString","coordinates":[[4.892983,52.381055],[4.893865,52.380771],[4.894515,52.380472],[4.894588,52.380401],[4.894619,52.380317],[4.894641,52.379934],[4.894657,52.379898],[4.89475,52.379857]]}},{"type":"Feature","properties":{"mode":"bus","n":7,"arr":["18","gvb:21","gvb:22","N81","N82","N83","N84"],"lines":"18, 21, 22, N81, N82, N83, N84"},"geometry":{"type":"LineString","coordinates":[[4.894995,52.379873],[4.895416,52.38019]]}},{"type":"Feature","properties":{"mode":"bus","n":5,"arr":["18","gvb:21","N47","N82","N97"],"lines":"18, 21, N47, N82, N97"},"geometry":{"type":"LineString","coordinates":[[4.883183,52.384599],[4.883238,52.38465]]}},{"type":"Feature","properties":{"mode":"bus","n":5,"arr":["18","195","gvb:62","gvb:63","N83"],"lines":"18, 195, 62, 63, N83"},"geometry":{"type":"LineString","coordinates":[[4.827316,52.356223],[4.827436,52.356225]]}},{"type":"Feature","properties":{"mode":"bus","n":5,"arr":["N47","N57","N83","N84","N97"],"lines":"N47, N57, N83, N84, N97"},"geometry":{"type":"LineString","coordinates":[[4.877537,52.378302],[4.877728,52.37855]]}},{"type":"Feature","properties":{"mode":"bus","n":5,"arr":["N47","N57","N83","N84","N97"],"lines":"N47, N57, N83, N84, N97"},"geometry":{"type":"LineString","coordinates":[[4.877761,52.37861],[4.878624,52.379925],[4.879294,52.381056],[4.879324,52.3812],[4.879249,52.381563]]}},{"type":"Feature","properties":{"mode":"bus","n":5,"arr":["N47","N57","N83","N84","N97"],"lines":"N47, N57, N83, N84, N97"},"geometry":{"type":"LineString","coordinates":[[4.879191,52.382192],[4.880013,52.382555],[4.880256,52.38271],[4.880358,52.382829],[4.881337,52.384348],[4.881452,52.384471],[4.881558,52.384996]]}},{"type":"Feature","properties":{"mode":"bus","n":7,"arr":["18","N47","N57","N82","N83","N84","N97"],"lines":"18, N47, N57, N82, N83, N84, N97"},"geometry":{"type":"LineString","coordinates":[[4.877728,52.37855],[4.877761,52.37861]]}},{"type":"Feature","properties":{"mode":"bus","n":6,"arr":["18","gvb:21","gvb:22","N81","N83","N84"],"lines":"18, 21, 22, N81, N83, N84"},"geometry":{"type":"LineString","coordinates":[[4.89475,52.379857],[4.894854,52.379849]]}},{"type":"Feature","properties":{"mode":"bus","n":5,"arr":["18","gvb:21","gvb:22","N83","N84"],"lines":"18, 21, 22, N83, N84"},"geometry":{"type":"LineString","coordinates":[[4.894795,52.379769],[4.894854,52.379849]]}},{"type":"Feature","properties":{"mode":"bus","n":5,"arr":["18","gvb:21","gvb:22","N83","N84"],"lines":"18, 21, 22, N83, N84"},"geometry":{"type":"LineString","coordinates":[[4.89892,52.380481],[4.896966,52.381207]]}},{"type":"Feature","properties":{"mode":"bus","n":5,"arr":["18","N81","N82","N83","N84"],"lines":"18, N81, N82, N83, N84"},"geometry":{"type":"LineString","coordinates":[[4.894765,52.379819],[4.89475,52.379857]]}},{"type":"Feature","properties":{"mode":"bus","n":10,"arr":["18","gvb:21","gvb:22","N47","N57","N81","N82","N83","N84","N97"],"lines":"18, 21, 22, N47, N57, N81, N82, N83, N84, N97"},"geometry":{"type":"LineString","coordinates":[[4.895416,52.38019],[4.896107,52.380864],[4.896288,52.381464]]}},{"type":"Feature","properties":{"mode":"bus","n":13,"arr":["18","48","800","gvb:21","gvb:22","N19","N47","N57","N81","N82","N83","N84","N97"],"lines":"18, 48, 800, 21, 22, N19, N47, N57, N81, N82, N83, N84, N97"},"geometry":{"type":"LineString","coordinates":[[4.896288,52.381464],[4.896798,52.381141]]}},{"type":"Feature","properties":{"mode":"bus","n":7,"arr":["18","gvb:21","gvb:22","gvb:42","gvb:43","N83","N84"],"lines":"18, 21, 22, 42, 43, N83, N84"},"geometry":{"type":"LineString","coordinates":[[4.902805,52.379064],[4.89892,52.380481]]}},{"type":"Feature","properties":{"mode":"bus","n":8,"arr":["19","N60","ret:2","ret:9","ret:13","ret:33","ret:38","ret:40"],"lines":"19, N60, 2, 9, 13, 33, 38, 40"},"geometry":{"type":"LineString","coordinates":[[4.462573,51.92259],[4.462941,51.922665]]}},{"type":"Feature","properties":{"mode":"bus","n":6,"arr":["19","105","826","ebs:102","ebs:456","ret:9"],"lines":"19, 105, 826, 102, 456, 9"},"geometry":{"type":"LineString","coordinates":[[4.409074,51.921376],[4.409667,51.921241]]}},{"type":"Feature","properties":{"mode":"bus","n":11,"arr":["19","52","105","126","826","ebs:102","ebs:456","ret:9","ret:51","ret:53","ret:54"],"lines":"19, 52, 105, 126, 826, 102, 456, 9, 51, 53, 54"},"geometry":{"type":"LineString","coordinates":[[4.403355,51.922913],[4.405353,51.922362],[4.406417,51.922018],[4.409074,51.921376]]}},{"type":"Feature","properties":{"mode":"bus","n":9,"arr":["19","52","105","ebs:102","ebs:456","ret:2","ret:3","ret:9","ret:53"],"lines":"19, 52, 105, 102, 456, 2, 3, 9, 53"},"geometry":{"type":"LineString","coordinates":[[4.40361,51.923517],[4.403355,51.922913]]}},{"type":"Feature","properties":{"mode":"bus","n":6,"arr":["52","105","ebs:102","ebs:456","ret:3","ret:53"],"lines":"52, 105, 102, 456, 3, 53"},"geometry":{"type":"LineString","coordinates":[[4.40427,51.927513],[4.404485,51.926999],[4.404644,51.926322],[4.404534,51.925396],[4.404455,51.925087],[4.404355,51.924853],[4.403975,51.924297],[4.40361,51.923517]]}},{"type":"Feature","properties":{"mode":"bus","n":5,"arr":["19","52","ret:2","ret:9","ret:53"],"lines":"19, 52, 2, 9, 53"},"geometry":{"type":"LineString","coordinates":[[4.403455,51.923544],[4.40361,51.923517]]}},{"type":"Feature","properties":{"mode":"bus","n":8,"arr":["19","52","105","ebs:102","ebs:456","ret:2","ret:9","ret:53"],"lines":"19, 52, 105, 102, 456, 2, 9, 53"},"geometry":{"type":"LineString","coordinates":[[4.404052,51.92487],[4.403855,51.924363],[4.403455,51.923544]]}},{"type":"Feature","properties":{"mode":"bus","n":5,"arr":["19","105","ebs:102","ebs:456","ret:9"],"lines":"19, 105, 102, 456, 9"},"geometry":{"type":"LineString","coordinates":[[4.348353,51.92231],[4.359357,51.924941],[4.361138,51.925301],[4.36188,51.925412],[4.362838,51.925503],[4.363357,51.925545],[4.364692,51.9256],[4.372124,51.925761],[4.374703,51.925854],[4.378044,51.926015],[4.394214,51.927097],[4.394695,51.927192],[4.396728,51.927314],[4.398967,51.927418],[4.400046,51.927443],[4.40056,51.927426],[4.402032,51.927239],[4.402694,51.92713],[4.402899,51.927121],[4.403178,51.927137],[4.404025,51.927344]]}},{"type":"Feature","properties":{"mode":"bus","n":5,"arr":["19","105","ebs:102","ebs:456","ret:9"],"lines":"19, 105, 102, 456, 9"},"geometry":{"type":"LineString","coordinates":[[4.342682,51.920811],[4.351089,51.922823]]}},{"type":"Feature","properties":{"mode":"bus","n":6,"arr":["19","105","825","ebs:102","ebs:456","ret:9"],"lines":"19, 105, 825, 102, 456, 9"},"geometry":{"type":"LineString","coordinates":[[4.335422,51.919227],[4.348353,51.92231]]}},{"type":"Feature","properties":{"mode":"bus","n":8,"arr":["19","105","126","825","826","ebs:102","ebs:456","ret:9"],"lines":"19, 105, 126, 825, 826, 102, 456, 9"},"geometry":{"type":"LineString","coordinates":[[4.318605,51.918243],[4.322192,51.917775],[4.323544,51.917625],[4.324738,51.917553],[4.325835,51.917538]]}},{"type":"Feature","properties":{"mode":"bus","n":5,"arr":["19","105","126","ebs:102","ret:9"],"lines":"19, 105, 126, 102, 9"},"geometry":{"type":"LineString","coordinates":[[4.306134,51.919769],[4.308792,51.919511],[4.318605,51.918243]]}},{"type":"Feature","properties":{"mode":"bus","n":6,"arr":["19","126","825","826","ebs:456","ret:9"],"lines":"19, 126, 825, 826, 456, 9"},"geometry":{"type":"LineString","coordinates":[[4.291084,51.921762],[4.293011,51.921506],[4.293916,51.921365],[4.296937,51.920797],[4.299314,51.920419],[4.301842,51.920122],[4.30357,51.919997]]}},{"type":"Feature","properties":{"mode":"bus","n":7,"arr":["19","126","825","826","903","ebs:456","ret:9"],"lines":"19, 126, 825, 826, 903, 456, 9"},"geometry":{"type":"LineString","coordinates":[[4.276622,51.923597],[4.2779,51.92345],[4.291084,51.921762]]}},{"type":"Feature","properties":{"mode":"bus","n":5,"arr":["19","455","ebs:30","ebs:34","ebs:456"],"lines":"19, 455, 30, 34, 456"},"geometry":{"type":"LineString","coordinates":[[4.211863,51.992699],[4.212567,51.991819]]}},{"type":"Feature","properties":{"mode":"bus","n":5,"arr":["19","455","ebs:30","ebs:34","ebs:456"],"lines":"19, 455, 30, 34, 456"},"geometry":{"type":"LineString","coordinates":[[4.211002,51.993685],[4.210445,51.994157]]}},{"type":"Feature","properties":{"mode":"bus","n":6,"arr":["19","105","ebs:102","ebs:456","ret:2","ret:9"],"lines":"19, 105, 102, 456, 2, 9"},"geometry":{"type":"LineString","coordinates":[[4.335536,51.919099],[4.342682,51.920811]]}},{"type":"Feature","properties":{"mode":"bus","n":6,"arr":["19","105","ebs:102","ebs:456","ret:2","ret:9"],"lines":"19, 105, 102, 456, 2, 9"},"geometry":{"type":"LineString","coordinates":[[4.351089,51.922823],[4.360241,51.924993],[4.361667,51.925246],[4.362359,51.925337],[4.363186,51.925415],[4.364429,51.925491],[4.370433,51.925608],[4.373741,51.925716],[4.376594,51.925837],[4.381984,51.926161],[4.382816,51.926191],[4.38599,51.926422],[4.39498,51.92701],[4.396812,51.927015],[4.398176,51.92695],[4.398866,51.926891],[4.400105,51.92673],[4.40147,51.926488]]}},{"type":"Feature","properties":{"mode":"bus","n":5,"arr":["22A","ebs:30","ebs:51","htm:22","htm:23"],"lines":"22A, 30, 51, 22, 23"},"geometry":{"type":"LineString","coordinates":[[4.321654,52.037093],[4.321022,52.036679],[4.319848,52.03582],[4.319263,52.035505],[4.318642,52.035255]]}},{"type":"Feature","properties":{"mode":"bus","n":7,"arr":["22A","ebs:30","ebs:51","ebs:61","htm:22","htm:23","N4"],"lines":"22A, 30, 51, 61, 22, 23, N4"},"geometry":{"type":"LineString","coordinates":[[4.321654,52.037093],[4.321776,52.037088],[4.32193,52.037154]]}},{"type":"Feature","properties":{"mode":"bus","n":5,"arr":["22A","ebs:30","htm:22","htm:23","N4"],"lines":"22A, 30, 22, 23, N4"},"geometry":{"type":"LineString","coordinates":[[4.32193,52.037154],[4.32267,52.03763]]}},{"type":"Feature","properties":{"mode":"bus","n":6,"arr":["22A","ebs:30","ebs:61","htm:22","htm:23","N4"],"lines":"22A, 30, 61, 22, 23, N4"},"geometry":{"type":"LineString","coordinates":[[4.32267,52.03763],[4.322678,52.037655]]}},{"type":"Feature","properties":{"mode":"bus","n":7,"arr":["22A","29","ebs:30","ebs:61","htm:22","htm:23","N4"],"lines":"22A, 29, 30, 61, 22, 23, N4"},"geometry":{"type":"LineString","coordinates":[[4.322678,52.037655],[4.322663,52.037722]]}},{"type":"Feature","properties":{"mode":"bus","n":8,"arr":["22A","29","ebs:30","ebs:53","ebs:61","htm:22","htm:23","N4"],"lines":"22A, 29, 30, 53, 61, 22, 23, N4"},"geometry":{"type":"LineString","coordinates":[[4.322663,52.037722],[4.322871,52.037855]]}},{"type":"Feature","properties":{"mode":"bus","n":7,"arr":["22A","29","ebs:30","ebs:53","htm:22","htm:23","N4"],"lines":"22A, 29, 30, 53, 22, 23, N4"},"geometry":{"type":"LineString","coordinates":[[4.322871,52.037855],[4.322974,52.037922]]}},{"type":"Feature","properties":{"mode":"bus","n":5,"arr":["22A","29","htm:22","htm:23","N4"],"lines":"22A, 29, 22, 23, N4"},"geometry":{"type":"LineString","coordinates":[[4.322909,52.037967],[4.322974,52.037922]]}},{"type":"Feature","properties":{"mode":"bus","n":5,"arr":["22A","29","htm:22","htm:23","N4"],"lines":"22A, 29, 22, 23, N4"},"geometry":{"type":"LineString","coordinates":[[4.322959,52.037999],[4.325463,52.03981]]}},{"type":"Feature","properties":{"mode":"bus","n":5,"arr":["22A","29","htm:22","htm:23","N4"],"lines":"22A, 29, 22, 23, N4"},"geometry":{"type":"LineString","coordinates":[[4.325488,52.039986],[4.321129,52.042401]]}},{"type":"Feature","properties":{"mode":"bus","n":6,"arr":["22A","26","29","827","htm:22","N3"],"lines":"22A, 26, 29, 827, 22, N3"},"geometry":{"type":"LineString","coordinates":[[4.320819,52.067808],[4.324305,52.069297]]}},{"type":"Feature","properties":{"mode":"bus","n":7,"arr":["22A","29","ebs:30","ebs:53","ebs:61","htm:22","htm:23"],"lines":"22A, 29, 30, 53, 61, 22, 23"},"geometry":{"type":"LineString","coordinates":[[4.322033,52.037438],[4.322446,52.037694],[4.322552,52.037725],[4.322663,52.037722]]}},{"type":"Feature","properties":{"mode":"bus","n":6,"arr":["22A","ebs:30","ebs:51","ebs:61","htm:22","htm:23"],"lines":"22A, 30, 51, 61, 22, 23"},"geometry":{"type":"LineString","coordinates":[[4.321654,52.037093],[4.321673,52.037197],[4.322033,52.037438]]}},{"type":"Feature","properties":{"mode":"bus","n":16,"arr":["22B","24","28","29","45","46","383","386","685","ebs:43","ebs:44","ebs:144","htm:20","htm:22","qbuzz:382","qbuzz:385"],"lines":"22B, 24, 28, 29, 45, 46, 383, 386, 685, 43, 44, 144, 20, 22, 382, 385"},"geometry":{"type":"LineString","coordinates":[[4.326261,52.07987],[4.325877,52.080193],[4.325092,52.080735],[4.325065,52.080748],[4.325037,52.080749],[4.325007,52.08074],[4.324827,52.080654]]}},{"type":"Feature","properties":{"mode":"bus","n":16,"arr":["22B","24","28","29","45","46","383","386","685","ebs:43","ebs:44","ebs:144","htm:20","htm:22","qbuzz:382","qbuzz:385"],"lines":"22B, 24, 28, 29, 45, 46, 383, 386, 685, 43, 44, 144, 20, 22, 382, 385"},"geometry":{"type":"LineString","coordinates":[[4.326379,52.079898],[4.326301,52.079993],[4.325343,52.080726]]}},{"type":"Feature","properties":{"mode":"bus","n":11,"arr":["22B","24","28","29","383","386","685","htm:20","htm:22","qbuzz:382","qbuzz:385"],"lines":"22B, 24, 28, 29, 383, 386, 685, 20, 22, 382, 385"},"geometry":{"type":"LineString","coordinates":[[4.325343,52.080726],[4.325268,52.080787]]}},{"type":"Feature","properties":{"mode":"bus","n":6,"arr":["22B","24","28","29","htm:20","htm:22"],"lines":"22B, 24, 28, 29, 20, 22"},"geometry":{"type":"LineString","coordinates":[[4.325268,52.080787],[4.325179,52.080803]]}},{"type":"Feature","properties":{"mode":"bus","n":6,"arr":["22B","24","28","29","htm:20","htm:22"],"lines":"22B, 24, 28, 29, 20, 22"},"geometry":{"type":"LineString","coordinates":[[4.326428,52.079815],[4.326379,52.079898]]}},{"type":"Feature","properties":{"mode":"bus","n":6,"arr":["22B","24","28","29","htm:20","htm:22"],"lines":"22B, 24, 28, 29, 20, 22"},"geometry":{"type":"LineString","coordinates":[[4.326261,52.07987],[4.325265,52.079561]]}},{"type":"Feature","properties":{"mode":"bus","n":5,"arr":["22B","24","28","29","htm:22"],"lines":"22B, 24, 28, 29, 22"},"geometry":{"type":"LineString","coordinates":[[4.325095,52.080781],[4.325053,52.080762]]}},{"type":"Feature","properties":{"mode":"bus","n":8,"arr":["22B","24","28","htm:22","N1","N2","N5","N6"],"lines":"22B, 24, 28, 22, N1, N2, N5, N6"},"geometry":{"type":"LineString","coordinates":[[4.318074,52.076184],[4.318473,52.07639],[4.318703,52.07648],[4.318922,52.076485],[4.319846,52.076974],[4.319947,52.076988],[4.320481,52.077269]]}},{"type":"Feature","properties":{"mode":"bus","n":8,"arr":["22B","24","28","htm:22","N1","N2","N5","N6"],"lines":"22B, 24, 28, 22, N1, N2, N5, N6"},"geometry":{"type":"LineString","coordinates":[[4.314788,52.077717],[4.315342,52.077405],[4.317175,52.076458]]}},{"type":"Feature","properties":{"mode":"bus","n":7,"arr":["24","28","htm:22","N1","N2","N5","N6"],"lines":"24, 28, 22, N1, N2, N5, N6"},"geometry":{"type":"LineString","coordinates":[[4.317175,52.076458],[4.317735,52.076165]]}},{"type":"Feature","properties":{"mode":"bus","n":6,"arr":["22B","24","28","htm:22","N3","N4"],"lines":"22B, 24, 28, 22, N3, N4"},"geometry":{"type":"LineString","coordinates":[[4.310958,52.079266],[4.311543,52.079084],[4.311712,52.079008],[4.312318,52.078564],[4.312326,52.078557],[4.312329,52.078548],[4.312326,52.078539],[4.312318,52.078527],[4.312316,52.078519],[4.312321,52.078512],[4.312333,52.078508],[4.312514,52.078466],[4.313396,52.078433],[4.313713,52.078362],[4.313872,52.078293],[4.314788,52.077717]]}},{"type":"Feature","properties":{"mode":"bus","n":5,"arr":["22B","24","28","htm:22","N3"],"lines":"22B, 24, 28, 22, N3"},"geometry":{"type":"LineString","coordinates":[[4.304399,52.086676],[4.304698,52.086552],[4.30511,52.086427],[4.305259,52.086338],[4.305328,52.086213],[4.305413,52.08569],[4.306392,52.084726],[4.306799,52.084284],[4.308563,52.08256],[4.308754,52.082324],[4.309478,52.081602],[4.309585,52.081479],[4.309595,52.081459],[4.309587,52.081443],[4.309562,52.081429],[4.309102,52.081271],[4.309036,52.081213],[4.30902,52.081156],[4.309369,52.080776],[4.310384,52.07995],[4.310958,52.079266]]}},{"type":"Feature","properties":{"mode":"bus","n":5,"arr":["22B","24","28","htm:22","N3"],"lines":"22B, 24, 28, 22, N3"},"geometry":{"type":"LineString","coordinates":[[4.303276,52.087765],[4.30321,52.087836]]}},{"type":"Feature","properties":{"mode":"bus","n":6,"arr":["22B","24","28","htm:22","N1","N3"],"lines":"22B, 24, 28, 22, N1, N3"},"geometry":{"type":"LineString","coordinates":[[4.304399,52.086676],[4.303276,52.087765]]}},{"type":"Feature","properties":{"mode":"bus","n":5,"arr":["22B","htm:21","htm:22","htm:23","N1"],"lines":"22B, 21, 22, 23, N1"},"geometry":{"type":"LineString","coordinates":[[4.283161,52.112488],[4.284695,52.111603]]}},{"type":"Feature","properties":{"mode":"bus","n":5,"arr":["22B","24","28","htm:22","N1"],"lines":"22B, 24, 28, 22, N1"},"geometry":{"type":"LineString","coordinates":[[4.305252,52.085756],[4.30515,52.085811],[4.304734,52.085945],[4.304529,52.086061],[4.304477,52.086151],[4.304472,52.086475],[4.304399,52.086676]]}},{"type":"Feature","properties":{"mode":"bus","n":5,"arr":["22B","24","28","htm:22","N4"],"lines":"22B, 24, 28, 22, N4"},"geometry":{"type":"LineString","coordinates":[[4.310888,52.079163],[4.310826,52.079204]]}},{"type":"Feature","properties":{"mode":"bus","n":6,"arr":["22B","24","28","htm:22","N1","N2"],"lines":"22B, 24, 28, 22, N1, N2"},"geometry":{"type":"LineString","coordinates":[[4.325517,52.079512],[4.322815,52.078452],[4.322193,52.078177],[4.320859,52.077521],[4.320592,52.077372],[4.320481,52.077269]]}},{"type":"Feature","properties":{"mode":"bus","n":8,"arr":["22B","24","28","29","htm:20","htm:22","N1","N2"],"lines":"22B, 24, 28, 29, 20, 22, N1, N2"},"geometry":{"type":"LineString","coordinates":[[4.326428,52.079815],[4.325517,52.079512]]}},{"type":"Feature","properties":{"mode":"bus","n":6,"arr":["24","685","ebs:43","ebs:44","ebs:144","qbuzz:385"],"lines":"24, 685, 43, 44, 144, 385"},"geometry":{"type":"LineString","coordinates":[[4.330034,52.081247],[4.32982,52.081332],[4.328812,52.08186],[4.328369,52.082184]]}},{"type":"Feature","properties":{"mode":"bus","n":6,"arr":["24","685","ebs:43","ebs:44","ebs:144","qbuzz:385"],"lines":"24, 685, 43, 44, 144, 385"},"geometry":{"type":"LineString","coordinates":[[4.328821,52.082365],[4.329564,52.081916],[4.330407,52.081488]]}},{"type":"Feature","properties":{"mode":"bus","n":11,"arr":["24","45","46","383","386","685","ebs:43","ebs:44","ebs:144","qbuzz:382","qbuzz:385"],"lines":"24, 45, 46, 383, 386, 685, 43, 44, 144, 382, 385"},"geometry":{"type":"LineString","coordinates":[[4.326379,52.079898],[4.326606,52.079945],[4.328837,52.080722],[4.329566,52.081072],[4.330034,52.081247]]}},{"type":"Feature","properties":{"mode":"bus","n":11,"arr":["24","45","46","383","386","685","ebs:43","ebs:44","ebs:144","qbuzz:382","qbuzz:385"],"lines":"24, 45, 46, 383, 386, 685, 43, 44, 144, 382, 385"},"geometry":{"type":"LineString","coordinates":[[4.326428,52.079815],[4.326261,52.07987]]}},{"type":"Feature","properties":{"mode":"bus","n":13,"arr":["24","45","46","383","386","685","ebs:43","ebs:44","ebs:144","N1","N2","qbuzz:382","qbuzz:385"],"lines":"24, 45, 46, 383, 386, 685, 43, 44, 144, N1, N2, 382, 385"},"geometry":{"type":"LineString","coordinates":[[4.330148,52.081033],[4.328517,52.080535],[4.326428,52.079815]]}},{"type":"Feature","properties":{"mode":"bus","n":6,"arr":["24","45","46","383","386","qbuzz:382"],"lines":"24, 45, 46, 383, 386, 382"},"geometry":{"type":"LineString","coordinates":[[4.330506,52.081426],[4.330427,52.081396]]}},{"type":"Feature","properties":{"mode":"bus","n":5,"arr":["26","28","45","46","htm:23"],"lines":"26, 28, 45, 46, 23"},"geometry":{"type":"LineString","coordinates":[[4.358691,52.067529],[4.357727,52.066975],[4.357707,52.066958],[4.357705,52.06694],[4.357721,52.066922],[4.35779,52.066869],[4.357844,52.06685],[4.357863,52.066845],[4.357882,52.066845],[4.357901,52.06685],[4.358138,52.066946],[4.358908,52.067392],[4.358959,52.067458]]}},{"type":"Feature","properties":{"mode":"bus","n":5,"arr":["26","28","29","htm:22","N6"],"lines":"26, 28, 29, 22, N6"},"geometry":{"type":"LineString","coordinates":[[4.33391,52.072194],[4.333986,52.072119]]}},{"type":"Feature","properties":{"mode":"bus","n":5,"arr":["26","ebs:31","ebs:456","htm:21","htm:23"],"lines":"26, 31, 456, 21, 23"},"geometry":{"type":"LineString","coordinates":[[4.265208,52.057501],[4.265147,52.0576],[4.265058,52.05767]]}},{"type":"Feature","properties":{"mode":"bus","n":5,"arr":["26","ebs:31","ebs:456","htm:21","htm:23"],"lines":"26, 31, 456, 21, 23"},"geometry":{"type":"LineString","coordinates":[[4.2654,52.057651],[4.265725,52.057374]]}},{"type":"Feature","properties":{"mode":"bus","n":5,"arr":["26","ebs:31","ebs:456","htm:21","N3"],"lines":"26, 31, 456, 21, N3"},"geometry":{"type":"LineString","coordinates":[[4.256884,52.053985],[4.257364,52.054291],[4.25895,52.055408],[4.260041,52.056062],[4.263497,52.058047],[4.263796,52.058247],[4.263964,52.05831]]}},{"type":"Feature","properties":{"mode":"bus","n":6,"arr":["28","29","htm:22","N4","N5","N6"],"lines":"28, 29, 22, N4, N5, N6"},"geometry":{"type":"LineString","coordinates":[[4.33412,52.072284],[4.333887,52.072505],[4.333662,52.072667],[4.333339,52.072842],[4.333139,52.072902],[4.332698,52.073139],[4.332462,52.07333],[4.332313,52.073509],[4.332081,52.073655],[4.331582,52.07385],[4.330635,52.074135],[4.33027,52.074315],[4.330065,52.074488],[4.329935,52.074656],[4.329839,52.07484],[4.329745,52.075144]]}},{"type":"Feature","properties":{"mode":"bus","n":7,"arr":["28","29","htm:22","N3","N4","N5","N6"],"lines":"28, 29, 22, N3, N4, N5, N6"},"geometry":{"type":"LineString","coordinates":[[4.329745,52.075144],[4.3297,52.07544],[4.329609,52.07572],[4.329487,52.075928],[4.329291,52.076163],[4.326475,52.078411]]}},{"type":"Feature","properties":{"mode":"bus","n":11,"arr":["28","45","46","383","386","685","ebs:43","ebs:44","ebs:144","qbuzz:382","qbuzz:385"],"lines":"28, 45, 46, 383, 386, 685, 43, 44, 144, 382, 385"},"geometry":{"type":"LineString","coordinates":[[4.3247,52.080594],[4.324639,52.080562]]}},{"type":"Feature","properties":{"mode":"bus","n":13,"arr":["28","29","45","46","383","386","685","ebs:43","ebs:44","ebs:144","htm:22","qbuzz:382","qbuzz:385"],"lines":"28, 29, 45, 46, 383, 386, 685, 43, 44, 144, 22, 382, 385"},"geometry":{"type":"LineString","coordinates":[[4.324765,52.080623],[4.3247,52.080594]]}},{"type":"Feature","properties":{"mode":"bus","n":14,"arr":["28","29","45","46","383","386","685","ebs:43","ebs:44","ebs:144","htm:20","htm:22","qbuzz:382","qbuzz:385"],"lines":"28, 29, 45, 46, 383, 386, 685, 43, 44, 144, 20, 22, 382, 385"},"geometry":{"type":"LineString","coordinates":[[4.324827,52.080654],[4.324765,52.080623]]}},{"type":"Feature","properties":{"mode":"bus","n":6,"arr":["28","29","htm:20","htm:22","N5","N6"],"lines":"28, 29, 20, 22, N5, N6"},"geometry":{"type":"LineString","coordinates":[[4.323456,52.078592],[4.324946,52.079175]]}},{"type":"Feature","properties":{"mode":"bus","n":5,"arr":["28","29","htm:22","N5","N6"],"lines":"28, 29, 22, N5, N6"},"geometry":{"type":"LineString","coordinates":[[4.329457,52.075338],[4.329432,52.07579],[4.329306,52.076003],[4.329164,52.076139],[4.326455,52.078317],[4.326205,52.078418],[4.324946,52.079175]]}},{"type":"Feature","properties":{"mode":"bus","n":5,"arr":["28","29","htm:22","N3","N6"],"lines":"28, 29, 22, N3, N6"},"geometry":{"type":"LineString","coordinates":[[4.329553,52.07507],[4.329531,52.075116]]}},{"type":"Feature","properties":{"mode":"bus","n":8,"arr":["29","htm:20","N1","N2","N3","N4","N5","N6"],"lines":"29, 20, N1, N2, N3, N4, N5, N6"},"geometry":{"type":"LineString","coordinates":[[4.323464,52.08056],[4.321776,52.081974]]}},{"type":"Feature","properties":{"mode":"bus","n":12,"arr":["39","100","104","110","112","306","307","308","315","gvb:37","N19","N91"],"lines":"39, 100, 104, 110, 112, 306, 307, 308, 315, 37, N19, N91"},"geometry":{"type":"LineString","coordinates":[[4.93187,52.40316],[4.931788,52.403081]]}},{"type":"Feature","properties":{"mode":"bus","n":11,"arr":["39","100","104","110","112","306","307","308","315","gvb:37","N91"],"lines":"39, 100, 104, 110, 112, 306, 307, 308, 315, 37, N91"},"geometry":{"type":"LineString","coordinates":[[4.931788,52.403081],[4.931759,52.403053]]}},{"type":"Feature","properties":{"mode":"bus","n":12,"arr":["39","100","104","110","112","119","306","307","308","315","gvb:37","N91"],"lines":"39, 100, 104, 110, 112, 119, 306, 307, 308, 315, 37, N91"},"geometry":{"type":"LineString","coordinates":[[4.931759,52.403053],[4.931652,52.402941]]}},{"type":"Feature","properties":{"mode":"bus","n":8,"arr":["39","100","104","306","307","308","gvb:37","N91"],"lines":"39, 100, 104, 306, 307, 308, 37, N91"},"geometry":{"type":"LineString","coordinates":[[4.931652,52.402941],[4.93149,52.402813]]}},{"type":"Feature","properties":{"mode":"bus","n":7,"arr":["39","100","306","307","308","gvb:37","N91"],"lines":"39, 100, 306, 307, 308, 37, N91"},"geometry":{"type":"LineString","coordinates":[[4.93149,52.402813],[4.931436,52.402771]]}},{"type":"Feature","properties":{"mode":"bus","n":6,"arr":["39","306","307","308","gvb:37","N91"],"lines":"39, 306, 307, 308, 37, N91"},"geometry":{"type":"LineString","coordinates":[[4.931436,52.402771],[4.931382,52.402728]]}},{"type":"Feature","properties":{"mode":"bus","n":5,"arr":["39","306","307","308","gvb:34"],"lines":"39, 306, 307, 308, 34"},"geometry":{"type":"LineString","coordinates":[[4.932149,52.40239],[4.93209,52.402343]]}},{"type":"Feature","properties":{"mode":"bus","n":6,"arr":["39","104","306","307","308","gvb:34"],"lines":"39, 104, 306, 307, 308, 34"},"geometry":{"type":"LineString","coordinates":[[4.932193,52.402424],[4.932149,52.40239]]}},{"type":"Feature","properties":{"mode":"bus","n":7,"arr":["39","100","104","306","307","308","gvb:34"],"lines":"39, 100, 104, 306, 307, 308, 34"},"geometry":{"type":"LineString","coordinates":[[4.932245,52.402465],[4.932193,52.402424]]}},{"type":"Feature","properties":{"mode":"bus","n":8,"arr":["39","100","104","306","307","308","315","gvb:34"],"lines":"39, 100, 104, 306, 307, 308, 315, 34"},"geometry":{"type":"LineString","coordinates":[[4.932348,52.402546],[4.932245,52.402465]]}},{"type":"Feature","properties":{"mode":"bus","n":10,"arr":["39","100","104","110","112","306","307","308","315","gvb:34"],"lines":"39, 100, 104, 110, 112, 306, 307, 308, 315, 34"},"geometry":{"type":"LineString","coordinates":[[4.932437,52.402617],[4.932348,52.402546]]}},{"type":"Feature","properties":{"mode":"bus","n":5,"arr":["39","119","gvb:34","N19","N91"],"lines":"39, 119, 34, N19, N91"},"geometry":{"type":"LineString","coordinates":[[4.932067,52.402791],[4.932437,52.402617]]}},{"type":"Feature","properties":{"mode":"bus","n":5,"arr":["39","119","245","gvb:34","N19"],"lines":"39, 119, 245, 34, N19"},"geometry":{"type":"LineString","coordinates":[[4.926635,52.404336],[4.924493,52.405029],[4.923668,52.405326],[4.922926,52.405638]]}},{"type":"Feature","properties":{"mode":"bus","n":6,"arr":["39","391","394","gvb:36","N93","N94"],"lines":"39, 391, 394, 36, N93, N94"},"geometry":{"type":"LineString","coordinates":[[4.897393,52.402798],[4.899305,52.401927],[4.902983,52.400182],[4.904028,52.399754],[4.90692,52.398641]]}},{"type":"Feature","properties":{"mode":"bus","n":5,"arr":["39","391","394","gvb:36","N94"],"lines":"39, 391, 394, 36, N94"},"geometry":{"type":"LineString","coordinates":[[4.897262,52.402858],[4.897393,52.402798]]}},{"type":"Feature","properties":{"mode":"bus","n":7,"arr":["39","110","112","119","315","gvb:37","N91"],"lines":"39, 110, 112, 119, 315, 37, N91"},"geometry":{"type":"LineString","coordinates":[[4.931652,52.402941],[4.931674,52.40291]]}},{"type":"Feature","properties":{"mode":"bus","n":13,"arr":["39","100","104","110","112","119","306","307","308","315","gvb:34","N19","N91"],"lines":"39, 100, 104, 110, 112, 119, 306, 307, 308, 315, 34, N19, N91"},"geometry":{"type":"LineString","coordinates":[[4.932437,52.402617],[4.932473,52.402576],[4.933255,52.402209]]}},{"type":"Feature","properties":{"mode":"bus","n":9,"arr":["39","100","104","110","112","306","307","308","315"],"lines":"39, 100, 104, 110, 112, 306, 307, 308, 315"},"geometry":{"type":"LineString","coordinates":[[4.933255,52.402209],[4.933807,52.401957]]}},{"type":"Feature","properties":{"mode":"bus","n":9,"arr":["39","100","104","110","112","306","307","308","315"],"lines":"39, 100, 104, 110, 112, 306, 307, 308, 315"},"geometry":{"type":"LineString","coordinates":[[4.933991,52.401905],[4.934126,52.401895],[4.934179,52.401913]]}},{"type":"Feature","properties":{"mode":"bus","n":7,"arr":["39","104","110","112","306","308","315"],"lines":"39, 104, 110, 112, 306, 308, 315"},"geometry":{"type":"LineString","coordinates":[[4.933807,52.401957],[4.933991,52.401905]]}},{"type":"Feature","properties":{"mode":"bus","n":5,"arr":["41","47","276","370","N85"],"lines":"41, 47, 276, 370, N85"},"geometry":{"type":"LineString","coordinates":[[4.959516,52.297105],[4.959697,52.297177],[4.959724,52.297192],[4.959739,52.297211],[4.959742,52.297233],[4.959733,52.297322],[4.959683,52.297367],[4.959269,52.297543],[4.959071,52.297734]]}},{"type":"Feature","properties":{"mode":"bus","n":5,"arr":["41","47","276","370","N85"],"lines":"41, 47, 276, 370, N85"},"geometry":{"type":"LineString","coordinates":[[4.958386,52.297496],[4.958538,52.297361]]}},{"type":"Feature","properties":{"mode":"bus","n":5,"arr":["41","276","370","gvb:44","N85"],"lines":"41, 276, 370, 44, N85"},"geometry":{"type":"LineString","coordinates":[[4.950964,52.316692],[4.95227,52.315299]]}},{"type":"Feature","properties":{"mode":"bus","n":5,"arr":["41","276","370","gvb:44","N85"],"lines":"41, 276, 370, 44, N85"},"geometry":{"type":"LineString","coordinates":[[4.94777,52.320184],[4.949906,52.317864]]}},{"type":"Feature","properties":{"mode":"bus","n":5,"arr":["41","245","gvb:37","gvb:40","gvb:65"],"lines":"41, 245, 37, 40, 65"},"geometry":{"type":"LineString","coordinates":[[4.929197,52.347567],[4.928814,52.347352],[4.928762,52.347283],[4.926915,52.346258],[4.92634,52.346071],[4.925823,52.345992],[4.924933,52.345957],[4.924762,52.345933],[4.922194,52.345925],[4.922147,52.345943],[4.921839,52.34595],[4.921189,52.345947],[4.920887,52.34592],[4.920093,52.345773]]}},{"type":"Feature","properties":{"mode":"bus","n":5,"arr":["41","gvb:37","gvb:40","gvb:62","gvb:65"],"lines":"41, 37, 40, 62, 65"},"geometry":{"type":"LineString","coordinates":[[4.920093,52.345773],[4.920059,52.345674]]}},{"type":"Feature","properties":{"mode":"bus","n":5,"arr":["41","gvb:37","gvb:40","gvb:62","gvb:65"],"lines":"41, 37, 40, 62, 65"},"geometry":{"type":"LineString","coordinates":[[4.919267,52.345191],[4.919104,52.345162],[4.918829,52.345214],[4.918782,52.345231],[4.918752,52.345259],[4.918465,52.34571]]}},{"type":"Feature","properties":{"mode":"bus","n":5,"arr":["41","gvb:37","gvb:40","gvb:62","gvb:65"],"lines":"41, 37, 40, 62, 65"},"geometry":{"type":"LineString","coordinates":[[4.918756,52.345846],[4.918554,52.345797],[4.918518,52.345783],[4.918495,52.34576],[4.918474,52.345726],[4.918469,52.345719],[4.918461,52.345716],[4.918452,52.345715],[4.918441,52.345717],[4.918395,52.34573],[4.91834,52.345802],[4.91816,52.346136],[4.918154,52.346169],[4.918172,52.346201],[4.918232,52.346263],[4.918463,52.346313]]}},{"type":"Feature","properties":{"mode":"bus","n":6,"arr":["41","gvb:37","gvb:40","gvb:62","gvb:65","N85"],"lines":"41, 37, 40, 62, 65, N85"},"geometry":{"type":"LineString","coordinates":[[4.920059,52.345674],[4.919774,52.345605],[4.91959,52.345526],[4.91942,52.345384],[4.919267,52.345191]]}},{"type":"Feature","properties":{"mode":"bus","n":5,"arr":["45","qbuzz:1","qbuzz:3","qbuzz:54","qbuzz:56"],"lines":"45, 1, 3, 54, 56"},"geometry":{"type":"LineString","coordinates":[[4.48266,52.16548],[4.482735,52.165528]]}},{"type":"Feature","properties":{"mode":"bus","n":6,"arr":["45","qbuzz:1","qbuzz:3","qbuzz:54","qbuzz:56","qbuzz:169"],"lines":"45, 1, 3, 54, 56, 169"},"geometry":{"type":"LineString","coordinates":[[4.482735,52.165528],[4.48286,52.16556]]}},{"type":"Feature","properties":{"mode":"bus","n":25,"arr":["45","50","182","250","365","366","400","410","ebs:43","N40","qbuzz:1","qbuzz:3","qbuzz:20","qbuzz:21","qbuzz:22","qbuzz:23","qbuzz:30","qbuzz:31","qbuzz:38","qbuzz:54","qbuzz:56","qbuzz:169","qbuzz:183","qbuzz:187","qbuzz:401"],"lines":"45, 50, 182, 250, 365, 366, 400, 410, 43, N40, 1, 3, 20, 21, 22, 23, 30, 31, 38, 54, 56, 169, 183, 187, 401"},"geometry":{"type":"LineString","coordinates":[[4.48286,52.16556],[4.482897,52.165555]]}},{"type":"Feature","properties":{"mode":"bus","n":10,"arr":["45","182","ebs:43","qbuzz:1","qbuzz:3","qbuzz:54","qbuzz:56","qbuzz:169","qbuzz:183","qbuzz:187"],"lines":"45, 182, 43, 1, 3, 54, 56, 169, 183, 187"},"geometry":{"type":"LineString","coordinates":[[4.482897,52.165555],[4.482981,52.165532]]}},{"type":"Feature","properties":{"mode":"bus","n":12,"arr":["45","250","400","ebs:43","qbuzz:1","qbuzz:22","qbuzz:23","qbuzz:30","qbuzz:31","qbuzz:38","qbuzz:183","qbuzz:401"],"lines":"45, 250, 400, 43, 1, 22, 23, 30, 31, 38, 183, 401"},"geometry":{"type":"LineString","coordinates":[[4.481742,52.164621],[4.481762,52.16461]]}},{"type":"Feature","properties":{"mode":"bus","n":13,"arr":["45","250","400","ebs:43","qbuzz:1","qbuzz:22","qbuzz:23","qbuzz:30","qbuzz:31","qbuzz:38","qbuzz:54","qbuzz:183","qbuzz:401"],"lines":"45, 250, 400, 43, 1, 22, 23, 30, 31, 38, 54, 183, 401"},"geometry":{"type":"LineString","coordinates":[[4.481717,52.164634],[4.481742,52.164621]]}},{"type":"Feature","properties":{"mode":"bus","n":22,"arr":["45","50","250","365","366","400","410","ebs:43","N40","qbuzz:1","qbuzz:3","qbuzz:20","qbuzz:21","qbuzz:22","qbuzz:23","qbuzz:30","qbuzz:31","qbuzz:38","qbuzz:54","qbuzz:56","qbuzz:183","qbuzz:401"],"lines":"45, 50, 250, 365, 366, 400, 410, 43, N40, 1, 3, 20, 21, 22, 23, 30, 31, 38, 54, 56, 183, 401"},"geometry":{"type":"LineString","coordinates":[[4.481459,52.164984],[4.481365,52.164911],[4.481349,52.164892],[4.481347,52.164873],[4.481361,52.164853],[4.48145,52.164767],[4.481717,52.164634]]}},{"type":"Feature","properties":{"mode":"bus","n":13,"arr":["45","50","365","366","400","410","N40","qbuzz:3","qbuzz:20","qbuzz:21","qbuzz:54","qbuzz:56","qbuzz:401"],"lines":"45, 50, 365, 366, 400, 410, N40, 3, 20, 21, 54, 56, 401"},"geometry":{"type":"LineString","coordinates":[[4.481329,52.164883],[4.480206,52.165431],[4.480046,52.165524],[4.479938,52.165629]]}},{"type":"Feature","properties":{"mode":"bus","n":13,"arr":["45","50","365","366","400","410","N40","qbuzz:3","qbuzz:20","qbuzz:21","qbuzz:54","qbuzz:56","qbuzz:401"],"lines":"45, 50, 365, 366, 400, 410, N40, 3, 20, 21, 54, 56, 401"},"geometry":{"type":"LineString","coordinates":[[4.482296,52.167684],[4.479972,52.165924],[4.479911,52.165846],[4.4799,52.165755],[4.479927,52.165664],[4.47993,52.165654],[4.47993,52.165648],[4.479927,52.165645],[4.479923,52.165646],[4.479916,52.165651],[4.479906,52.165659],[4.479761,52.165798],[4.479756,52.165878],[4.479793,52.165937],[4.480721,52.166656],[4.481281,52.167037],[4.482198,52.167729]]}},{"type":"Feature","properties":{"mode":"bus","n":13,"arr":["45","50","365","366","400","410","N40","qbuzz:3","qbuzz:20","qbuzz:21","qbuzz:54","qbuzz:56","qbuzz:401"],"lines":"45, 50, 365, 366, 400, 410, N40, 3, 20, 21, 54, 56, 401"},"geometry":{"type":"LineString","coordinates":[[4.482289,52.167776],[4.482339,52.16774]]}},{"type":"Feature","properties":{"mode":"bus","n":8,"arr":["45","365","366","400","410","N40","qbuzz:3","qbuzz:401"],"lines":"45, 365, 366, 400, 410, N40, 3, 401"},"geometry":{"type":"LineString","coordinates":[[4.48403,52.166851],[4.483964,52.166891],[4.483571,52.167012],[4.482296,52.167684]]}},{"type":"Feature","properties":{"mode":"bus","n":8,"arr":["45","365","366","400","410","N40","qbuzz:3","qbuzz:401"],"lines":"45, 365, 366, 400, 410, N40, 3, 401"},"geometry":{"type":"LineString","coordinates":[[4.482339,52.16774],[4.483637,52.167063],[4.484019,52.166953],[4.484152,52.166894]]}},{"type":"Feature","properties":{"mode":"bus","n":8,"arr":["45","365","366","400","410","N40","qbuzz:3","qbuzz:401"],"lines":"45, 365, 366, 400, 410, N40, 3, 401"},"geometry":{"type":"LineString","coordinates":[[4.482198,52.167729],[4.482289,52.167776]]}},{"type":"Feature","properties":{"mode":"bus","n":5,"arr":["45","400","N40","qbuzz:3","qbuzz:401"],"lines":"45, 400, N40, 3, 401"},"geometry":{"type":"LineString","coordinates":[[4.484223,52.166766],[4.48403,52.166851]]}},{"type":"Feature","properties":{"mode":"bus","n":5,"arr":["45","400","N40","qbuzz:56","qbuzz:401"],"lines":"45, 400, N40, 56, 401"},"geometry":{"type":"LineString","coordinates":[[4.497956,52.162633],[4.497916,52.162693],[4.49795,52.162822]]}},{"type":"Feature","properties":{"mode":"bus","n":5,"arr":["45","400","N40","qbuzz:56","qbuzz:401"],"lines":"45, 400, N40, 56, 401"},"geometry":{"type":"LineString","coordinates":[[4.497001,52.159923],[4.497039,52.160198],[4.496999,52.160693],[4.497049,52.160909],[4.497164,52.161125],[4.497552,52.161617],[4.497739,52.162117],[4.497809,52.162171]]}},{"type":"Feature","properties":{"mode":"bus","n":5,"arr":["45","400","N40","qbuzz:56","qbuzz:401"],"lines":"45, 400, N40, 56, 401"},"geometry":{"type":"LineString","coordinates":[[4.498075,52.162808],[4.498036,52.162705],[4.497956,52.162633],[4.497809,52.162171],[4.497811,52.162025],[4.497665,52.161637],[4.497152,52.16093],[4.497102,52.160708],[4.497104,52.160112],[4.496787,52.159551]]}},{"type":"Feature","properties":{"mode":"bus","n":5,"arr":["45","400","N40","qbuzz:56","qbuzz:401"],"lines":"45, 400, N40, 56, 401"},"geometry":{"type":"LineString","coordinates":[[4.496919,52.159793],[4.496803,52.159722],[4.496708,52.159589]]}},{"type":"Feature","properties":{"mode":"bus","n":5,"arr":["45","400","N40","qbuzz:56","qbuzz:401"],"lines":"45, 400, N40, 56, 401"},"geometry":{"type":"LineString","coordinates":[[4.497989,52.162912],[4.498111,52.162899]]}},{"type":"Feature","properties":{"mode":"bus","n":6,"arr":["45","400","N40","qbuzz:3","qbuzz:56","qbuzz:401"],"lines":"45, 400, N40, 3, 56, 401"},"geometry":{"type":"LineString","coordinates":[[4.496708,52.159589],[4.49656,52.159297]]}},{"type":"Feature","properties":{"mode":"bus","n":6,"arr":["45","400","N40","qbuzz:3","qbuzz:56","qbuzz:401"],"lines":"45, 400, N40, 3, 56, 401"},"geometry":{"type":"LineString","coordinates":[[4.496787,52.159551],[4.496408,52.159076],[4.495491,52.157641],[4.494904,52.156191]]}},{"type":"Feature","properties":{"mode":"bus","n":6,"arr":["45","400","N40","qbuzz:3","qbuzz:56","qbuzz:401"],"lines":"45, 400, N40, 3, 56, 401"},"geometry":{"type":"LineString","coordinates":[[4.494677,52.154902],[4.494714,52.155645],[4.494814,52.156046],[4.494883,52.156157],[4.49489,52.156167],[4.494895,52.156172],[4.494899,52.156174],[4.494902,52.156171],[4.494905,52.156165],[4.494906,52.156155],[4.494913,52.156014],[4.494817,52.155525],[4.494776,52.154898]]}},{"type":"Feature","properties":{"mode":"bus","n":9,"arr":["45","182","400","N40","qbuzz:1","qbuzz:54","qbuzz:183","qbuzz:187","qbuzz:401"],"lines":"45, 182, 400, N40, 1, 54, 183, 187, 401"},"geometry":{"type":"LineString","coordinates":[[4.493759,52.153748],[4.493773,52.153814],[4.493876,52.153877],[4.494328,52.15392],[4.494521,52.154011],[4.494612,52.154366],[4.494677,52.154902]]}},{"type":"Feature","properties":{"mode":"bus","n":9,"arr":["45","182","400","N40","qbuzz:1","qbuzz:54","qbuzz:183","qbuzz:187","qbuzz:401"],"lines":"45, 182, 400, N40, 1, 54, 183, 187, 401"},"geometry":{"type":"LineString","coordinates":[[4.494776,52.154898],[4.494776,52.154665],[4.494664,52.154052],[4.494562,52.153955],[4.494088,52.153786],[4.493895,52.153686],[4.493853,52.153589],[4.493864,52.153451],[4.49393,52.153322]]}},{"type":"Feature","properties":{"mode":"bus","n":6,"arr":["45","400","N40","qbuzz:1","qbuzz:54","qbuzz:401"],"lines":"45, 400, N40, 1, 54, 401"},"geometry":{"type":"LineString","coordinates":[[4.493745,52.149569],[4.49407,52.150004],[4.49433,52.150482],[4.494424,52.150851],[4.494445,52.151256],[4.49441,52.151504],[4.493857,52.153145],[4.493759,52.153748]]}},{"type":"Feature","properties":{"mode":"bus","n":6,"arr":["45","400","N40","qbuzz:1","qbuzz:54","qbuzz:401"],"lines":"45, 400, N40, 1, 54, 401"},"geometry":{"type":"LineString","coordinates":[[4.49393,52.153322],[4.494435,52.151978],[4.494559,52.151386],[4.494598,52.150857],[4.49453,52.150429],[4.494413,52.150094],[4.494138,52.149604],[4.494006,52.149439]]}},{"type":"Feature","properties":{"mode":"bus","n":5,"arr":["45","400","N40","qbuzz:1","qbuzz:401"],"lines":"45, 400, N40, 1, 401"},"geometry":{"type":"LineString","coordinates":[[4.492391,52.148049],[4.493745,52.149569]]}},{"type":"Feature","properties":{"mode":"bus","n":5,"arr":["45","400","N40","qbuzz:1","qbuzz:401"],"lines":"45, 400, N40, 1, 401"},"geometry":{"type":"LineString","coordinates":[[4.494006,52.149439],[4.493715,52.149091],[4.492313,52.147659]]}},{"type":"Feature","properties":{"mode":"bus","n":10,"arr":["45","46","383","386","ebs:43","ebs:44","ebs:144","N1","N2","qbuzz:382"],"lines":"45, 46, 383, 386, 43, 44, 144, N1, N2, 382"},"geometry":{"type":"LineString","coordinates":[[4.330847,52.081263],[4.330148,52.081033]]}},{"type":"Feature","properties":{"mode":"bus","n":7,"arr":["45","46","383","386","N1","N2","qbuzz:382"],"lines":"45, 46, 383, 386, N1, N2, 382"},"geometry":{"type":"LineString","coordinates":[[4.332655,52.081872],[4.330847,52.081263]]}},{"type":"Feature","properties":{"mode":"bus","n":14,"arr":["45","50","250","365","366","410","ebs:43","qbuzz:20","qbuzz:21","qbuzz:22","qbuzz:23","qbuzz:30","qbuzz:31","qbuzz:38"],"lines":"45, 50, 250, 365, 366, 410, 43, 20, 21, 22, 23, 30, 31, 38"},"geometry":{"type":"LineString","coordinates":[[4.481715,52.165295],[4.481521,52.165119],[4.481459,52.164984]]}},{"type":"Feature","properties":{"mode":"bus","n":8,"arr":["50","365","366","410","qbuzz:20","qbuzz:22","qbuzz:23","qbuzz:31"],"lines":"50, 365, 366, 410, 20, 22, 23, 31"},"geometry":{"type":"LineString","coordinates":[[4.481749,52.165324],[4.481715,52.165295]]}},{"type":"Feature","properties":{"mode":"bus","n":5,"arr":["46","90","ebs:44","ebs:144","N2"],"lines":"46, 90, 44, 144, N2"},"geometry":{"type":"LineString","coordinates":[[4.388379,52.146638],[4.388417,52.146694],[4.388442,52.146717],[4.38848,52.146731],[4.388563,52.146751],[4.388924,52.146673],[4.389067,52.146663],[4.3891,52.146665],[4.389124,52.146675],[4.389137,52.146694],[4.389248,52.147017],[4.390488,52.148559],[4.390755,52.148748]]}},{"type":"Feature","properties":{"mode":"bus","n":5,"arr":["46","90","ebs:44","ebs:144","N2"],"lines":"46, 90, 44, 144, N2"},"geometry":{"type":"LineString","coordinates":[[4.388148,52.146256],[4.388116,52.146146],[4.388116,52.146126],[4.388131,52.14611],[4.388161,52.1461],[4.388844,52.145969],[4.388869,52.145966],[4.388888,52.14597],[4.388901,52.145979],[4.388908,52.145994],[4.389084,52.146752],[4.389186,52.14703],[4.390408,52.148588],[4.390681,52.14879]]}},{"type":"Feature","properties":{"mode":"bus","n":5,"arr":["46","ebs:44","ebs:144","N2","qbuzz:385"],"lines":"46, 44, 144, N2, 385"},"geometry":{"type":"LineString","coordinates":[[4.393751,52.147264],[4.390755,52.148748]]}},{"type":"Feature","properties":{"mode":"bus","n":5,"arr":["46","ebs:44","ebs:144","N2","qbuzz:385"],"lines":"46, 44, 144, N2, 385"},"geometry":{"type":"LineString","coordinates":[[4.39796,52.144557],[4.397425,52.144948]]}},{"type":"Feature","properties":{"mode":"bus","n":5,"arr":["46","ebs:44","ebs:144","N2","qbuzz:385"],"lines":"46, 44, 144, N2, 385"},"geometry":{"type":"LineString","coordinates":[[4.398009,52.144628],[4.397425,52.144948],[4.394845,52.146589]]}},{"type":"Feature","properties":{"mode":"bus","n":5,"arr":["46","ebs:44","ebs:144","N2","qbuzz:385"],"lines":"46, 44, 144, N2, 385"},"geometry":{"type":"LineString","coordinates":[[4.393751,52.147264],[4.394247,52.147031],[4.394808,52.146617],[4.394818,52.146609],[4.394824,52.146604],[4.394825,52.146602],[4.394821,52.146603],[4.394814,52.146606],[4.394801,52.146613],[4.394491,52.146784],[4.393751,52.147264]]}},{"type":"Feature","properties":{"mode":"bus","n":6,"arr":["46","90","ebs:44","ebs:144","N2","qbuzz:385"],"lines":"46, 90, 44, 144, N2, 385"},"geometry":{"type":"LineString","coordinates":[[4.390755,52.148748],[4.390681,52.14879]]}},{"type":"Feature","properties":{"mode":"bus","n":5,"arr":["47","200","271","360","N85"],"lines":"47, 200, 271, 360, N85"},"geometry":{"type":"LineString","coordinates":[[4.986178,52.312262],[4.986013,52.312007],[4.985614,52.311688],[4.985447,52.311617],[4.984941,52.311468]]}},{"type":"Feature","properties":{"mode":"bus","n":6,"arr":["47","200","271","360","gvb:66","N85"],"lines":"47, 200, 271, 360, 66, N85"},"geometry":{"type":"LineString","coordinates":[[4.986229,52.312403],[4.986178,52.312262]]}},{"type":"Feature","properties":{"mode":"bus","n":5,"arr":["47","49","200","271","N85"],"lines":"47, 49, 200, 271, N85"},"geometry":{"type":"LineString","coordinates":[[4.985975,52.312442],[4.986229,52.312403]]}},{"type":"Feature","properties":{"mode":"bus","n":6,"arr":["47","49","200","271","gvb:66","N85"],"lines":"47, 49, 200, 271, 66, N85"},"geometry":{"type":"LineString","coordinates":[[4.980464,52.31651],[4.982316,52.314504],[4.982656,52.314022],[4.983044,52.313594],[4.983184,52.313476],[4.983564,52.313238],[4.984339,52.312877],[4.984729,52.312753],[4.98581,52.312502],[4.985975,52.312442]]}},{"type":"Feature","properties":{"mode":"bus","n":5,"arr":["47","gvb:44","gvb:66","N85","N87"],"lines":"47, 44, 66, N85, N87"},"geometry":{"type":"LineString","coordinates":[[4.952236,52.315335],[4.952106,52.315297]]}},{"type":"Feature","properties":{"mode":"bus","n":5,"arr":["47","gvb:44","gvb:66","N85","N87"],"lines":"47, 44, 66, N85, N87"},"geometry":{"type":"LineString","coordinates":[[4.948691,52.31403],[4.948531,52.313965]]}},{"type":"Feature","properties":{"mode":"bus","n":7,"arr":["47","200","271","gvb:44","gvb:66","N85","N87"],"lines":"47, 200, 271, 44, 66, N85, N87"},"geometry":{"type":"LineString","coordinates":[[4.952106,52.315297],[4.951886,52.315254]]}},{"type":"Feature","properties":{"mode":"bus","n":9,"arr":["47","200","271","276","370","gvb:44","gvb:66","N85","N87"],"lines":"47, 200, 271, 276, 370, 44, 66, N85, N87"},"geometry":{"type":"LineString","coordinates":[[4.951886,52.315254],[4.948564,52.314109],[4.948504,52.314052],[4.948531,52.313965],[4.950423,52.311883]]}},{"type":"Feature","properties":{"mode":"bus","n":9,"arr":["47","49","200","271","360","gvb:44","gvb:66","N85","N87"],"lines":"47, 49, 200, 271, 360, 44, 66, N85, N87"},"geometry":{"type":"LineString","coordinates":[[4.950423,52.311883],[4.94769,52.310943]]}},{"type":"Feature","properties":{"mode":"bus","n":10,"arr":["47","49","200","271","300","360","gvb:44","gvb:66","N85","N87"],"lines":"47, 49, 200, 271, 300, 360, 44, 66, N85, N87"},"geometry":{"type":"LineString","coordinates":[[4.94769,52.310943],[4.947652,52.310931]]}},{"type":"Feature","properties":{"mode":"bus","n":13,"arr":["47","49","171","200","255","271","300","356","360","gvb:44","gvb:66","N85","N87"],"lines":"47, 49, 171, 200, 255, 271, 300, 356, 360, 44, 66, N85, N87"},"geometry":{"type":"LineString","coordinates":[[4.947652,52.310931],[4.947625,52.310923]]}},{"type":"Feature","properties":{"mode":"bus","n":14,"arr":["47","49","171","200","255","271","300","356","360","gvb:44","gvb:66","N30","N85","N87"],"lines":"47, 49, 171, 200, 255, 271, 300, 356, 360, 44, 66, N30, N85, N87"},"geometry":{"type":"LineString","coordinates":[[4.94747,52.310874],[4.947625,52.310923]]}},{"type":"Feature","properties":{"mode":"bus","n":13,"arr":["47","49","171","200","255","271","300","356","360","gvb:44","N30","N85","N87"],"lines":"47, 49, 171, 200, 255, 271, 300, 356, 360, 44, N30, N85, N87"},"geometry":{"type":"LineString","coordinates":[[4.94747,52.310874],[4.947358,52.310841]]}},{"type":"Feature","properties":{"mode":"bus","n":13,"arr":["47","49","171","255","300","326","356","360","gvb:44","N26","N30","N85","N87"],"lines":"47, 49, 171, 255, 300, 326, 356, 360, 44, N26, N30, N85, N87"},"geometry":{"type":"LineString","coordinates":[[4.947516,52.310803],[4.94747,52.310874]]}},{"type":"Feature","properties":{"mode":"bus","n":16,"arr":["47","49","171","200","255","271","300","326","356","360","gvb:44","gvb:66","N26","N30","N85","N87"],"lines":"47, 49, 171, 200, 255, 271, 300, 326, 356, 360, 44, 66, N26, N30, N85, N87"},"geometry":{"type":"LineString","coordinates":[[4.94747,52.310874],[4.947422,52.310929]]}},{"type":"Feature","properties":{"mode":"bus","n":16,"arr":["47","49","171","200","255","271","300","326","356","360","gvb:44","gvb:66","N26","N30","N85","N87"],"lines":"47, 49, 171, 200, 255, 271, 300, 326, 356, 360, 44, 66, N26, N30, N85, N87"},"geometry":{"type":"LineString","coordinates":[[4.947089,52.311826],[4.947306,52.311667],[4.947479,52.311466]]}},{"type":"Feature","properties":{"mode":"bus","n":8,"arr":["47","171","200","255","271","300","356","N30"],"lines":"47, 171, 200, 255, 271, 300, 356, N30"},"geometry":{"type":"LineString","coordinates":[[4.947422,52.310929],[4.947486,52.311023]]}},{"type":"Feature","properties":{"mode":"bus","n":7,"arr":["47","171","200","255","271","356","N30"],"lines":"47, 171, 200, 255, 271, 356, N30"},"geometry":{"type":"LineString","coordinates":[[4.947486,52.311023],[4.947667,52.311164]]}},{"type":"Feature","properties":{"mode":"bus","n":7,"arr":["171","200","255","271","356","gvb:44","N30"],"lines":"171, 200, 255, 271, 356, 44, N30"},"geometry":{"type":"LineString","coordinates":[[4.947674,52.311256],[4.9477,52.311202],[4.947667,52.311164]]}},{"type":"Feature","properties":{"mode":"bus","n":7,"arr":["171","200","255","271","356","gvb:44","N85"],"lines":"171, 200, 255, 271, 356, 44, N85"},"geometry":{"type":"LineString","coordinates":[[4.947504,52.311279],[4.947523,52.311296]]}},{"type":"Feature","properties":{"mode":"bus","n":7,"arr":["47","171","200","255","271","356","N85"],"lines":"47, 171, 200, 255, 271, 356, N85"},"geometry":{"type":"LineString","coordinates":[[4.947523,52.311296],[4.947577,52.31136]]}},{"type":"Feature","properties":{"mode":"bus","n":12,"arr":["47","171","200","255","271","300","326","356","gvb:44","N26","N30","N85"],"lines":"47, 171, 200, 255, 271, 300, 326, 356, 44, N26, N30, N85"},"geometry":{"type":"LineString","coordinates":[[4.947549,52.31139],[4.947577,52.31136]]}},{"type":"Feature","properties":{"mode":"bus","n":13,"arr":["47","171","200","255","271","300","326","356","gvb:44","gvb:66","N26","N30","N85"],"lines":"47, 171, 200, 255, 271, 300, 326, 356, 44, 66, N26, N30, N85"},"geometry":{"type":"LineString","coordinates":[[4.947479,52.311466],[4.947549,52.31139]]}},{"type":"Feature","properties":{"mode":"bus","n":10,"arr":["47","49","300","326","360","gvb:44","gvb:66","N26","N85","N87"],"lines":"47, 49, 300, 326, 360, 44, 66, N26, N85, N87"},"geometry":{"type":"LineString","coordinates":[[4.947018,52.311846],[4.947089,52.311826]]}},{"type":"Feature","properties":{"mode":"bus","n":9,"arr":["47","49","326","360","gvb:44","gvb:66","N26","N85","N87"],"lines":"47, 49, 326, 360, 44, 66, N26, N85, N87"},"geometry":{"type":"LineString","coordinates":[[4.947358,52.310841],[4.946765,52.311512],[4.946712,52.311606],[4.946704,52.311663],[4.946793,52.311802],[4.946896,52.311853],[4.947018,52.311846]]}},{"type":"Feature","properties":{"mode":"bus","n":9,"arr":["47","49","276","360","370","gvb:44","gvb:66","N85","N87"],"lines":"47, 49, 276, 360, 370, 44, 66, N85, N87"},"geometry":{"type":"LineString","coordinates":[[4.948927,52.311299],[4.94879,52.311281],[4.947798,52.310941],[4.947516,52.310803]]}},{"type":"Feature","properties":{"mode":"bus","n":7,"arr":["47","276","370","gvb:44","gvb:66","N85","N87"],"lines":"47, 276, 370, 44, 66, N85, N87"},"geometry":{"type":"LineString","coordinates":[[4.950461,52.311833],[4.948927,52.311299]]}},{"type":"Feature","properties":{"mode":"bus","n":7,"arr":["47","276","370","gvb:44","gvb:66","N85","N87"],"lines":"47, 276, 370, 44, 66, N85, N87"},"geometry":{"type":"LineString","coordinates":[[4.95227,52.315299],[4.948754,52.314076],[4.948691,52.31403]]}},{"type":"Feature","properties":{"mode":"bus","n":8,"arr":["47","200","276","370","gvb:44","gvb:66","N85","N87"],"lines":"47, 200, 276, 370, 44, 66, N85, N87"},"geometry":{"type":"LineString","coordinates":[[4.950461,52.311833],[4.950423,52.311883]]}},{"type":"Feature","properties":{"mode":"bus","n":5,"arr":["48","800","N47","N57","N97"],"lines":"48, 800, N47, N57, N97"},"geometry":{"type":"LineString","coordinates":[[4.896558,52.381437],[4.896299,52.381616]]}},{"type":"Feature","properties":{"mode":"bus","n":18,"arr":["48","305","391","800","N06","N07","N19","N47","N57","N81","N82","N85","N87","N89","N91","N93","N94","N97"],"lines":"48, 305, 391, 800, N06, N07, N19, N47, N57, N81, N82, N85, N87, N89, N91, N93, N94, N97"},"geometry":{"type":"LineString","coordinates":[[4.900899,52.379818],[4.899084,52.380484],[4.898901,52.380496],[4.89878,52.380447]]}},{"type":"Feature","properties":{"mode":"bus","n":8,"arr":["49","171","255","300","356","360","N30","N87"],"lines":"49, 171, 255, 300, 356, 360, N30, N87"},"geometry":{"type":"LineString","coordinates":[[4.947416,52.311426],[4.947385,52.311405]]}},{"type":"Feature","properties":{"mode":"bus","n":10,"arr":["49","171","200","255","271","300","356","360","N30","N87"],"lines":"49, 171, 200, 255, 271, 300, 356, 360, N30, N87"},"geometry":{"type":"LineString","coordinates":[[4.947479,52.311466],[4.947416,52.311426]]}},{"type":"Feature","properties":{"mode":"bus","n":14,"arr":["49","171","200","271","300","326","356","360","gvb:44","gvb:66","N26","N30","N85","N87"],"lines":"49, 171, 200, 271, 300, 326, 356, 360, 44, 66, N26, N30, N85, N87"},"geometry":{"type":"LineString","coordinates":[[4.947422,52.310929],[4.947382,52.310979]]}},{"type":"Feature","properties":{"mode":"bus","n":11,"arr":["49","300","326","356","360","gvb:44","gvb:66","N26","N30","N85","N87"],"lines":"49, 300, 326, 356, 360, 44, 66, N26, N30, N85, N87"},"geometry":{"type":"LineString","coordinates":[[4.947382,52.310979],[4.947331,52.311038]]}},{"type":"Feature","properties":{"mode":"bus","n":7,"arr":["49","326","360","gvb:44","gvb:66","N85","N87"],"lines":"49, 326, 360, 44, 66, N85, N87"},"geometry":{"type":"LineString","coordinates":[[4.947331,52.311038],[4.947286,52.31109]]}},{"type":"Feature","properties":{"mode":"bus","n":6,"arr":["49","326","360","gvb:66","N85","N87"],"lines":"49, 326, 360, 66, N85, N87"},"geometry":{"type":"LineString","coordinates":[[4.947286,52.31109],[4.947213,52.311174]]}},{"type":"Feature","properties":{"mode":"bus","n":5,"arr":["49","326","360","N85","N87"],"lines":"49, 326, 360, N85, N87"},"geometry":{"type":"LineString","coordinates":[[4.947213,52.311174],[4.947179,52.311214]]}},{"type":"Feature","properties":{"mode":"bus","n":5,"arr":["50","57","162","250","361"],"lines":"50, 57, 162, 250, 361"},"geometry":{"type":"LineString","coordinates":[[4.560933,52.257046],[4.560194,52.257396]]}},{"type":"Feature","properties":{"mode":"bus","n":6,"arr":["50","57","162","250","361","723"],"lines":"50, 57, 162, 250, 361, 723"},"geometry":{"type":"LineString","coordinates":[[4.560849,52.256999],[4.560251,52.257338],[4.560194,52.257396],[4.559799,52.257596],[4.558703,52.258],[4.558567,52.257994],[4.558472,52.257934],[4.558388,52.257591]]}},{"type":"Feature","properties":{"mode":"bus","n":6,"arr":["50","57","162","250","361","723"],"lines":"50, 57, 162, 250, 361, 723"},"geometry":{"type":"LineString","coordinates":[[4.558301,52.257315],[4.558254,52.257171]]}},{"type":"Feature","properties":{"mode":"bus","n":5,"arr":["50","57","250","361","723"],"lines":"50, 57, 250, 361, 723"},"geometry":{"type":"LineString","coordinates":[[4.558388,52.257591],[4.558301,52.257315]]}},{"type":"Feature","properties":{"mode":"bus","n":5,"arr":["50","57","90","361","qbuzz:56"],"lines":"50, 57, 90, 361, 56"},"geometry":{"type":"LineString","coordinates":[[4.516559,52.2154],[4.516687,52.215443],[4.516709,52.215485],[4.516661,52.215572],[4.516591,52.21563],[4.516566,52.215644],[4.516536,52.215649],[4.516503,52.215644],[4.515679,52.215408],[4.515486,52.215315],[4.514922,52.214936],[4.51447,52.214742],[4.511553,52.213778],[4.510367,52.213494],[4.508118,52.212571]]}},{"type":"Feature","properties":{"mode":"bus","n":5,"arr":["50","57","90","361","qbuzz:56"],"lines":"50, 57, 90, 361, 56"},"geometry":{"type":"LineString","coordinates":[[4.507736,52.212453],[4.507771,52.212428],[4.507784,52.212421],[4.507799,52.21242],[4.507815,52.212423],[4.508052,52.212511],[4.508095,52.21255],[4.508101,52.212556],[4.508104,52.21256],[4.508103,52.212563],[4.508099,52.212564],[4.508092,52.212563],[4.508081,52.21256],[4.507736,52.212453]]}},{"type":"Feature","properties":{"mode":"bus","n":7,"arr":["50","182","qbuzz:3","qbuzz:54","qbuzz:56","qbuzz:183","qbuzz:187"],"lines":"50, 182, 3, 54, 56, 183, 187"},"geometry":{"type":"LineString","coordinates":[[4.482476,52.165538],[4.482557,52.165572]]}},{"type":"Feature","properties":{"mode":"bus","n":20,"arr":["50","182","250","365","366","400","410","ebs:43","N40","qbuzz:1","qbuzz:3","qbuzz:20","qbuzz:21","qbuzz:22","qbuzz:23","qbuzz:54","qbuzz:56","qbuzz:183","qbuzz:187","qbuzz:401"],"lines":"50, 182, 250, 365, 366, 400, 410, 43, N40, 1, 3, 20, 21, 22, 23, 54, 56, 183, 187, 401"},"geometry":{"type":"LineString","coordinates":[[4.482557,52.165572],[4.482676,52.165572]]}},{"type":"Feature","properties":{"mode":"bus","n":23,"arr":["50","182","250","365","366","400","410","ebs:43","N40","qbuzz:1","qbuzz:3","qbuzz:20","qbuzz:21","qbuzz:22","qbuzz:23","qbuzz:30","qbuzz:31","qbuzz:38","qbuzz:54","qbuzz:56","qbuzz:183","qbuzz:187","qbuzz:401"],"lines":"50, 182, 250, 365, 366, 400, 410, 43, N40, 1, 3, 20, 21, 22, 23, 30, 31, 38, 54, 56, 183, 187, 401"},"geometry":{"type":"LineString","coordinates":[[4.482676,52.165572],[4.48286,52.16556]]}},{"type":"Feature","properties":{"mode":"bus","n":23,"arr":["50","182","250","365","366","400","410","N40","qbuzz:1","qbuzz:3","qbuzz:20","qbuzz:21","qbuzz:22","qbuzz:23","qbuzz:30","qbuzz:31","qbuzz:38","qbuzz:54","qbuzz:56","qbuzz:169","qbuzz:183","qbuzz:187","qbuzz:401"],"lines":"50, 182, 250, 365, 366, 400, 410, N40, 1, 3, 20, 21, 22, 23, 30, 31, 38, 54, 56, 169, 183, 187, 401"},"geometry":{"type":"LineString","coordinates":[[4.482616,52.165337],[4.482897,52.165555]]}},{"type":"Feature","properties":{"mode":"bus","n":20,"arr":["50","250","365","366","400","410","N40","qbuzz:1","qbuzz:3","qbuzz:20","qbuzz:21","qbuzz:22","qbuzz:23","qbuzz:30","qbuzz:31","qbuzz:38","qbuzz:54","qbuzz:56","qbuzz:183","qbuzz:401"],"lines":"50, 250, 365, 366, 400, 410, N40, 1, 3, 20, 21, 22, 23, 30, 31, 38, 54, 56, 183, 401"},"geometry":{"type":"LineString","coordinates":[[4.482616,52.165337],[4.481717,52.164634]]}},{"type":"Feature","properties":{"mode":"bus","n":5,"arr":["52","ret:2","ret:3","ret:9","ret:53"],"lines":"52, 2, 3, 9, 53"},"geometry":{"type":"LineString","coordinates":[[4.403307,51.92278],[4.403355,51.922913]]}},{"type":"Feature","properties":{"mode":"bus","n":8,"arr":["52","105","ebs:102","ebs:456","ret:2","ret:3","ret:9","ret:53"],"lines":"52, 105, 102, 456, 2, 3, 9, 53"},"geometry":{"type":"LineString","coordinates":[[4.406766,51.921857],[4.404458,51.922451],[4.403307,51.92278]]}},{"type":"Feature","properties":{"mode":"bus","n":8,"arr":["60","172","455","ebs:62","ebs:63","ebs:69","N5","ret:40"],"lines":"60, 172, 455, 62, 63, 69, N5, 40"},"geometry":{"type":"LineString","coordinates":[[4.367555,52.006184],[4.367079,52.006349],[4.366886,52.006448],[4.366796,52.006523],[4.366393,52.006986],[4.365333,52.008358],[4.365161,52.008497],[4.365038,52.008535],[4.364853,52.008554],[4.3645,52.008459],[4.363265,52.007946],[4.363164,52.007827],[4.36309,52.007486],[4.362805,52.006934],[4.362476,52.006587],[4.362138,52.006376],[4.361944,52.006285],[4.360658,52.005809],[4.359633,52.005359],[4.359434,52.005374],[4.359153,52.005477]]}},{"type":"Feature","properties":{"mode":"bus","n":7,"arr":["60","172","455","ebs:62","ebs:63","ebs:69","ret:40"],"lines":"60, 172, 455, 62, 63, 69, 40"},"geometry":{"type":"LineString","coordinates":[[4.364783,52.008547],[4.364658,52.008547],[4.364477,52.00849],[4.363494,52.008073],[4.363445,52.008034]]}},{"type":"Feature","properties":{"mode":"bus","n":7,"arr":["60","172","455","ebs:62","ebs:63","ebs:69","ret:40"],"lines":"60, 172, 455, 62, 63, 69, 40"},"geometry":{"type":"LineString","coordinates":[[4.367648,52.006153],[4.367555,52.006184]]}},{"type":"Feature","properties":{"mode":"bus","n":12,"arr":["60","172","455","633","ebs:33","ebs:37","ebs:62","ebs:63","ebs:64","ebs:69","N5","ret:40"],"lines":"60, 172, 455, 633, 33, 37, 62, 63, 64, 69, N5, 40"},"geometry":{"type":"LineString","coordinates":[[4.359153,52.005477],[4.357966,52.006883]]}},{"type":"Feature","properties":{"mode":"bus","n":13,"arr":["60","172","455","633","ebs:33","ebs:37","ebs:53","ebs:61","ebs:62","ebs:63","ebs:64","ebs:69","ret:40"],"lines":"60, 172, 455, 633, 33, 37, 53, 61, 62, 63, 64, 69, 40"},"geometry":{"type":"LineString","coordinates":[[4.357405,52.006598],[4.357966,52.006883]]}},{"type":"Feature","properties":{"mode":"bus","n":11,"arr":["60","455","633","ebs:33","ebs:37","ebs:53","ebs:61","ebs:62","ebs:63","ebs:64","ebs:69"],"lines":"60, 455, 633, 33, 37, 53, 61, 62, 63, 64, 69"},"geometry":{"type":"LineString","coordinates":[[4.357337,52.006565],[4.357405,52.006598]]}},{"type":"Feature","properties":{"mode":"bus","n":11,"arr":["60","455","633","ebs:33","ebs:37","ebs:53","ebs:61","ebs:62","ebs:63","ebs:64","ebs:69"],"lines":"60, 455, 633, 33, 37, 53, 61, 62, 63, 64, 69"},"geometry":{"type":"LineString","coordinates":[[4.357101,52.00705],[4.357619,52.007294]]}},{"type":"Feature","properties":{"mode":"bus","n":10,"arr":["60","633","ebs:33","ebs:37","ebs:53","ebs:61","ebs:62","ebs:63","ebs:64","ebs:69"],"lines":"60, 633, 33, 37, 53, 61, 62, 63, 64, 69"},"geometry":{"type":"LineString","coordinates":[[4.356816,52.006792],[4.357004,52.006564],[4.357084,52.00652],[4.35716,52.006511],[4.357199,52.006511],[4.357235,52.006521],[4.357337,52.006565]]}},{"type":"Feature","properties":{"mode":"bus","n":6,"arr":["60","ebs:53","ebs:61","ebs:62","ebs:63","ebs:64"],"lines":"60, 53, 61, 62, 63, 64"},"geometry":{"type":"LineString","coordinates":[[4.357133,52.006963],[4.357101,52.00705]]}},{"type":"Feature","properties":{"mode":"bus","n":12,"arr":["60","455","633","ebs:33","ebs:37","ebs:53","ebs:61","ebs:62","ebs:63","ebs:64","ebs:69","N5"],"lines":"60, 455, 633, 33, 37, 53, 61, 62, 63, 64, 69, N5"},"geometry":{"type":"LineString","coordinates":[[4.357966,52.006883],[4.357619,52.007294]]}},{"type":"Feature","properties":{"mode":"bus","n":5,"arr":["60","455","ebs:62","ebs:63","ebs:69"],"lines":"60, 455, 62, 63, 69"},"geometry":{"type":"LineString","coordinates":[[4.359633,52.005359],[4.359974,52.00539],[4.360954,52.00581],[4.36196,52.006207],[4.362428,52.006431],[4.362602,52.006558],[4.362856,52.006866],[4.362969,52.007056],[4.362958,52.007232]]}},{"type":"Feature","properties":{"mode":"bus","n":6,"arr":["68","471","ret:69","ret:70","ret:668","tdev:461"],"lines":"68, 471, 69, 70, 668, 461"},"geometry":{"type":"LineString","coordinates":[[4.489169,51.887949],[4.489135,51.88789]]}},{"type":"Feature","properties":{"mode":"bus","n":7,"arr":["68","462","471","ret:69","ret:70","ret:668","tdev:461"],"lines":"68, 462, 471, 69, 70, 668, 461"},"geometry":{"type":"LineString","coordinates":[[4.489135,51.88789],[4.489069,51.887772]]}},{"type":"Feature","properties":{"mode":"bus","n":9,"arr":["68","92","462","471","491","ret:69","ret:70","ret:668","tdev:461"],"lines":"68, 92, 462, 471, 491, 69, 70, 668, 461"},"geometry":{"type":"LineString","coordinates":[[4.489069,51.887772],[4.489035,51.887713]]}},{"type":"Feature","properties":{"mode":"bus","n":10,"arr":["68","92","462","471","491","ret:69","ret:70","ret:76","ret:668","tdev:461"],"lines":"68, 92, 462, 471, 491, 69, 70, 76, 668, 461"},"geometry":{"type":"LineString","coordinates":[[4.489002,51.887654],[4.489035,51.887713]]}},{"type":"Feature","properties":{"mode":"bus","n":15,"arr":["68","92","142","143","146","290","462","471","491","ret:69","ret:70","ret:76","ret:144","ret:668","tdev:461"],"lines":"68, 92, 142, 143, 146, 290, 462, 471, 491, 69, 70, 76, 144, 668, 461"},"geometry":{"type":"LineString","coordinates":[[4.488968,51.887595],[4.489002,51.887654]]}},{"type":"Feature","properties":{"mode":"bus","n":5,"arr":["68","ret:7","ret:69","ret:72","ret:668"],"lines":"68, 7, 69, 72, 668"},"geometry":{"type":"LineString","coordinates":[[4.476927,51.874037],[4.477908,51.873912]]}},{"type":"Feature","properties":{"mode":"bus","n":5,"arr":["68","ret:7","ret:69","ret:72","ret:668"],"lines":"68, 7, 69, 72, 668"},"geometry":{"type":"LineString","coordinates":[[4.462371,51.876609],[4.460534,51.875452],[4.460339,51.87545],[4.460138,51.875477]]}},{"type":"Feature","properties":{"mode":"bus","n":6,"arr":["68","ret:7","ret:69","ret:72","ret:567","ret:668"],"lines":"68, 7, 69, 72, 567, 668"},"geometry":{"type":"LineString","coordinates":[[4.47257,51.874407],[4.475422,51.874092],[4.475881,51.874063],[4.476592,51.874069],[4.476927,51.874037]]}},{"type":"Feature","properties":{"mode":"bus","n":5,"arr":["68","ret:7","ret:69","ret:567","ret:668"],"lines":"68, 7, 69, 567, 668"},"geometry":{"type":"LineString","coordinates":[[4.469257,51.874842],[4.470534,51.874654],[4.472268,51.87447],[4.47257,51.874407]]}},{"type":"Feature","properties":{"mode":"bus","n":5,"arr":["68","ret:7","ret:67","ret:69","ret:668"],"lines":"68, 7, 67, 69, 668"},"geometry":{"type":"LineString","coordinates":[[4.46686,51.875072],[4.467427,51.875001],[4.469257,51.874842]]}},{"type":"Feature","properties":{"mode":"bus","n":6,"arr":["68","ret:67","ret:69","ret:72","ret:567","ret:668"],"lines":"68, 67, 69, 72, 567, 668"},"geometry":{"type":"LineString","coordinates":[[4.469248,51.874786],[4.468002,51.874926],[4.466842,51.875011]]}},{"type":"Feature","properties":{"mode":"bus","n":7,"arr":["68","82","283","ret:69","ret:70","ret:72","ret:183"],"lines":"68, 82, 283, 69, 70, 72, 183"},"geometry":{"type":"LineString","coordinates":[[4.478073,51.873895],[4.478657,51.876276],[4.479152,51.877469],[4.479184,51.878023],[4.479727,51.879661],[4.479984,51.880207],[4.480374,51.880867],[4.480975,51.8816],[4.481482,51.882114],[4.482088,51.882592],[4.482817,51.88311],[4.483359,51.883379],[4.484438,51.883827],[4.485029,51.884028],[4.485737,51.884232],[4.485914,51.884315],[4.486098,51.884368],[4.486449,51.884427],[4.487366,51.884491],[4.487495,51.884523],[4.487588,51.884601]]}},{"type":"Feature","properties":{"mode":"bus","n":11,"arr":["68","82","92","283","462","471","ret:69","ret:70","ret:72","ret:183","tdev:461"],"lines":"68, 82, 92, 283, 462, 471, 69, 70, 72, 183, 461"},"geometry":{"type":"LineString","coordinates":[[4.487588,51.884601],[4.487587,51.884667]]}},{"type":"Feature","properties":{"mode":"bus","n":21,"arr":["68","82","92","142","143","146","283","290","462","471","ret:44","ret:67","ret:69","ret:70","ret:72","ret:84","ret:144","ret:183","ret:187","ret:567","tdev:461"],"lines":"68, 82, 92, 142, 143, 146, 283, 290, 462, 471, 44, 67, 69, 70, 72, 84, 144, 183, 187, 567, 461"},"geometry":{"type":"LineString","coordinates":[[4.487337,51.885198],[4.487369,51.885629],[4.487476,51.885946],[4.488119,51.887005]]}},{"type":"Feature","properties":{"mode":"bus","n":20,"arr":["68","82","142","143","146","283","290","462","471","ret:44","ret:67","ret:69","ret:70","ret:72","ret:84","ret:144","ret:183","ret:187","ret:567","tdev:461"],"lines":"68, 82, 142, 143, 146, 283, 290, 462, 471, 44, 67, 69, 70, 72, 84, 144, 183, 187, 567, 461"},"geometry":{"type":"LineString","coordinates":[[4.488119,51.887005],[4.488418,51.887514]]}},{"type":"Feature","properties":{"mode":"bus","n":5,"arr":["73","300","341","conn:3","N30"],"lines":"73, 300, 341, 3, N30"},"geometry":{"type":"LineString","coordinates":[[4.644389,52.37001],[4.644322,52.370076],[4.644312,52.37009],[4.644312,52.370102],[4.644323,52.370113],[4.644344,52.370121],[4.644633,52.370205]]}},{"type":"Feature","properties":{"mode":"bus","n":13,"arr":["73","244","255","300","341","346","356","680","conn:3","conn:80","conn:567","N30","N80"],"lines":"73, 244, 255, 300, 341, 346, 356, 680, 3, 80, 567, N30, N80"},"geometry":{"type":"LineString","coordinates":[[4.644633,52.370205],[4.644017,52.370222]]}},{"type":"Feature","properties":{"mode":"bus","n":12,"arr":["73","244","255","300","341","346","356","680","conn:3","conn:80","N30","N80"],"lines":"73, 244, 255, 300, 341, 346, 356, 680, 3, 80, N30, N80"},"geometry":{"type":"LineString","coordinates":[[4.644017,52.370222],[4.643119,52.370263],[4.642567,52.370348],[4.642321,52.370408],[4.641733,52.3706],[4.64134,52.37078],[4.64075,52.37113]]}},{"type":"Feature","properties":{"mode":"bus","n":7,"arr":["73","244","255","300","346","356","N30"],"lines":"73, 244, 255, 300, 346, 356, N30"},"geometry":{"type":"LineString","coordinates":[[4.64075,52.37113],[4.642552,52.37242],[4.643148,52.373208],[4.643324,52.373635]]}},{"type":"Feature","properties":{"mode":"bus","n":9,"arr":["73","244","255","300","346","356","conn:2","conn:569","N30"],"lines":"73, 244, 255, 300, 346, 356, 2, 569, N30"},"geometry":{"type":"LineString","coordinates":[[4.643324,52.373635],[4.643527,52.374305],[4.643568,52.374531],[4.643562,52.374774]]}},{"type":"Feature","properties":{"mode":"bus","n":8,"arr":["73","244","300","346","356","conn:2","conn:569","N30"],"lines":"73, 244, 300, 346, 356, 2, 569, N30"},"geometry":{"type":"LineString","coordinates":[[4.643562,52.374774],[4.643574,52.374911],[4.643533,52.375062],[4.643117,52.375766],[4.642781,52.376203],[4.642492,52.376425],[4.641743,52.376776]]}},{"type":"Feature","properties":{"mode":"bus","n":7,"arr":["73","300","346","356","conn:2","conn:569","N30"],"lines":"73, 300, 346, 356, 2, 569, N30"},"geometry":{"type":"LineString","coordinates":[[4.641743,52.376776],[4.640974,52.377021],[4.640848,52.377008]]}},{"type":"Feature","properties":{"mode":"bus","n":7,"arr":["73","300","346","356","conn:2","conn:569","N30"],"lines":"73, 300, 346, 356, 2, 569, N30"},"geometry":{"type":"LineString","coordinates":[[4.640027,52.376832],[4.639837,52.376804],[4.639673,52.376814]]}},{"type":"Feature","properties":{"mode":"bus","n":8,"arr":["73","255","300","346","356","conn:2","conn:569","N30"],"lines":"73, 255, 300, 346, 356, 2, 569, N30"},"geometry":{"type":"LineString","coordinates":[[4.640848,52.377008],[4.640627,52.377012],[4.640027,52.376832]]}},{"type":"Feature","properties":{"mode":"bus","n":8,"arr":["73","300","346","356","conn:2","conn:3","conn:569","N30"],"lines":"73, 300, 346, 356, 2, 3, 569, N30"},"geometry":{"type":"LineString","coordinates":[[4.639673,52.376814],[4.639541,52.37685]]}},{"type":"Feature","properties":{"mode":"bus","n":9,"arr":["73","300","346","356","conn:2","conn:3","conn:569","N30","N80"],"lines":"73, 300, 346, 356, 2, 3, 569, N30, N80"},"geometry":{"type":"LineString","coordinates":[[4.639541,52.37685],[4.638889,52.377213],[4.638693,52.377351],[4.638196,52.377823],[4.63806,52.37785]]}},{"type":"Feature","properties":{"mode":"bus","n":11,"arr":["73","255","300","346","356","568","conn:2","conn:3","conn:569","N30","N80"],"lines":"73, 255, 300, 346, 356, 568, 2, 3, 569, N30, N80"},"geometry":{"type":"LineString","coordinates":[[4.63806,52.37785],[4.636754,52.377791],[4.636624,52.377809],[4.635927,52.378012],[4.635573,52.378158],[4.635106,52.378418],[4.633078,52.379643],[4.632832,52.379864],[4.632744,52.380019],[4.632111,52.381387],[4.6319,52.381926],[4.63236,52.383017],[4.632871,52.383597],[4.633941,52.384529],[4.63409,52.385003],[4.634212,52.385613],[4.634164,52.385795],[4.634024,52.386027]]}},{"type":"Feature","properties":{"mode":"bus","n":13,"arr":["73","81","250","255","300","340","conn:2","conn:3","conn:14","conn:84","conn:569","N30","N80"],"lines":"73, 81, 250, 255, 300, 340, 2, 3, 14, 84, 569, N30, N80"},"geometry":{"type":"LineString","coordinates":[[4.634024,52.386027],[4.634242,52.386075],[4.63448,52.386077],[4.636337,52.385864],[4.638171,52.385703],[4.639064,52.385591],[4.639089,52.38559],[4.63911,52.385595],[4.639124,52.385604],[4.639133,52.385619],[4.639185,52.38578]]}},{"type":"Feature","properties":{"mode":"bus","n":14,"arr":["73","81","250","255","300","340","conn:2","conn:3","conn:14","conn:15","conn:84","conn:569","N30","N80"],"lines":"73, 81, 250, 255, 300, 340, 2, 3, 14, 15, 84, 569, N30, N80"},"geometry":{"type":"LineString","coordinates":[[4.639986,52.387303],[4.639185,52.38578]]}},{"type":"Feature","properties":{"mode":"bus","n":18,"arr":["73","81","250","255","300","340","568","conn:2","conn:3","conn:7","conn:8","conn:14","conn:15","conn:84","conn:385","conn:569","N30","N80"],"lines":"73, 81, 250, 255, 300, 340, 568, 2, 3, 7, 8, 14, 15, 84, 385, 569, N30, N80"},"geometry":{"type":"LineString","coordinates":[[4.6387,52.387437],[4.639986,52.387303]]}},{"type":"Feature","properties":{"mode":"bus","n":18,"arr":["73","81","255","300","340","356","568","conn:2","conn:3","conn:7","conn:8","conn:14","conn:15","conn:84","conn:385","conn:569","N30","N80"],"lines":"73, 81, 255, 300, 340, 356, 568, 2, 3, 7, 8, 14, 15, 84, 385, 569, N30, N80"},"geometry":{"type":"LineString","coordinates":[[4.638362,52.387449],[4.6387,52.387437]]}},{"type":"Feature","properties":{"mode":"bus","n":19,"arr":["73","81","250","255","300","340","356","568","conn:2","conn:3","conn:7","conn:8","conn:14","conn:15","conn:84","conn:385","conn:569","N30","N80"],"lines":"73, 81, 250, 255, 300, 340, 356, 568, 2, 3, 7, 8, 14, 15, 84, 385, 569, N30, N80"},"geometry":{"type":"LineString","coordinates":[[4.638144,52.387012],[4.638211,52.387029],[4.63824,52.387042],[4.638254,52.387062],[4.638362,52.387449]]}},{"type":"Feature","properties":{"mode":"bus","n":19,"arr":["73","81","250","255","300","340","346","356","568","conn:2","conn:3","conn:7","conn:8","conn:14","conn:84","conn:385","conn:569","N30","N80"],"lines":"73, 81, 250, 255, 300, 340, 346, 356, 568, 2, 3, 7, 8, 14, 84, 385, 569, N30, N80"},"geometry":{"type":"LineString","coordinates":[[4.638051,52.387021],[4.638144,52.387012]]}},{"type":"Feature","properties":{"mode":"bus","n":12,"arr":["73","250","255","340","346","356","568","conn:3","conn:385","conn:569","N30","N80"],"lines":"73, 250, 255, 340, 346, 356, 568, 3, 385, 569, N30, N80"},"geometry":{"type":"LineString","coordinates":[[4.638171,52.387468],[4.638269,52.387458]]}},{"type":"Feature","properties":{"mode":"bus","n":11,"arr":["73","250","340","356","568","conn:3","conn:14","conn:385","conn:569","N30","N80"],"lines":"73, 250, 340, 356, 568, 3, 14, 385, 569, N30, N80"},"geometry":{"type":"LineString","coordinates":[[4.638269,52.387458],[4.638362,52.387449]]}},{"type":"Feature","properties":{"mode":"bus","n":12,"arr":["73","568","conn:2","conn:3","conn:7","conn:8","conn:14","conn:15","conn:385","conn:569","N30","N80"],"lines":"73, 568, 2, 3, 7, 8, 14, 15, 385, 569, N30, N80"},"geometry":{"type":"LineString","coordinates":[[4.640584,52.388524],[4.640553,52.388313],[4.639986,52.387303]]}},{"type":"Feature","properties":{"mode":"bus","n":8,"arr":["73","conn:2","conn:3","conn:8","conn:385","conn:569","N30","N80"],"lines":"73, 2, 3, 8, 385, 569, N30, N80"},"geometry":{"type":"LineString","coordinates":[[4.640533,52.388569],[4.640584,52.388524]]}},{"type":"Feature","properties":{"mode":"bus","n":7,"arr":["73","conn:2","conn:3","conn:385","conn:569","N30","N80"],"lines":"73, 2, 3, 385, 569, N30, N80"},"geometry":{"type":"LineString","coordinates":[[4.638961,52.388733],[4.639678,52.388639],[4.640356,52.388569],[4.640533,52.388569]]}},{"type":"Feature","properties":{"mode":"bus","n":7,"arr":["73","244","conn:3","conn:385","conn:569","N30","N80"],"lines":"73, 244, 3, 385, 569, N30, N80"},"geometry":{"type":"LineString","coordinates":[[4.64078,52.394226],[4.640847,52.394214],[4.640862,52.39421],[4.640871,52.394204],[4.640874,52.394196],[4.64087,52.394186],[4.640198,52.393052],[4.640212,52.39294],[4.640545,52.392076],[4.640656,52.390925],[4.64066,52.390353],[4.640635,52.390258],[4.640615,52.390228],[4.640571,52.390209],[4.640145,52.390108],[4.639991,52.390099],[4.639767,52.390021],[4.639677,52.389946],[4.639057,52.388998],[4.638961,52.388733]]}},{"type":"Feature","properties":{"mode":"bus","n":8,"arr":["73","244","568","conn:3","conn:385","conn:569","N30","N80"],"lines":"73, 244, 568, 3, 385, 569, N30, N80"},"geometry":{"type":"LineString","coordinates":[[4.648801,52.405625],[4.648345,52.40479],[4.648203,52.404639],[4.648025,52.404188],[4.647659,52.403643],[4.647582,52.403553],[4.646822,52.402987],[4.645864,52.402213],[4.645404,52.401723],[4.645032,52.401215],[4.644931,52.400957],[4.644867,52.400573],[4.644785,52.400374],[4.644575,52.399923],[4.644382,52.399616],[4.643997,52.398751],[4.643714,52.39844],[4.643283,52.398064],[4.643271,52.398043],[4.643277,52.398022],[4.643291,52.398004],[4.643297,52.397989],[4.643295,52.397976],[4.643284,52.397963],[4.642462,52.397256],[4.642384,52.39722],[4.641745,52.396605],[4.641595,52.396321],[4.641464,52.39594],[4.641473,52.395881],[4.641071,52.394771],[4.64078,52.394226]]}},{"type":"Feature","properties":{"mode":"bus","n":8,"arr":["73","244","568","conn:3","conn:385","conn:569","N30","N80"],"lines":"73, 244, 568, 3, 385, 569, N30, N80"},"geometry":{"type":"LineString","coordinates":[[4.650742,52.409263],[4.65034,52.408534],[4.650164,52.408302],[4.649971,52.407838],[4.649555,52.407039],[4.649495,52.406997],[4.649376,52.406795],[4.648902,52.405836]]}},{"type":"Feature","properties":{"mode":"bus","n":8,"arr":["73","244","568","conn:3","conn:385","conn:569","N30","N80"],"lines":"73, 244, 568, 3, 385, 569, N30, N80"},"geometry":{"type":"LineString","coordinates":[[4.650961,52.41237],[4.650904,52.412611],[4.650921,52.412671],[4.650844,52.412932],[4.650472,52.413756]]}},{"type":"Feature","properties":{"mode":"bus","n":8,"arr":["73","244","568","conn:3","conn:385","conn:569","N30","N80"],"lines":"73, 244, 568, 3, 385, 569, N30, N80"},"geometry":{"type":"LineString","coordinates":[[4.650072,52.414748],[4.649759,52.41552],[4.6497,52.415561],[4.649442,52.416244],[4.649262,52.416573]]}},{"type":"Feature","properties":{"mode":"bus","n":7,"arr":["73","244","568","conn:3","conn:385","N30","N80"],"lines":"73, 244, 568, 3, 385, N30, N80"},"geometry":{"type":"LineString","coordinates":[[4.648902,52.405836],[4.648801,52.405625]]}},{"type":"Feature","properties":{"mode":"bus","n":6,"arr":["244","568","conn:3","conn:385","conn:569","N30"],"lines":"244, 568, 3, 385, 569, N30"},"geometry":{"type":"LineString","coordinates":[[4.650742,52.409263],[4.650922,52.409561],[4.651128,52.410049]]}},{"type":"Feature","properties":{"mode":"bus","n":6,"arr":["73","244","conn:3","conn:385","conn:569","N80"],"lines":"73, 244, 3, 385, 569, N80"},"geometry":{"type":"LineString","coordinates":[[4.651044,52.4101],[4.651142,52.410902],[4.651097,52.41149],[4.650961,52.41237]]}},{"type":"Feature","properties":{"mode":"bus","n":5,"arr":["73","244","conn:3","conn:385","N80"],"lines":"73, 244, 3, 385, N80"},"geometry":{"type":"LineString","coordinates":[[4.651028,52.410036],[4.651044,52.4101]]}},{"type":"Feature","properties":{"mode":"bus","n":7,"arr":["73","244","568","conn:3","conn:385","conn:569","N30"],"lines":"73, 244, 568, 3, 385, 569, N30"},"geometry":{"type":"LineString","coordinates":[[4.650472,52.413756],[4.650168,52.414312],[4.650072,52.414748]]}},{"type":"Feature","properties":{"mode":"bus","n":9,"arr":["73","244","568","conn:3","conn:14","conn:385","conn:569","N30","N80"],"lines":"73, 244, 568, 3, 14, 385, 569, N30, N80"},"geometry":{"type":"LineString","coordinates":[[4.649262,52.416573],[4.649217,52.41683],[4.648369,52.418983],[4.648166,52.41928]]}},{"type":"Feature","properties":{"mode":"bus","n":10,"arr":["73","244","568","conn:2","conn:3","conn:14","conn:385","conn:569","N30","N80"],"lines":"73, 244, 568, 2, 3, 14, 385, 569, N30, N80"},"geometry":{"type":"LineString","coordinates":[[4.648166,52.41928],[4.648054,52.419656],[4.648067,52.419711],[4.647665,52.420798],[4.647604,52.421108],[4.647585,52.42196]]}},{"type":"Feature","properties":{"mode":"bus","n":9,"arr":["73","244","conn:2","conn:3","conn:14","conn:385","conn:569","N30","N80"],"lines":"73, 244, 2, 3, 14, 385, 569, N30, N80"},"geometry":{"type":"LineString","coordinates":[[4.647585,52.42196],[4.647744,52.422143],[4.648334,52.422436],[4.648521,52.422599]]}},{"type":"Feature","properties":{"mode":"bus","n":5,"arr":["73","244","conn:74","conn:76","N80"],"lines":"73, 244, 74, 76, N80"},"geometry":{"type":"LineString","coordinates":[[4.655983,52.473733],[4.655794,52.473568],[4.655699,52.473514],[4.655484,52.473445],[4.655107,52.473414],[4.654707,52.473475],[4.651343,52.474672],[4.650969,52.474867],[4.649195,52.476247],[4.648857,52.476414],[4.648839,52.476425],[4.648833,52.476437],[4.648837,52.476449],[4.648852,52.476462],[4.649633,52.476955],[4.650295,52.477554],[4.650874,52.477889],[4.651062,52.477983],[4.651386,52.478046],[4.651684,52.47808],[4.651819,52.478064]]}},{"type":"Feature","properties":{"mode":"bus","n":7,"arr":["73","78","244","572","conn:74","conn:76","N80"],"lines":"73, 78, 244, 572, 74, 76, N80"},"geometry":{"type":"LineString","coordinates":[[4.651819,52.478064],[4.652423,52.477703],[4.652498,52.477694],[4.652617,52.477723]]}},{"type":"Feature","properties":{"mode":"bus","n":9,"arr":["73","78","244","572","conn:72","conn:74","conn:75","conn:76","N80"],"lines":"73, 78, 244, 572, 72, 74, 75, 76, N80"},"geometry":{"type":"LineString","coordinates":[[4.652617,52.477723],[4.652725,52.47758],[4.652791,52.47754],[4.652919,52.477513]]}},{"type":"Feature","properties":{"mode":"bus","n":11,"arr":["73","78","244","572","conn:71","conn:72","conn:74","conn:75","conn:76","meer:65","N80"],"lines":"73, 78, 244, 572, 71, 72, 74, 75, 76, 65, N80"},"geometry":{"type":"LineString","coordinates":[[4.652919,52.477513],[4.653187,52.477318],[4.653234,52.47724],[4.653405,52.47719],[4.653458,52.477181],[4.653512,52.477188],[4.653819,52.477271],[4.654048,52.477362],[4.654074,52.477376],[4.654088,52.477395],[4.654089,52.477417],[4.654067,52.477517],[4.654033,52.477548],[4.654026,52.477555],[4.654025,52.477563],[4.65403,52.477569],[4.654041,52.477575],[4.654119,52.477608]]}},{"type":"Feature","properties":{"mode":"bus","n":10,"arr":["73","78","244","572","conn:71","conn:72","conn:74","conn:75","conn:76","N80"],"lines":"73, 78, 244, 572, 71, 72, 74, 75, 76, N80"},"geometry":{"type":"LineString","coordinates":[[4.654143,52.477861],[4.654024,52.477805],[4.653962,52.477674],[4.653958,52.477613],[4.654014,52.477564]]}},{"type":"Feature","properties":{"mode":"bus","n":8,"arr":["73","78","572","conn:71","conn:72","conn:74","conn:75","conn:76"],"lines":"73, 78, 572, 71, 72, 74, 75, 76"},"geometry":{"type":"LineString","coordinates":[[4.655016,52.477921],[4.654782,52.478062],[4.654763,52.47807],[4.654742,52.478073],[4.654719,52.478071],[4.654651,52.478059],[4.654143,52.477861]]}},{"type":"Feature","properties":{"mode":"bus","n":9,"arr":["73","78","572","conn:71","conn:72","conn:74","conn:75","conn:76","meer:65"],"lines":"73, 78, 572, 71, 72, 74, 75, 76, 65"},"geometry":{"type":"LineString","coordinates":[[4.654427,52.47773],[4.654924,52.477907],[4.655016,52.477921]]}},{"type":"Feature","properties":{"mode":"bus","n":10,"arr":["73","78","244","572","conn:71","conn:72","conn:74","conn:75","conn:76","meer:65"],"lines":"73, 78, 244, 572, 71, 72, 74, 75, 76, 65"},"geometry":{"type":"LineString","coordinates":[[4.654119,52.477608],[4.654427,52.47773]]}},{"type":"Feature","properties":{"mode":"bus","n":9,"arr":["73","78","244","conn:71","conn:72","conn:74","conn:75","conn:76","meer:65"],"lines":"73, 78, 244, 71, 72, 74, 75, 76, 65"},"geometry":{"type":"LineString","coordinates":[[4.652919,52.477513],[4.652874,52.477596],[4.652685,52.477754]]}},{"type":"Feature","properties":{"mode":"bus","n":8,"arr":["73","572","conn:71","conn:72","conn:74","conn:75","conn:76","meer:65"],"lines":"73, 572, 71, 72, 74, 75, 76, 65"},"geometry":{"type":"LineString","coordinates":[[4.652685,52.477754],[4.655504,52.478909],[4.655677,52.478944],[4.65736,52.479586],[4.65912,52.480153]]}},{"type":"Feature","properties":{"mode":"bus","n":7,"arr":["73","572","conn:71","conn:72","conn:74","conn:75","meer:65"],"lines":"73, 572, 71, 72, 74, 75, 65"},"geometry":{"type":"LineString","coordinates":[[4.663439,52.481507],[4.6609,52.480743],[4.65912,52.480153]]}},{"type":"Feature","properties":{"mode":"bus","n":6,"arr":["73","572","conn:72","conn:74","conn:75","meer:65"],"lines":"73, 572, 72, 74, 75, 65"},"geometry":{"type":"LineString","coordinates":[[4.662399,52.482413],[4.663046,52.481952],[4.663203,52.481808],[4.663439,52.481507]]}},{"type":"Feature","properties":{"mode":"bus","n":6,"arr":["73","572","conn:72","conn:74","conn:75","meer:65"],"lines":"73, 572, 72, 74, 75, 65"},"geometry":{"type":"LineString","coordinates":[[4.6609,52.480743],[4.660382,52.481338],[4.660371,52.481358],[4.660377,52.481377],[4.660399,52.481393],[4.661891,52.48215]]}},{"type":"Feature","properties":{"mode":"bus","n":5,"arr":["73","572","conn:71","conn:72","conn:74"],"lines":"73, 572, 71, 72, 74"},"geometry":{"type":"LineString","coordinates":[[4.667037,52.509143],[4.667165,52.50919]]}},{"type":"Feature","properties":{"mode":"bus","n":6,"arr":["73","572","conn:71","conn:72","conn:74","conn:75"],"lines":"73, 572, 71, 72, 74, 75"},"geometry":{"type":"LineString","coordinates":[[4.652583,52.477832],[4.652894,52.477851]]}},{"type":"Feature","properties":{"mode":"bus","n":6,"arr":["73","78","244","572","conn:71","conn:74"],"lines":"73, 78, 244, 572, 71, 74"},"geometry":{"type":"LineString","coordinates":[[4.652583,52.477832],[4.652685,52.477754]]}},{"type":"Feature","properties":{"mode":"bus","n":5,"arr":["73","78","244","572","conn:74"],"lines":"73, 78, 244, 572, 74"},"geometry":{"type":"LineString","coordinates":[[4.652583,52.477832],[4.65235,52.47791],[4.651639,52.478331]]}},{"type":"Feature","properties":{"mode":"bus","n":5,"arr":["73","244","conn:3","conn:385","N30"],"lines":"73, 244, 3, 385, N30"},"geometry":{"type":"LineString","coordinates":[[4.648521,52.422599],[4.648395,52.422534]]}},{"type":"Feature","properties":{"mode":"bus","n":8,"arr":["73","244","568","conn:2","conn:3","conn:14","conn:385","N30"],"lines":"73, 244, 568, 2, 3, 14, 385, N30"},"geometry":{"type":"LineString","coordinates":[[4.647585,52.42196],[4.647554,52.42196],[4.647547,52.421961],[4.647542,52.421962],[4.647541,52.421966],[4.647542,52.42197],[4.647578,52.422039],[4.647698,52.422161],[4.648395,52.422534]]}},{"type":"Feature","properties":{"mode":"bus","n":6,"arr":["73","244","568","conn:3","conn:385","N30"],"lines":"73, 244, 568, 3, 385, N30"},"geometry":{"type":"LineString","coordinates":[[4.64078,52.394226],[4.639964,52.39294],[4.639166,52.391952],[4.638931,52.391567],[4.638923,52.391534],[4.638943,52.391503],[4.639934,52.390596],[4.639953,52.390565],[4.639945,52.390533],[4.639341,52.389632],[4.63885,52.388842],[4.638789,52.388689]]}},{"type":"Feature","properties":{"mode":"bus","n":9,"arr":["73","244","568","conn:2","conn:3","conn:7","conn:8","conn:385","N30"],"lines":"73, 244, 568, 2, 3, 7, 8, 385, N30"},"geometry":{"type":"LineString","coordinates":[[4.638789,52.388689],[4.640405,52.388525],[4.640584,52.388524]]}},{"type":"Feature","properties":{"mode":"bus","n":17,"arr":["73","81","250","255","300","340","346","356","568","conn:2","conn:3","conn:7","conn:8","conn:14","conn:84","conn:385","N30"],"lines":"73, 81, 250, 255, 300, 340, 346, 356, 568, 2, 3, 7, 8, 14, 84, 385, N30"},"geometry":{"type":"LineString","coordinates":[[4.638051,52.387021],[4.637884,52.387038]]}},{"type":"Feature","properties":{"mode":"bus","n":16,"arr":["73","81","250","255","300","340","346","356","568","conn:2","conn:3","conn:7","conn:8","conn:14","conn:84","N30"],"lines":"73, 81, 250, 255, 300, 340, 346, 356, 568, 2, 3, 7, 8, 14, 84, N30"},"geometry":{"type":"LineString","coordinates":[[4.637884,52.387038],[4.636728,52.387157],[4.636694,52.387156],[4.636672,52.387147],[4.636659,52.387128],[4.636343,52.386068],[4.63633,52.386049],[4.636307,52.386039],[4.636274,52.386038],[4.63447,52.3862],[4.634338,52.386195],[4.633965,52.386096]]}},{"type":"Feature","properties":{"mode":"bus","n":12,"arr":["73","255","300","340","346","356","568","conn:2","conn:3","conn:14","conn:84","N30"],"lines":"73, 255, 300, 340, 346, 356, 568, 2, 3, 14, 84, N30"},"geometry":{"type":"LineString","coordinates":[[4.633965,52.386096],[4.634024,52.386027]]}},{"type":"Feature","properties":{"mode":"bus","n":8,"arr":["73","255","300","346","568","conn:2","conn:3","N30"],"lines":"73, 255, 300, 346, 568, 2, 3, N30"},"geometry":{"type":"LineString","coordinates":[[4.639209,52.376931],[4.638992,52.37705],[4.638616,52.37732],[4.63806,52.37785]]}},{"type":"Feature","properties":{"mode":"bus","n":6,"arr":["73","255","300","346","conn:2","N30"],"lines":"73, 255, 300, 346, 2, N30"},"geometry":{"type":"LineString","coordinates":[[4.639487,52.376799],[4.639209,52.376931]]}},{"type":"Feature","properties":{"mode":"bus","n":6,"arr":["73","255","300","346","conn:2","N30"],"lines":"73, 255, 300, 346, 2, N30"},"geometry":{"type":"LineString","coordinates":[[4.640027,52.376832],[4.639884,52.376758],[4.639658,52.376759]]}},{"type":"Feature","properties":{"mode":"bus","n":6,"arr":["73","255","300","346","conn:2","N30"],"lines":"73, 255, 300, 346, 2, N30"},"geometry":{"type":"LineString","coordinates":[[4.641555,52.376739],[4.640998,52.376922],[4.640848,52.377008]]}},{"type":"Feature","properties":{"mode":"bus","n":7,"arr":["73","255","300","346","conn:2","N30","N80"],"lines":"73, 255, 300, 346, 2, N30, N80"},"geometry":{"type":"LineString","coordinates":[[4.639658,52.376759],[4.639487,52.376799]]}},{"type":"Feature","properties":{"mode":"bus","n":7,"arr":["73","244","255","300","346","conn:2","N30"],"lines":"73, 244, 255, 300, 346, 2, N30"},"geometry":{"type":"LineString","coordinates":[[4.643562,52.374774],[4.642978,52.375737],[4.642526,52.376266],[4.642293,52.37641],[4.641674,52.376703],[4.641555,52.376739]]}},{"type":"Feature","properties":{"mode":"bus","n":6,"arr":["73","244","255","300","346","N30"],"lines":"73, 244, 255, 300, 346, N30"},"geometry":{"type":"LineString","coordinates":[[4.64075,52.37113],[4.640551,52.371006]]}},{"type":"Feature","properties":{"mode":"bus","n":5,"arr":["341","356","680","conn:3","conn:80"],"lines":"341, 356, 680, 3, 80"},"geometry":{"type":"LineString","coordinates":[[4.638815,52.371852],[4.638864,52.371743],[4.638879,52.371723],[4.638903,52.37171],[4.638937,52.371704],[4.639204,52.371683],[4.639606,52.371566],[4.640365,52.371117]]}},{"type":"Feature","properties":{"mode":"bus","n":7,"arr":["73","255","341","356","680","conn:3","conn:80"],"lines":"73, 255, 341, 356, 680, 3, 80"},"geometry":{"type":"LineString","coordinates":[[4.640551,52.371006],[4.640365,52.371117]]}},{"type":"Feature","properties":{"mode":"bus","n":11,"arr":["73","244","255","300","341","346","356","680","conn:3","conn:80","N30"],"lines":"73, 244, 255, 300, 341, 346, 356, 680, 3, 80, N30"},"geometry":{"type":"LineString","coordinates":[[4.644177,52.370016],[4.643228,52.370026],[4.642538,52.37011],[4.641819,52.370331],[4.641268,52.370561],[4.640913,52.370761],[4.640551,52.371006]]}},{"type":"Feature","properties":{"mode":"bus","n":5,"arr":["73","300","341","conn:567","N30"],"lines":"73, 300, 341, 567, N30"},"geometry":{"type":"LineString","coordinates":[[4.650118,52.364619],[4.649362,52.366313],[4.649252,52.36649],[4.648999,52.366815],[4.64868,52.367079],[4.648368,52.367278]]}},{"type":"Feature","properties":{"mode":"bus","n":5,"arr":["81","341","481","conn:8","conn:84"],"lines":"81, 341, 481, 8, 84"},"geometry":{"type":"LineString","coordinates":[[4.607676,52.388422],[4.607512,52.388345]]}},{"type":"Feature","properties":{"mode":"bus","n":5,"arr":["81","341","conn:7","conn:8","conn:84"],"lines":"81, 341, 7, 8, 84"},"geometry":{"type":"LineString","coordinates":[[4.628857,52.382591],[4.629464,52.383435],[4.629471,52.38345],[4.629468,52.383462],[4.629454,52.38347],[4.629431,52.383475],[4.629296,52.383493],[4.629242,52.383538],[4.628624,52.383797],[4.624936,52.385072],[4.623676,52.385467],[4.622777,52.385785],[4.621877,52.386075],[4.621554,52.386128],[4.621356,52.386132],[4.619727,52.386031],[4.619129,52.386036],[4.618706,52.386077],[4.617825,52.386278],[4.617253,52.386434],[4.616212,52.386803],[4.615464,52.38701]]}},{"type":"Feature","properties":{"mode":"bus","n":5,"arr":["81","250","255","340","conn:84"],"lines":"81, 250, 255, 340, 84"},"geometry":{"type":"LineString","coordinates":[[4.629285,52.382271],[4.629196,52.382143]]}},{"type":"Feature","properties":{"mode":"bus","n":6,"arr":["81","250","255","340","conn:14","conn:84"],"lines":"81, 250, 255, 340, 14, 84"},"geometry":{"type":"LineString","coordinates":[[4.629285,52.382271],[4.629427,52.382358],[4.629517,52.382558]]}},{"type":"Feature","properties":{"mode":"bus","n":6,"arr":["81","250","255","340","conn:14","conn:84"],"lines":"81, 250, 255, 340, 14, 84"},"geometry":{"type":"LineString","coordinates":[[4.63235,52.386127],[4.632678,52.386109]]}},{"type":"Feature","properties":{"mode":"bus","n":9,"arr":["81","250","255","340","356","conn:7","conn:8","conn:14","conn:84"],"lines":"81, 250, 255, 340, 356, 7, 8, 14, 84"},"geometry":{"type":"LineString","coordinates":[[4.629517,52.382558],[4.629752,52.382914],[4.630063,52.383284],[4.631249,52.384467],[4.631567,52.384843],[4.631805,52.385223],[4.63187,52.385465],[4.63191,52.385896],[4.631969,52.386002],[4.632135,52.386083],[4.63235,52.386127]]}},{"type":"Feature","properties":{"mode":"bus","n":5,"arr":["81","250","255","340","conn:14"],"lines":"81, 250, 255, 340, 14"},"geometry":{"type":"LineString","coordinates":[[4.632678,52.386109],[4.632815,52.386073]]}},{"type":"Feature","properties":{"mode":"bus","n":10,"arr":["81","250","255","340","346","356","conn:7","conn:8","conn:14","conn:84"],"lines":"81, 250, 255, 340, 346, 356, 7, 8, 14, 84"},"geometry":{"type":"LineString","coordinates":[[4.632815,52.386073],[4.633134,52.386015],[4.633671,52.385998]]}},{"type":"Feature","properties":{"mode":"bus","n":5,"arr":["81","255","340","conn:14","conn:84"],"lines":"81, 255, 340, 14, 84"},"geometry":{"type":"LineString","coordinates":[[4.632709,52.386167],[4.632678,52.386109]]}},{"type":"Feature","properties":{"mode":"bus","n":9,"arr":["81","250","340","346","356","conn:7","conn:8","conn:14","conn:84"],"lines":"81, 250, 340, 346, 356, 7, 8, 14, 84"},"geometry":{"type":"LineString","coordinates":[[4.633671,52.385998],[4.633965,52.386096]]}},{"type":"Feature","properties":{"mode":"bus","n":9,"arr":["81","250","340","346","356","conn:7","conn:8","conn:14","conn:84"],"lines":"81, 250, 340, 346, 356, 7, 8, 14, 84"},"geometry":{"type":"LineString","coordinates":[[4.632897,52.386059],[4.632867,52.386108],[4.632709,52.386167]]}},{"type":"Feature","properties":{"mode":"bus","n":8,"arr":["81","250","340","356","conn:7","conn:8","conn:14","conn:84"],"lines":"81, 250, 340, 356, 7, 8, 14, 84"},"geometry":{"type":"LineString","coordinates":[[4.63235,52.386127],[4.632553,52.386181],[4.632709,52.386167]]}},{"type":"Feature","properties":{"mode":"bus","n":8,"arr":["81","250","340","356","conn:7","conn:8","conn:14","conn:84"],"lines":"81, 250, 340, 356, 7, 8, 14, 84"},"geometry":{"type":"LineString","coordinates":[[4.629265,52.382369],[4.629517,52.382558]]}},{"type":"Feature","properties":{"mode":"bus","n":5,"arr":["81","conn:7","conn:8","conn:14","conn:84"],"lines":"81, 7, 8, 14, 84"},"geometry":{"type":"LineString","coordinates":[[4.629265,52.382369],[4.628857,52.382591]]}},{"type":"Feature","properties":{"mode":"bus","n":5,"arr":["83","140","145","ret:75","ret:183"],"lines":"83, 140, 145, 75, 183"},"geometry":{"type":"LineString","coordinates":[[4.532624,51.921742],[4.532447,51.921471]]}},{"type":"Feature","properties":{"mode":"bus","n":5,"arr":["83","140","145","ret:75","ret:183"],"lines":"83, 140, 145, 75, 183"},"geometry":{"type":"LineString","coordinates":[[4.52918,51.91675],[4.529045,51.916744]]}},{"type":"Feature","properties":{"mode":"bus","n":5,"arr":["83","140","145","ret:75","ret:183"],"lines":"83, 140, 145, 75, 183"},"geometry":{"type":"LineString","coordinates":[[4.52818,51.914514],[4.52825,51.9145],[4.528266,51.914495],[4.528275,51.914488],[4.528278,51.91448],[4.528274,51.914469],[4.527907,51.913887],[4.527868,51.913759]]}},{"type":"Feature","properties":{"mode":"bus","n":5,"arr":["83","140","145","ret:75","ret:183"],"lines":"83, 140, 145, 75, 183"},"geometry":{"type":"LineString","coordinates":[[4.528203,51.913715],[4.529393,51.913556],[4.530212,51.9135],[4.530737,51.913518],[4.531096,51.913612]]}},{"type":"Feature","properties":{"mode":"bus","n":8,"arr":["83","140","145","488","489","ret:36","ret:75","ret:183"],"lines":"83, 140, 145, 488, 489, 36, 75, 183"},"geometry":{"type":"LineString","coordinates":[[4.53169,51.920219],[4.53247,51.921447],[4.532582,51.921533],[4.532729,51.92175]]}},{"type":"Feature","properties":{"mode":"bus","n":8,"arr":["83","140","145","488","489","ret:4","ret:75","ret:183"],"lines":"83, 140, 145, 488, 489, 4, 75, 183"},"geometry":{"type":"LineString","coordinates":[[4.529045,51.916744],[4.529046,51.916505],[4.528955,51.916108],[4.52818,51.914514]]}},{"type":"Feature","properties":{"mode":"bus","n":6,"arr":["83","140","145","ret:4","ret:75","ret:183"],"lines":"83, 140, 145, 4, 75, 183"},"geometry":{"type":"LineString","coordinates":[[4.53478,51.913925],[4.534341,51.914022],[4.534129,51.914044],[4.533745,51.914036],[4.532071,51.913728],[4.531535,51.913647],[4.531096,51.913612]]}},{"type":"Feature","properties":{"mode":"bus","n":5,"arr":["83","140","145","489","ret:183"],"lines":"83, 140, 145, 489, 183"},"geometry":{"type":"LineString","coordinates":[[4.548851,51.898166],[4.549301,51.897944],[4.550354,51.897539],[4.55277,51.896756],[4.55297,51.896704],[4.553399,51.896648],[4.55445,51.896637]]}},{"type":"Feature","properties":{"mode":"bus","n":6,"arr":["83","140","145","489","ret:75","ret:183"],"lines":"83, 140, 145, 489, 75, 183"},"geometry":{"type":"LineString","coordinates":[[4.548365,51.898314],[4.548851,51.898166]]}},{"type":"Feature","properties":{"mode":"bus","n":10,"arr":["87","105","115","116","204","205","403","404","803","825"],"lines":"87, 105, 115, 116, 204, 205, 403, 404, 803, 825"},"geometry":{"type":"LineString","coordinates":[[4.333791,51.845642],[4.333815,51.845494],[4.33381,51.84546],[4.333783,51.845431],[4.333066,51.844922],[4.332493,51.844427],[4.331987,51.843903],[4.331754,51.84372],[4.331577,51.843629],[4.331365,51.843572],[4.330932,51.843493],[4.330718,51.843483]]}},{"type":"Feature","properties":{"mode":"bus","n":11,"arr":["87","105","115","116","204","205","403","404","803","825","902"],"lines":"87, 105, 115, 116, 204, 205, 403, 404, 803, 825, 902"},"geometry":{"type":"LineString","coordinates":[[4.333467,51.845781],[4.333791,51.845642]]}},{"type":"Feature","properties":{"mode":"bus","n":6,"arr":["87","281","285","825","902","ebs:84"],"lines":"87, 281, 285, 825, 902, 84"},"geometry":{"type":"LineString","coordinates":[[4.33469,51.84708],[4.333886,51.846425]]}},{"type":"Feature","properties":{"mode":"bus","n":5,"arr":["87","281","285","825","902"],"lines":"87, 281, 285, 825, 902"},"geometry":{"type":"LineString","coordinates":[[4.332888,51.847795],[4.333603,51.847572],[4.334606,51.847209],[4.334646,51.847187],[4.334667,51.847156],[4.33469,51.84708]]}},{"type":"Feature","properties":{"mode":"bus","n":5,"arr":["87","204","403","404","803"],"lines":"87, 204, 403, 404, 803"},"geometry":{"type":"LineString","coordinates":[[4.301651,51.856696],[4.300587,51.857355],[4.299992,51.857624],[4.299225,51.857906],[4.298594,51.858082],[4.298107,51.858188],[4.297605,51.858269],[4.296749,51.858367],[4.290802,51.858957]]}},{"type":"Feature","properties":{"mode":"bus","n":8,"arr":["87","105","115","204","205","403","404","803"],"lines":"87, 105, 115, 204, 205, 403, 404, 803"},"geometry":{"type":"LineString","coordinates":[[4.303612,51.855085],[4.302212,51.85631],[4.301909,51.856544],[4.301651,51.856696]]}},{"type":"Feature","properties":{"mode":"bus","n":9,"arr":["87","105","115","204","205","403","404","803","825"],"lines":"87, 105, 115, 204, 205, 403, 404, 803, 825"},"geometry":{"type":"LineString","coordinates":[[4.304051,51.854691],[4.303612,51.855085]]}},{"type":"Feature","properties":{"mode":"bus","n":6,"arr":["87","281","285","902","ebs:84","ret:8"],"lines":"87, 281, 285, 902, 84, 8"},"geometry":{"type":"LineString","coordinates":[[4.33484,51.846568],[4.334896,51.846619]]}},{"type":"Feature","properties":{"mode":"bus","n":7,"arr":["87","116","281","285","902","ebs:84","ret:8"],"lines":"87, 116, 281, 285, 902, 84, 8"},"geometry":{"type":"LineString","coordinates":[[4.334699,51.846439],[4.33484,51.846568]]}},{"type":"Feature","properties":{"mode":"bus","n":6,"arr":["87","116","281","285","902","ebs:84"],"lines":"87, 116, 281, 285, 902, 84"},"geometry":{"type":"LineString","coordinates":[[4.334543,51.846293],[4.334699,51.846439]]}},{"type":"Feature","properties":{"mode":"bus","n":9,"arr":["87","105","115","116","205","281","285","902","ebs:84"],"lines":"87, 105, 115, 116, 205, 281, 285, 902, 84"},"geometry":{"type":"LineString","coordinates":[[4.334395,51.846154],[4.334543,51.846293]]}},{"type":"Feature","properties":{"mode":"bus","n":11,"arr":["87","105","115","116","205","281","285","403","803","902","ebs:84"],"lines":"87, 105, 115, 116, 205, 281, 285, 403, 803, 902, 84"},"geometry":{"type":"LineString","coordinates":[[4.334222,51.845992],[4.334395,51.846154]]}},{"type":"Feature","properties":{"mode":"bus","n":12,"arr":["87","105","115","116","205","281","285","403","404","803","902","ebs:84"],"lines":"87, 105, 115, 116, 205, 281, 285, 403, 404, 803, 902, 84"},"geometry":{"type":"LineString","coordinates":[[4.333923,51.845741],[4.334222,51.845992]]}},{"type":"Feature","properties":{"mode":"bus","n":10,"arr":["87","105","115","116","204","205","403","404","803","902"],"lines":"87, 105, 115, 116, 204, 205, 403, 404, 803, 902"},"geometry":{"type":"LineString","coordinates":[[4.330634,51.843627],[4.330874,51.843636],[4.331326,51.843721],[4.331727,51.843836],[4.331818,51.843883],[4.331894,51.843932],[4.332465,51.844521],[4.333181,51.845114],[4.333193,51.845129],[4.333195,51.845144],[4.333186,51.84516],[4.333167,51.84518],[4.333159,51.845196],[4.333161,51.84521],[4.333175,51.845224],[4.333923,51.845741]]}},{"type":"Feature","properties":{"mode":"bus","n":6,"arr":["90","361","qbuzz:20","qbuzz:21","qbuzz:23","qbuzz:385"],"lines":"90, 361, 20, 21, 23, 385"},"geometry":{"type":"LineString","coordinates":[[4.43463,52.247909],[4.433971,52.247196],[4.432998,52.246425]]}},{"type":"Feature","properties":{"mode":"bus","n":6,"arr":["90","qbuzz:20","qbuzz:21","qbuzz:30","qbuzz:31","qbuzz:385"],"lines":"90, 20, 21, 30, 31, 385"},"geometry":{"type":"LineString","coordinates":[[4.432915,52.218755],[4.433239,52.218905]]}},{"type":"Feature","properties":{"mode":"bus","n":6,"arr":["90","400","qbuzz:22","qbuzz:23","qbuzz:385","qbuzz:401"],"lines":"90, 400, 22, 23, 385, 401"},"geometry":{"type":"LineString","coordinates":[[4.420247,52.190708],[4.420221,52.191345],[4.420132,52.191894],[4.419093,52.195686],[4.419055,52.19606],[4.419106,52.19659]]}},{"type":"Feature","properties":{"mode":"bus","n":6,"arr":["90","400","qbuzz:22","qbuzz:23","qbuzz:385","qbuzz:401"],"lines":"90, 400, 22, 23, 385, 401"},"geometry":{"type":"LineString","coordinates":[[4.419357,52.195215],[4.420349,52.191639],[4.420488,52.191031],[4.420499,52.190672]]}},{"type":"Feature","properties":{"mode":"bus","n":7,"arr":["90","400","qbuzz:22","qbuzz:23","qbuzz:38","qbuzz:385","qbuzz:401"],"lines":"90, 400, 22, 23, 38, 385, 401"},"geometry":{"type":"LineString","coordinates":[[4.418029,52.187075],[4.417995,52.187506],[4.418018,52.187727],[4.418213,52.188176],[4.418368,52.188415],[4.418619,52.18869],[4.419566,52.189455],[4.419742,52.189626],[4.419918,52.190166],[4.420071,52.190453],[4.420118,52.190634],[4.420247,52.190708]]}},{"type":"Feature","properties":{"mode":"bus","n":7,"arr":["90","400","qbuzz:22","qbuzz:23","qbuzz:38","qbuzz:385","qbuzz:401"],"lines":"90, 400, 22, 23, 38, 385, 401"},"geometry":{"type":"LineString","coordinates":[[4.420499,52.190672],[4.420467,52.190458],[4.420315,52.190055],[4.420038,52.189697],[4.419639,52.189342],[4.418876,52.188747],[4.418528,52.18838],[4.418435,52.188241],[4.418266,52.187871],[4.418225,52.187691],[4.418201,52.187304],[4.418242,52.18707]]}},{"type":"Feature","properties":{"mode":"bus","n":8,"arr":["92","166","488","qbuzz:4","qbuzz:5","qbuzz:7","qbuzz:13","qbuzz:14"],"lines":"92, 166, 488, 4, 5, 7, 13, 14"},"geometry":{"type":"LineString","coordinates":[[4.669416,51.807451],[4.670242,51.80736]]}},{"type":"Feature","properties":{"mode":"bus","n":6,"arr":["92","488","qbuzz:4","qbuzz:7","qbuzz:13","qbuzz:14"],"lines":"92, 488, 4, 7, 13, 14"},"geometry":{"type":"LineString","coordinates":[[4.65827,51.812184],[4.658444,51.812218],[4.659379,51.812251],[4.660463,51.812261],[4.662305,51.812077]]}},{"type":"Feature","properties":{"mode":"bus","n":6,"arr":["92","488","qbuzz:4","qbuzz:7","qbuzz:13","qbuzz:14"],"lines":"92, 488, 4, 7, 13, 14"},"geometry":{"type":"LineString","coordinates":[[4.655352,51.811291],[4.655269,51.811275],[4.653961,51.810532],[4.653393,51.810269],[4.652287,51.809944],[4.651849,51.80973],[4.651299,51.809177],[4.65124,51.80909],[4.65122,51.809073],[4.65119,51.809064],[4.651122,51.809055],[4.651027,51.809002],[4.649687,51.80766]]}},{"type":"Feature","properties":{"mode":"bus","n":7,"arr":["92","488","qbuzz:2","qbuzz:4","qbuzz:7","qbuzz:13","qbuzz:14"],"lines":"92, 488, 2, 4, 7, 13, 14"},"geometry":{"type":"LineString","coordinates":[[4.655352,51.811291],[4.656794,51.812113],[4.6575,51.812165],[4.65827,51.812184]]}},{"type":"Feature","properties":{"mode":"bus","n":7,"arr":["92","488","qbuzz:2","qbuzz:4","qbuzz:7","qbuzz:13","qbuzz:14"],"lines":"92, 488, 2, 4, 7, 13, 14"},"geometry":{"type":"LineString","coordinates":[[4.650346,51.807411],[4.649828,51.807611]]}},{"type":"Feature","properties":{"mode":"bus","n":5,"arr":["92","488","qbuzz:4","qbuzz:13","qbuzz:14"],"lines":"92, 488, 4, 13, 14"},"geometry":{"type":"LineString","coordinates":[[4.649828,51.807611],[4.649781,51.807564],[4.649771,51.807555],[4.649763,51.807552],[4.649754,51.807552],[4.649747,51.807557],[4.64974,51.807566],[4.649687,51.80766]]}},{"type":"Feature","properties":{"mode":"bus","n":6,"arr":["92","142","143","290","ret:70","ret:144"],"lines":"92, 142, 143, 290, 70, 144"},"geometry":{"type":"LineString","coordinates":[[4.533497,51.880946],[4.532954,51.880751]]}},{"type":"Feature","properties":{"mode":"bus","n":7,"arr":["92","142","143","290","ret:70","ret:144","tdev:163"],"lines":"92, 142, 143, 290, 70, 144, 163"},"geometry":{"type":"LineString","coordinates":[[4.532954,51.880751],[4.532668,51.880653]]}},{"type":"Feature","properties":{"mode":"bus","n":7,"arr":["92","142","143","290","ret:70","ret:144","tdev:163"],"lines":"92, 142, 143, 290, 70, 144, 163"},"geometry":{"type":"LineString","coordinates":[[4.522132,51.877239],[4.521275,51.877169],[4.517054,51.87699]]}},{"type":"Feature","properties":{"mode":"bus","n":7,"arr":["92","142","143","290","ret:70","ret:144","tdev:163"],"lines":"92, 142, 143, 290, 70, 144, 163"},"geometry":{"type":"LineString","coordinates":[[4.524125,51.877511],[4.523586,51.877326],[4.522865,51.877119],[4.522026,51.877059]]}},{"type":"Feature","properties":{"mode":"bus","n":9,"arr":["92","142","143","290","ret:70","ret:76","ret:144","ret:183","tdev:163"],"lines":"92, 142, 143, 290, 70, 76, 144, 183, 163"},"geometry":{"type":"LineString","coordinates":[[4.532668,51.880653],[4.525498,51.878169],[4.525055,51.87805],[4.524854,51.877959],[4.523983,51.877668]]}},{"type":"Feature","properties":{"mode":"bus","n":9,"arr":["92","142","143","290","ret:70","ret:76","ret:144","ret:183","tdev:163"],"lines":"92, 142, 143, 290, 70, 76, 144, 183, 163"},"geometry":{"type":"LineString","coordinates":[[4.53372,51.880811],[4.524125,51.877511]]}},{"type":"Feature","properties":{"mode":"bus","n":8,"arr":["92","142","143","290","ret:70","ret:76","ret:144","tdev:163"],"lines":"92, 142, 143, 290, 70, 76, 144, 163"},"geometry":{"type":"LineString","coordinates":[[4.523983,51.877668],[4.523108,51.877372],[4.522766,51.877298],[4.522132,51.877239]]}},{"type":"Feature","properties":{"mode":"bus","n":5,"arr":["92","462","471","491","tdev:461"],"lines":"92, 462, 471, 491, 461"},"geometry":{"type":"LineString","coordinates":[[4.488566,51.884686],[4.488666,51.884536],[4.488776,51.884466],[4.488821,51.884447],[4.488876,51.884441],[4.489115,51.884447],[4.490042,51.884506],[4.491064,51.884688],[4.491908,51.884803],[4.492268,51.884784]]}},{"type":"Feature","properties":{"mode":"bus","n":13,"arr":["92","142","143","146","290","462","471","491","N60","ret:84","ret:144","ret:187","tdev:461"],"lines":"92, 142, 143, 146, 290, 462, 471, 491, N60, 84, 144, 187, 461"},"geometry":{"type":"LineString","coordinates":[[4.510348,51.875487],[4.508751,51.876198],[4.505335,51.877793],[4.504164,51.878431],[4.503104,51.879119],[4.500913,51.880711],[4.500468,51.881062],[4.500136,51.881272],[4.499144,51.882036],[4.498325,51.882611],[4.498038,51.882778],[4.497558,51.883001],[4.49702,51.883202],[4.494623,51.883896],[4.493778,51.884166],[4.493294,51.884337],[4.492268,51.884784]]}},{"type":"Feature","properties":{"mode":"bus","n":8,"arr":["92","142","143","146","290","ret:84","ret:144","ret:187"],"lines":"92, 142, 143, 146, 290, 84, 144, 187"},"geometry":{"type":"LineString","coordinates":[[4.51142,51.875646],[4.511231,51.8755],[4.510978,51.875391],[4.510751,51.8754],[4.510348,51.875487]]}},{"type":"Feature","properties":{"mode":"bus","n":9,"arr":["92","142","143","146","290","ret:84","ret:144","ret:187","tdev:163"],"lines":"92, 142, 143, 146, 290, 84, 144, 187, 163"},"geometry":{"type":"LineString","coordinates":[[4.51142,51.875646],[4.512341,51.876415],[4.512603,51.876543]]}},{"type":"Feature","properties":{"mode":"bus","n":10,"arr":["92","142","143","146","290","ret:70","ret:84","ret:144","ret:187","tdev:163"],"lines":"92, 142, 143, 146, 290, 70, 84, 144, 187, 163"},"geometry":{"type":"LineString","coordinates":[[4.512603,51.876543],[4.512887,51.87662],[4.513161,51.876648],[4.51708,51.876813]]}},{"type":"Feature","properties":{"mode":"bus","n":8,"arr":["92","142","143","290","ret:70","ret:144","ret:187","tdev:163"],"lines":"92, 142, 143, 290, 70, 144, 187, 163"},"geometry":{"type":"LineString","coordinates":[[4.522026,51.877059],[4.520181,51.877002],[4.517769,51.876887],[4.51708,51.876813]]}},{"type":"Feature","properties":{"mode":"bus","n":6,"arr":["92","488","qbuzz:2","qbuzz:4","qbuzz:5","qbuzz:7"],"lines":"92, 488, 2, 4, 5, 7"},"geometry":{"type":"LineString","coordinates":[[4.66805,51.808975],[4.668095,51.808681],[4.667886,51.807885],[4.667909,51.80782],[4.667923,51.8078],[4.667946,51.807786],[4.667979,51.807779],[4.670063,51.807561]]}},{"type":"Feature","properties":{"mode":"bus","n":5,"arr":["488","qbuzz:2","qbuzz:4","qbuzz:5","qbuzz:7"],"lines":"488, 2, 4, 5, 7"},"geometry":{"type":"LineString","coordinates":[[4.670063,51.807561],[4.670852,51.807476]]}},{"type":"Feature","properties":{"mode":"bus","n":5,"arr":["96","97","98","197","ret:198"],"lines":"96, 97, 98, 197, 198"},"geometry":{"type":"LineString","coordinates":[[4.557836,51.921131],[4.557196,51.920924]]}},{"type":"Feature","properties":{"mode":"bus","n":8,"arr":["96","97","98","196","197","607","qbuzz:194","ret:198"],"lines":"96, 97, 98, 196, 197, 607, 194, 198"},"geometry":{"type":"LineString","coordinates":[[4.557196,51.920924],[4.556906,51.920826]]}},{"type":"Feature","properties":{"mode":"bus","n":10,"arr":["96","97","98","196","197","292","383","607","qbuzz:194","ret:198"],"lines":"96, 97, 98, 196, 197, 292, 383, 607, 194, 198"},"geometry":{"type":"LineString","coordinates":[[4.556906,51.920826],[4.556646,51.92072],[4.556545,51.920606],[4.556516,51.9205],[4.556545,51.920375],[4.556721,51.920218],[4.557145,51.919956],[4.55735,51.919875]]}},{"type":"Feature","properties":{"mode":"bus","n":6,"arr":["96","97","98","196","383","ret:198"],"lines":"96, 97, 98, 196, 383, 198"},"geometry":{"type":"LineString","coordinates":[[4.557525,51.919849],[4.558171,51.919384]]}},{"type":"Feature","properties":{"mode":"bus","n":7,"arr":["96","97","98","196","197","292","qbuzz:194"],"lines":"96, 97, 98, 196, 197, 292, 194"},"geometry":{"type":"LineString","coordinates":[[4.558566,51.919412],[4.558657,51.919464],[4.558863,51.919482]]}},{"type":"Feature","properties":{"mode":"bus","n":5,"arr":["96","97","98","196","ret:4"],"lines":"96, 97, 98, 196, 4"},"geometry":{"type":"LineString","coordinates":[[4.576465,51.917572],[4.577698,51.917256]]}},{"type":"Feature","properties":{"mode":"bus","n":7,"arr":["96","97","98","196","292","qbuzz:194","ret:4"],"lines":"96, 97, 98, 196, 292, 194, 4"},"geometry":{"type":"LineString","coordinates":[[4.577698,51.917256],[4.58071,51.916592],[4.581329,51.916377],[4.581955,51.916046],[4.584165,51.914552],[4.584665,51.914244],[4.585298,51.913897]]}},{"type":"Feature","properties":{"mode":"bus","n":6,"arr":["96","97","196","292","qbuzz:194","ret:4"],"lines":"96, 97, 196, 292, 194, 4"},"geometry":{"type":"LineString","coordinates":[[4.585298,51.913897],[4.585453,51.913784],[4.588389,51.912338],[4.589464,51.911722]]}},{"type":"Feature","properties":{"mode":"bus","n":5,"arr":["96","97","98","607","ret:4"],"lines":"96, 97, 98, 607, 4"},"geometry":{"type":"LineString","coordinates":[[4.558312,51.92118],[4.558212,51.921132],[4.557951,51.920927]]}},{"type":"Feature","properties":{"mode":"bus","n":5,"arr":["97","98","196","292","qbuzz:194"],"lines":"97, 98, 196, 292, 194"},"geometry":{"type":"LineString","coordinates":[[4.593549,51.91616],[4.590606,51.914555],[4.590511,51.914463],[4.590515,51.914339]]}},{"type":"Feature","properties":{"mode":"bus","n":5,"arr":["100","103","110","meer:102","N07"],"lines":"100, 103, 110, 102, N07"},"geometry":{"type":"LineString","coordinates":[[4.951538,52.508732],[4.951664,52.508684],[4.951821,52.508532],[4.952139,52.508051],[4.952431,52.507861],[4.953138,52.507613],[4.955363,52.506898]]}},{"type":"Feature","properties":{"mode":"bus","n":5,"arr":["100","103","110","meer:102","N07"],"lines":"100, 103, 110, 102, N07"},"geometry":{"type":"LineString","coordinates":[[4.950041,52.50936],[4.949331,52.509799],[4.948017,52.510716],[4.94705,52.511429]]}},{"type":"Feature","properties":{"mode":"bus","n":5,"arr":["100","103","110","meer:102","N07"],"lines":"100, 103, 110, 102, N07"},"geometry":{"type":"LineString","coordinates":[[4.946857,52.511427],[4.946994,52.511474]]}},{"type":"Feature","properties":{"mode":"bus","n":7,"arr":["100","103","110","meer:101","meer:102","N06","N07"],"lines":"100, 103, 110, 101, 102, N06, N07"},"geometry":{"type":"LineString","coordinates":[[4.950041,52.50936],[4.951408,52.508807],[4.951538,52.508732]]}},{"type":"Feature","properties":{"mode":"bus","n":7,"arr":["100","103","110","305","801","meer:102","N07"],"lines":"100, 103, 110, 305, 801, 102, N07"},"geometry":{"type":"LineString","coordinates":[[4.946994,52.511474],[4.94705,52.511429]]}},{"type":"Feature","properties":{"mode":"bus","n":7,"arr":["100","103","110","305","801","meer:102","N07"],"lines":"100, 103, 110, 305, 801, 102, N07"},"geometry":{"type":"LineString","coordinates":[[4.944737,52.51037],[4.944818,52.51048],[4.945075,52.510691],[4.945944,52.511177],[4.946205,52.51127],[4.946678,52.511352],[4.946857,52.511427]]}},{"type":"Feature","properties":{"mode":"bus","n":9,"arr":["100","103","110","305","meer:67","meer:101","meer:102","N06","N07"],"lines":"100, 103, 110, 305, 67, 101, 102, N06, N07"},"geometry":{"type":"LineString","coordinates":[[4.944737,52.51037],[4.944525,52.510178],[4.944129,52.509724],[4.943211,52.508541],[4.943235,52.508437],[4.943798,52.507928],[4.944227,52.507756]]}},{"type":"Feature","properties":{"mode":"bus","n":8,"arr":["100","103","110","305","meer:67","meer:101","meer:102","N07"],"lines":"100, 103, 110, 305, 67, 101, 102, N07"},"geometry":{"type":"LineString","coordinates":[[4.944227,52.507756],[4.944288,52.507402]]}},{"type":"Feature","properties":{"mode":"bus","n":6,"arr":["100","103","305","meer:101","meer:102","N07"],"lines":"100, 103, 305, 101, 102, N07"},"geometry":{"type":"LineString","coordinates":[[4.944288,52.507402],[4.944363,52.5071]]}},{"type":"Feature","properties":{"mode":"bus","n":7,"arr":["100","103","305","370","meer:101","meer:102","N07"],"lines":"100, 103, 305, 370, 101, 102, N07"},"geometry":{"type":"LineString","coordinates":[[4.944363,52.5071],[4.944364,52.507039]]}},{"type":"Feature","properties":{"mode":"bus","n":6,"arr":["100","103","370","meer:101","meer:102","N07"],"lines":"100, 103, 370, 101, 102, N07"},"geometry":{"type":"LineString","coordinates":[[4.944159,52.506969],[4.944261,52.506961],[4.944324,52.506983],[4.944364,52.507039]]}},{"type":"Feature","properties":{"mode":"bus","n":6,"arr":["100","103","305","370","N06","N07"],"lines":"100, 103, 305, 370, N06, N07"},"geometry":{"type":"LineString","coordinates":[[4.944159,52.506969],[4.94426,52.506902],[4.944331,52.506882],[4.94435,52.506873],[4.944358,52.506861],[4.944354,52.506847],[4.944248,52.506673],[4.944219,52.506559],[4.944978,52.504412],[4.945078,52.504184],[4.945619,52.50328],[4.945862,52.502704],[4.946018,52.502117],[4.946069,52.501379],[4.946164,52.500904],[4.946654,52.499362],[4.947009,52.498488]]}},{"type":"Feature","properties":{"mode":"bus","n":5,"arr":["100","103","305","370","N07"],"lines":"100, 103, 305, 370, N07"},"geometry":{"type":"LineString","coordinates":[[4.947009,52.498488],[4.947066,52.498248],[4.947606,52.496787]]}},{"type":"Feature","properties":{"mode":"bus","n":7,"arr":["100","103","276","305","306","370","N07"],"lines":"100, 103, 276, 305, 306, 370, N07"},"geometry":{"type":"LineString","coordinates":[[4.947606,52.496787],[4.947635,52.496676]]}},{"type":"Feature","properties":{"mode":"bus","n":6,"arr":["100","276","305","306","370","N07"],"lines":"100, 276, 305, 306, 370, N07"},"geometry":{"type":"LineString","coordinates":[[4.947635,52.496676],[4.947657,52.496593]]}},{"type":"Feature","properties":{"mode":"bus","n":7,"arr":["100","276","305","306","308","370","N07"],"lines":"100, 276, 305, 306, 308, 370, N07"},"geometry":{"type":"LineString","coordinates":[[4.947657,52.496593],[4.94828,52.49478],[4.948353,52.49468]]}},{"type":"Feature","properties":{"mode":"bus","n":7,"arr":["100","276","305","306","308","370","N07"],"lines":"100, 276, 305, 306, 308, 370, N07"},"geometry":{"type":"LineString","coordinates":[[4.949675,52.490713],[4.949881,52.490121],[4.950027,52.489571]]}},{"type":"Feature","properties":{"mode":"bus","n":8,"arr":["100","276","305","306","308","370","N06","N07"],"lines":"100, 276, 305, 306, 308, 370, N06, N07"},"geometry":{"type":"LineString","coordinates":[[4.948353,52.49468],[4.949675,52.490713]]}},{"type":"Feature","properties":{"mode":"bus","n":8,"arr":["100","276","305","306","308","370","N06","N07"],"lines":"100, 276, 305, 306, 308, 370, N06, N07"},"geometry":{"type":"LineString","coordinates":[[4.950027,52.489571],[4.950023,52.489195],[4.949968,52.488804],[4.949673,52.487746]]}},{"type":"Feature","properties":{"mode":"bus","n":11,"arr":["100","104","272","276","305","306","307","308","370","N06","N07"],"lines":"100, 104, 272, 276, 305, 306, 307, 308, 370, N06, N07"},"geometry":{"type":"LineString","coordinates":[[4.949673,52.487746],[4.949104,52.485305],[4.949051,52.484941],[4.948205,52.481762],[4.947662,52.479443],[4.947416,52.474747],[4.947344,52.471657],[4.947318,52.469336],[4.947345,52.468903],[4.947978,52.46706],[4.948118,52.466812],[4.948194,52.46645],[4.948795,52.465145]]}},{"type":"Feature","properties":{"mode":"bus","n":11,"arr":["100","104","272","276","305","306","307","308","370","N06","N07"],"lines":"100, 104, 272, 276, 305, 306, 307, 308, 370, N06, N07"},"geometry":{"type":"LineString","coordinates":[[4.949424,52.46397],[4.948866,52.465085],[4.94882,52.465124],[4.948811,52.465131],[4.948803,52.465133],[4.948798,52.465132],[4.948794,52.465128],[4.948792,52.465119],[4.948786,52.465072],[4.949291,52.464036],[4.949386,52.463884],[4.949428,52.463871]]}},{"type":"Feature","properties":{"mode":"bus","n":11,"arr":["100","104","272","276","305","306","307","308","370","N06","N07"],"lines":"100, 104, 272, 276, 305, 306, 307, 308, 370, N06, N07"},"geometry":{"type":"LineString","coordinates":[[4.949516,52.463585],[4.949454,52.46358],[4.949435,52.463576],[4.949425,52.463568],[4.949422,52.463556],[4.949476,52.462943],[4.949563,52.462609],[4.950585,52.460154],[4.951056,52.458859],[4.951119,52.458418],[4.951048,52.457929],[4.950915,52.457631],[4.948598,52.452814],[4.948461,52.452371],[4.948437,52.451892],[4.948484,52.451498],[4.948769,52.450092],[4.948842,52.449337],[4.949009,52.448475],[4.949137,52.448082],[4.949797,52.444684],[4.950586,52.440547],[4.950863,52.438485],[4.951132,52.437418],[4.95117,52.437146],[4.951203,52.436398],[4.950951,52.427059],[4.950911,52.426911],[4.950903,52.426433],[4.950955,52.426305],[4.950946,52.425194],[4.951044,52.42462],[4.951276,52.424031],[4.951438,52.423779],[4.952564,52.422331],[4.952602,52.422234],[4.952738,52.422112],[4.952791,52.421997],[4.952789,52.421884],[4.952704,52.421756],[4.952563,52.421688],[4.952136,52.42155],[4.952085,52.421476]]}},{"type":"Feature","properties":{"mode":"bus","n":11,"arr":["100","104","272","276","305","306","307","308","370","N06","N07"],"lines":"100, 104, 272, 276, 305, 306, 307, 308, 370, N06, N07"},"geometry":{"type":"LineString","coordinates":[[4.953359,52.421691],[4.951952,52.423396],[4.951648,52.423805],[4.951507,52.424028],[4.951086,52.425042],[4.951139,52.428867],[4.951339,52.43641],[4.951329,52.436929],[4.951235,52.437759],[4.951043,52.43862],[4.950804,52.440024],[4.948573,52.451758],[4.948557,52.45203],[4.948621,52.452507],[4.948831,52.453069],[4.951119,52.457783],[4.95123,52.45826],[4.951242,52.458459],[4.951168,52.458965],[4.951094,52.459212]]}},{"type":"Feature","properties":{"mode":"bus","n":12,"arr":["100","104","272","276","305","306","307","308","370","419","N06","N07"],"lines":"100, 104, 272, 276, 305, 306, 307, 308, 370, 419, N06, N07"},"geometry":{"type":"LineString","coordinates":[[4.951094,52.459212],[4.95031,52.4611],[4.950298,52.461299],[4.950145,52.461484],[4.949735,52.462474],[4.949592,52.46298],[4.949516,52.463585],[4.949424,52.46397]]}},{"type":"Feature","properties":{"mode":"bus","n":7,"arr":["100","272","307","308","370","N06","N07"],"lines":"100, 272, 307, 308, 370, N06, N07"},"geometry":{"type":"LineString","coordinates":[[4.949407,52.463642],[4.94942,52.463577]]}},{"type":"Feature","properties":{"mode":"bus","n":14,"arr":["100","104","110","112","272","276","305","306","307","308","315","370","N06","N07"],"lines":"100, 104, 110, 112, 272, 276, 305, 306, 307, 308, 315, 370, N06, N07"},"geometry":{"type":"LineString","coordinates":[[4.952085,52.421476],[4.950209,52.420921],[4.949548,52.420644],[4.948427,52.420029],[4.947756,52.419497],[4.947387,52.419124],[4.947011,52.418643],[4.946655,52.417985],[4.946439,52.417465],[4.946183,52.416709],[4.945812,52.415485],[4.945626,52.415048],[4.945397,52.414648],[4.94457,52.413535],[4.94245,52.411123],[4.941243,52.40963]]}},{"type":"Feature","properties":{"mode":"bus","n":14,"arr":["100","104","110","112","272","276","305","306","307","308","315","370","N06","N07"],"lines":"100, 104, 110, 112, 272, 276, 305, 306, 307, 308, 315, 370, N06, N07"},"geometry":{"type":"LineString","coordinates":[[4.941052,52.409091],[4.944843,52.413539],[4.945595,52.414559],[4.945846,52.414978],[4.946062,52.415486],[4.946588,52.417204],[4.946895,52.417972],[4.947227,52.418595],[4.947691,52.419173],[4.948055,52.41952],[4.948632,52.41996],[4.94879,52.420058],[4.949499,52.420328],[4.949977,52.420456],[4.950754,52.420589],[4.951708,52.420789],[4.952499,52.420909],[4.953431,52.421],[4.95358,52.421046],[4.953659,52.421132],[4.95366,52.421226],[4.953359,52.421691]]}},{"type":"Feature","properties":{"mode":"bus","n":13,"arr":["100","104","110","112","276","305","306","307","308","315","370","N06","N07"],"lines":"100, 104, 110, 112, 276, 305, 306, 307, 308, 315, 370, N06, N07"},"geometry":{"type":"LineString","coordinates":[[4.941243,52.40963],[4.940788,52.409275],[4.939982,52.408407],[4.939728,52.408029],[4.938827,52.407214],[4.938261,52.406753]]}},{"type":"Feature","properties":{"mode":"bus","n":11,"arr":["100","104","110","112","305","306","307","308","315","N06","N07"],"lines":"100, 104, 110, 112, 305, 306, 307, 308, 315, N06, N07"},"geometry":{"type":"LineString","coordinates":[[4.938261,52.406753],[4.935675,52.404918]]}},{"type":"Feature","properties":{"mode":"bus","n":11,"arr":["100","104","110","112","305","306","307","308","315","N06","N07"],"lines":"100, 104, 110, 112, 305, 306, 307, 308, 315, N06, N07"},"geometry":{"type":"LineString","coordinates":[[4.936031,52.404508],[4.937553,52.405875],[4.938361,52.406553]]}},{"type":"Feature","properties":{"mode":"bus","n":8,"arr":["100","104","110","112","306","307","308","315"],"lines":"100, 104, 110, 112, 306, 307, 308, 315"},"geometry":{"type":"LineString","coordinates":[[4.935675,52.404918],[4.935124,52.404649],[4.934936,52.404585],[4.934619,52.404564],[4.934118,52.404633],[4.93395,52.404618],[4.933784,52.40457],[4.933456,52.404364],[4.931949,52.403224]]}},{"type":"Feature","properties":{"mode":"bus","n":8,"arr":["100","104","110","112","306","307","308","315"],"lines":"100, 104, 110, 112, 306, 307, 308, 315"},"geometry":{"type":"LineString","coordinates":[[4.934179,52.401913],[4.93577,52.403131],[4.935984,52.403347],[4.936066,52.403548],[4.935924,52.403962],[4.935921,52.404057],[4.936031,52.404508]]}},{"type":"Feature","properties":{"mode":"bus","n":9,"arr":["100","104","110","112","306","307","308","315","N19"],"lines":"100, 104, 110, 112, 306, 307, 308, 315, N19"},"geometry":{"type":"LineString","coordinates":[[4.931949,52.403224],[4.93187,52.40316]]}},{"type":"Feature","properties":{"mode":"bus","n":12,"arr":["100","104","110","112","272","305","306","307","308","315","N06","N07"],"lines":"100, 104, 110, 112, 272, 305, 306, 307, 308, 315, N06, N07"},"geometry":{"type":"LineString","coordinates":[[4.938361,52.406553],[4.939073,52.40715],[4.939929,52.407921],[4.941052,52.409091]]}},{"type":"Feature","properties":{"mode":"bus","n":7,"arr":["100","276","305","306","308","370","N06"],"lines":"100, 276, 305, 306, 308, 370, N06"},"geometry":{"type":"LineString","coordinates":[[4.949675,52.490713],[4.949957,52.490167],[4.950033,52.489775],[4.950027,52.489571]]}},{"type":"Feature","properties":{"mode":"bus","n":7,"arr":["100","276","305","306","308","370","N06"],"lines":"100, 276, 305, 306, 308, 370, N06"},"geometry":{"type":"LineString","coordinates":[[4.947843,52.496613],[4.948179,52.495516],[4.948314,52.494993],[4.948353,52.49468]]}},{"type":"Feature","properties":{"mode":"bus","n":6,"arr":["100","103","305","308","370","N06"],"lines":"100, 103, 305, 308, 370, N06"},"geometry":{"type":"LineString","coordinates":[[4.947815,52.496701],[4.947843,52.496613]]}},{"type":"Feature","properties":{"mode":"bus","n":5,"arr":["100","103","305","370","N06"],"lines":"100, 103, 305, 370, N06"},"geometry":{"type":"LineString","coordinates":[[4.947009,52.498488],[4.947331,52.497958],[4.947499,52.497616],[4.947815,52.496701]]}},{"type":"Feature","properties":{"mode":"bus","n":9,"arr":["100","103","110","305","370","meer:67","meer:101","meer:102","N06"],"lines":"100, 103, 110, 305, 370, 67, 101, 102, N06"},"geometry":{"type":"LineString","coordinates":[[4.94401,52.507444],[4.944159,52.506969]]}},{"type":"Feature","properties":{"mode":"bus","n":8,"arr":["100","103","110","305","meer:67","meer:101","meer:102","N06"],"lines":"100, 103, 110, 305, 67, 101, 102, N06"},"geometry":{"type":"LineString","coordinates":[[4.944227,52.507756],[4.94401,52.507444]]}},{"type":"Feature","properties":{"mode":"bus","n":8,"arr":["100","103","110","305","801","meer:101","meer:102","N06"],"lines":"100, 103, 110, 305, 801, 101, 102, N06"},"geometry":{"type":"LineString","coordinates":[[4.944737,52.51037],[4.944891,52.510449]]}},{"type":"Feature","properties":{"mode":"bus","n":7,"arr":["100","103","110","305","801","meer:101","N06"],"lines":"100, 103, 110, 305, 801, 101, N06"},"geometry":{"type":"LineString","coordinates":[[4.944891,52.510449],[4.946012,52.511124],[4.946278,52.51121],[4.946808,52.511299],[4.946956,52.511366]]}},{"type":"Feature","properties":{"mode":"bus","n":5,"arr":["100","103","110","meer:101","N06"],"lines":"100, 103, 110, 101, N06"},"geometry":{"type":"LineString","coordinates":[[4.946956,52.511366],[4.947734,52.510783],[4.949492,52.509601],[4.949738,52.509456],[4.950041,52.50936]]}},{"type":"Feature","properties":{"mode":"bus","n":5,"arr":["100","103","110","meer:101","N06"],"lines":"100, 103, 110, 101, N06"},"geometry":{"type":"LineString","coordinates":[[4.951538,52.508732],[4.952034,52.508042],[4.952292,52.507831],[4.955363,52.506815]]}},{"type":"Feature","properties":{"mode":"bus","n":5,"arr":["103","272","395","gvb:36","N81"],"lines":"103, 272, 395, 36, N81"},"geometry":{"type":"LineString","coordinates":[[4.836231,52.390283],[4.836201,52.390943],[4.836246,52.3912]]}},{"type":"Feature","properties":{"mode":"bus","n":5,"arr":["103","272","395","gvb:36","N81"],"lines":"103, 272, 395, 36, N81"},"geometry":{"type":"LineString","coordinates":[[4.842578,52.391931],[4.84198,52.391875],[4.841717,52.391892],[4.839357,52.391847],[4.83885,52.391851],[4.83689,52.391981],[4.835999,52.391989],[4.835731,52.391974],[4.835699,52.391968],[4.835679,52.391955],[4.835672,52.391935],[4.83566,52.391512],[4.835977,52.390725],[4.836005,52.390536],[4.836013,52.388464],[4.836074,52.388397],[4.836099,52.38823],[4.836107,52.38821],[4.836126,52.388194],[4.836155,52.388184],[4.836251,52.388162]]}},{"type":"Feature","properties":{"mode":"bus","n":5,"arr":["103","272","395","gvb:36","N81"],"lines":"103, 272, 395, 36, N81"},"geometry":{"type":"LineString","coordinates":[[4.836675,52.39158],[4.83887,52.391606],[4.839463,52.391521],[4.841025,52.391526],[4.842966,52.391497],[4.843385,52.391508],[4.844049,52.391593],[4.84467,52.391606]]}},{"type":"Feature","properties":{"mode":"bus","n":5,"arr":["103","272","395","800","gvb:36"],"lines":"103, 272, 395, 800, 36"},"geometry":{"type":"LineString","coordinates":[[4.855662,52.405875],[4.856904,52.406905],[4.85937,52.408834],[4.859913,52.409292],[4.860774,52.410084],[4.869177,52.418797],[4.869503,52.419104],[4.870141,52.419633],[4.870688,52.420022],[4.871367,52.420442]]}},{"type":"Feature","properties":{"mode":"bus","n":5,"arr":["103","391","394","gvb:36","N94"],"lines":"103, 391, 394, 36, N94"},"geometry":{"type":"LineString","coordinates":[[4.875853,52.420524],[4.876589,52.420123],[4.877508,52.419349]]}},{"type":"Feature","properties":{"mode":"bus","n":5,"arr":["103","391","394","gvb:36","N94"],"lines":"103, 391, 394, 36, N94"},"geometry":{"type":"LineString","coordinates":[[4.876055,52.420671],[4.877065,52.420135],[4.877294,52.419938],[4.877605,52.419575]]}},{"type":"Feature","properties":{"mode":"bus","n":5,"arr":["103","272","307","meer:102","N07"],"lines":"103, 272, 307, 102, N07"},"geometry":{"type":"LineString","coordinates":[[4.978845,52.496822],[4.978433,52.496686],[4.978295,52.496582],[4.977872,52.496155]]}},{"type":"Feature","properties":{"mode":"bus","n":7,"arr":["103","272","307","meer:101","meer:102","N06","N07"],"lines":"103, 272, 307, 101, 102, N06, N07"},"geometry":{"type":"LineString","coordinates":[[4.978845,52.496822],[4.979029,52.496845]]}},{"type":"Feature","properties":{"mode":"bus","n":5,"arr":["103","110","112","315","419"],"lines":"103, 110, 112, 315, 419"},"geometry":{"type":"LineString","coordinates":[[5.029926,52.456382],[5.029021,52.455056],[5.028716,52.45467]]}},{"type":"Feature","properties":{"mode":"bus","n":5,"arr":["103","272","307","meer:101","N06"],"lines":"103, 272, 307, 101, N06"},"geometry":{"type":"LineString","coordinates":[[4.977832,52.496274],[4.978202,52.496645],[4.978332,52.496722],[4.978495,52.496776],[4.978845,52.496822]]}},{"type":"Feature","properties":{"mode":"bus","n":6,"arr":["103","391","394","395","gvb:36","N94"],"lines":"103, 391, 394, 395, 36, N94"},"geometry":{"type":"LineString","coordinates":[[4.876055,52.420671],[4.874902,52.421196],[4.874602,52.421268],[4.874457,52.421326],[4.873932,52.421731],[4.873695,52.42198],[4.873484,52.422259],[4.873364,52.42252],[4.873209,52.423014],[4.873136,52.423113]]}},{"type":"Feature","properties":{"mode":"bus","n":5,"arr":["103","395","800","gvb:36","N19"],"lines":"103, 395, 800, 36, N19"},"geometry":{"type":"LineString","coordinates":[[4.870342,52.420797],[4.869528,52.420125],[4.868619,52.419252],[4.859641,52.409787],[4.858558,52.408857],[4.854952,52.406181]]}},{"type":"Feature","properties":{"mode":"bus","n":7,"arr":["104","272","307","meer:101","meer:102","N06","N07"],"lines":"104, 272, 307, 101, 102, N06, N07"},"geometry":{"type":"LineString","coordinates":[[4.993144,52.511932],[4.992925,52.511961],[4.991693,52.512419]]}},{"type":"Feature","properties":{"mode":"bus","n":7,"arr":["104","272","307","meer:101","meer:102","N06","N07"],"lines":"104, 272, 307, 101, 102, N06, N07"},"geometry":{"type":"LineString","coordinates":[[4.993522,52.510929],[4.993714,52.511025]]}},{"type":"Feature","properties":{"mode":"bus","n":6,"arr":["104","110","272","307","meer:101","N06"],"lines":"104, 110, 272, 307, 101, N06"},"geometry":{"type":"LineString","coordinates":[[4.986322,52.510447],[4.986599,52.510728],[4.986618,52.510819],[4.987656,52.511891],[4.987744,52.511907],[4.988435,52.512619],[4.988642,52.512759],[4.989965,52.512972],[4.990132,52.512967],[4.991693,52.512419]]}},{"type":"Feature","properties":{"mode":"bus","n":6,"arr":["104","110","272","307","meer:101","N06"],"lines":"104, 110, 272, 307, 101, N06"},"geometry":{"type":"LineString","coordinates":[[4.983163,52.50804],[4.983149,52.508071],[4.983148,52.508081],[4.983155,52.508088],[4.983169,52.508093],[4.984095,52.508247],[4.984179,52.508292],[4.984428,52.508559],[4.984475,52.508567]]}},{"type":"Feature","properties":{"mode":"bus","n":8,"arr":["104","110","272","307","meer:101","meer:102","N06","N07"],"lines":"104, 110, 272, 307, 101, 102, N06, N07"},"geometry":{"type":"LineString","coordinates":[[4.984475,52.508567],[4.986322,52.510447]]}},{"type":"Feature","properties":{"mode":"bus","n":8,"arr":["104","110","272","307","meer:101","meer:102","N06","N07"],"lines":"104, 110, 272, 307, 101, 102, N06, N07"},"geometry":{"type":"LineString","coordinates":[[4.977586,52.498406],[4.978067,52.498511],[4.981084,52.50159],[4.981121,52.501632],[4.981092,52.501706],[4.980758,52.50185],[4.980727,52.501871],[4.980716,52.501898],[4.980714,52.501955],[4.984145,52.505457],[4.984179,52.505522],[4.98417,52.505598],[4.983163,52.50804]]}},{"type":"Feature","properties":{"mode":"bus","n":6,"arr":["104","110","272","307","meer:102","N07"],"lines":"104, 110, 272, 307, 102, N07"},"geometry":{"type":"LineString","coordinates":[[4.983163,52.50804],[4.98388,52.508151],[4.984192,52.508222],[4.984487,52.508519],[4.984494,52.508531],[4.984491,52.508544],[4.984475,52.508567]]}},{"type":"Feature","properties":{"mode":"bus","n":5,"arr":["104","272","307","meer:102","N07"],"lines":"104, 272, 307, 102, N07"},"geometry":{"type":"LineString","coordinates":[[4.993522,52.510929],[4.993489,52.510857],[4.992695,52.510049],[4.992687,52.509964],[4.991666,52.508936],[4.991604,52.508877],[4.991507,52.508839],[4.991334,52.508667],[4.991311,52.508652],[4.991284,52.508648],[4.991253,52.508654],[4.986322,52.510447]]}},{"type":"Feature","properties":{"mode":"bus","n":5,"arr":["104","272","307","meer:101","meer:102"],"lines":"104, 272, 307, 101, 102"},"geometry":{"type":"LineString","coordinates":[[4.993714,52.511025],[4.993905,52.511119]]}},{"type":"Feature","properties":{"mode":"bus","n":7,"arr":["105","115","204","205","403","404","803"],"lines":"105, 115, 204, 205, 403, 404, 803"},"geometry":{"type":"LineString","coordinates":[[4.327526,51.843544],[4.328144,51.843598],[4.329292,51.843647],[4.330039,51.84362],[4.330634,51.843627]]}},{"type":"Feature","properties":{"mode":"bus","n":7,"arr":["105","115","204","205","403","404","803"],"lines":"105, 115, 204, 205, 403, 404, 803"},"geometry":{"type":"LineString","coordinates":[[4.326479,51.843837],[4.326409,51.843931],[4.326104,51.844177],[4.325826,51.844329]]}},{"type":"Feature","properties":{"mode":"bus","n":7,"arr":["105","115","204","205","403","404","803"],"lines":"105, 115, 204, 205, 403, 404, 803"},"geometry":{"type":"LineString","coordinates":[[4.324393,51.845423],[4.324114,51.845683],[4.322976,51.846582],[4.322867,51.846656],[4.322714,51.846703]]}},{"type":"Feature","properties":{"mode":"bus","n":7,"arr":["105","115","204","205","403","404","803"],"lines":"105, 115, 204, 205, 403, 404, 803"},"geometry":{"type":"LineString","coordinates":[[4.322517,51.846862],[4.322301,51.8471]]}},{"type":"Feature","properties":{"mode":"bus","n":7,"arr":["105","115","204","205","403","404","803"],"lines":"105, 115, 204, 205, 403, 404, 803"},"geometry":{"type":"LineString","coordinates":[[4.321233,51.84799],[4.320869,51.848269],[4.320773,51.848307]]}},{"type":"Feature","properties":{"mode":"bus","n":7,"arr":["105","115","204","205","403","404","803"],"lines":"105, 115, 204, 205, 403, 404, 803"},"geometry":{"type":"LineString","coordinates":[[4.317849,51.851596],[4.317687,51.851567]]}},{"type":"Feature","properties":{"mode":"bus","n":9,"arr":["105","115","204","205","285","403","404","803","902"],"lines":"105, 115, 204, 205, 285, 403, 404, 803, 902"},"geometry":{"type":"LineString","coordinates":[[4.322301,51.8471],[4.322153,51.847219],[4.322001,51.847274]]}},{"type":"Feature","properties":{"mode":"bus","n":9,"arr":["105","115","204","205","285","403","404","803","902"],"lines":"105, 115, 204, 205, 285, 403, 404, 803, 902"},"geometry":{"type":"LineString","coordinates":[[4.321442,51.847734],[4.32138,51.847871],[4.321233,51.84799]]}},{"type":"Feature","properties":{"mode":"bus","n":11,"arr":["105","115","204","205","285","403","404","803","825","902","ret:8"],"lines":"105, 115, 204, 205, 285, 403, 404, 803, 825, 902, 8"},"geometry":{"type":"LineString","coordinates":[[4.322001,51.847274],[4.321442,51.847734]]}},{"type":"Feature","properties":{"mode":"bus","n":9,"arr":["105","115","204","205","403","404","803","902","ret:8"],"lines":"105, 115, 204, 205, 403, 404, 803, 902, 8"},"geometry":{"type":"LineString","coordinates":[[4.320773,51.848307],[4.320318,51.848631]]}},{"type":"Feature","properties":{"mode":"bus","n":10,"arr":["105","115","204","205","403","404","803","825","902","ret:8"],"lines":"105, 115, 204, 205, 403, 404, 803, 825, 902, 8"},"geometry":{"type":"LineString","coordinates":[[4.320318,51.848631],[4.318683,51.84989]]}},{"type":"Feature","properties":{"mode":"bus","n":10,"arr":["105","115","204","205","403","404","803","825","902","ret:8"],"lines":"105, 115, 204, 205, 403, 404, 803, 825, 902, 8"},"geometry":{"type":"LineString","coordinates":[[4.318199,51.850512],[4.317965,51.851074]]}},{"type":"Feature","properties":{"mode":"bus","n":8,"arr":["105","115","204","205","403","404","803","ret:8"],"lines":"105, 115, 204, 205, 403, 404, 803, 8"},"geometry":{"type":"LineString","coordinates":[[4.318683,51.84989],[4.318661,51.849998],[4.318199,51.850512]]}},{"type":"Feature","properties":{"mode":"bus","n":8,"arr":["105","115","204","205","403","404","803","ret:8"],"lines":"105, 115, 204, 205, 403, 404, 803, 8"},"geometry":{"type":"LineString","coordinates":[[4.317849,51.851596],[4.317993,51.851201],[4.317965,51.851074]]}},{"type":"Feature","properties":{"mode":"bus","n":5,"arr":["105","115","205","903","ebs:106"],"lines":"105, 115, 205, 903, 106"},"geometry":{"type":"LineString","coordinates":[[4.265408,51.897965],[4.263925,51.894955],[4.263809,51.894789],[4.262762,51.892709],[4.262759,51.892595],[4.262148,51.891356]]}},{"type":"Feature","properties":{"mode":"bus","n":5,"arr":["105","ebs:102","ebs:456","ret:2","ret:9"],"lines":"105, 102, 456, 2, 9"},"geometry":{"type":"LineString","coordinates":[[4.40147,51.926488],[4.401923,51.926169],[4.402351,51.925659],[4.402526,51.925497],[4.402696,51.925405],[4.403839,51.925099],[4.403986,51.924998],[4.404052,51.92487]]}},{"type":"Feature","properties":{"mode":"bus","n":7,"arr":["105","126","826","ebs:102","ebs:456","ret:51","ret:54"],"lines":"105, 126, 826, 102, 456, 51, 54"},"geometry":{"type":"LineString","coordinates":[[4.40309,51.922857],[4.403179,51.922947]]}},{"type":"Feature","properties":{"mode":"bus","n":6,"arr":["105","ebs:102","ebs:456","ret:2","ret:3","ret:9"],"lines":"105, 102, 456, 2, 3, 9"},"geometry":{"type":"LineString","coordinates":[[4.407152,51.921765],[4.406766,51.921857]]}},{"type":"Feature","properties":{"mode":"bus","n":10,"arr":["105","115","204","205","285","403","404","803","825","ret:8"],"lines":"105, 115, 204, 205, 285, 403, 404, 803, 825, 8"},"geometry":{"type":"LineString","coordinates":[[4.321442,51.847734],[4.321069,51.847989]]}},{"type":"Feature","properties":{"mode":"bus","n":10,"arr":["105","115","204","205","285","403","404","803","825","ret:8"],"lines":"105, 115, 204, 205, 285, 403, 404, 803, 825, 8"},"geometry":{"type":"LineString","coordinates":[[4.322169,51.847086],[4.322053,51.847178],[4.322001,51.847274]]}},{"type":"Feature","properties":{"mode":"bus","n":5,"arr":["110","meer:101","meer:102","N06","N07"],"lines":"110, 101, 102, N06, N07"},"geometry":{"type":"LineString","coordinates":[[4.991693,52.512419],[4.994715,52.515518],[4.994853,52.515592],[4.995008,52.515591],[4.995087,52.515568],[4.998691,52.514249]]}},{"type":"Feature","properties":{"mode":"bus","n":9,"arr":["123","147","149","274","330","340","526","conn:174","N47"],"lines":"123, 147, 149, 274, 330, 340, 526, 174, N47"},"geometry":{"type":"LineString","coordinates":[[4.821519,52.242708],[4.82164,52.242728],[4.821658,52.242733],[4.821669,52.242739],[4.821672,52.242745],[4.821667,52.242754],[4.821654,52.242763],[4.821332,52.242953]]}},{"type":"Feature","properties":{"mode":"bus","n":7,"arr":["123","149","274","330","526","conn:174","N47"],"lines":"123, 149, 274, 330, 526, 174, N47"},"geometry":{"type":"LineString","coordinates":[[4.821901,52.242771],[4.821981,52.242746],[4.822255,52.242571]]}},{"type":"Feature","properties":{"mode":"bus","n":8,"arr":["123","149","274","330","340","526","conn:174","N47"],"lines":"123, 149, 274, 330, 340, 526, 174, N47"},"geometry":{"type":"LineString","coordinates":[[4.821696,52.242738],[4.821901,52.242771]]}},{"type":"Feature","properties":{"mode":"bus","n":7,"arr":["123","523","524","724","N26","qbuzz:101","uov:4"],"lines":"123, 523, 524, 724, N26, 101, 4"},"geometry":{"type":"LineString","coordinates":[[4.891332,52.086828],[4.890988,52.086987],[4.89085,52.086992]]}},{"type":"Feature","properties":{"mode":"bus","n":10,"arr":["123","505","523","524","724","N26","qbuzz:101","uov:3","uov:4","uov:5"],"lines":"123, 505, 523, 524, 724, N26, 101, 3, 4, 5"},"geometry":{"type":"LineString","coordinates":[[4.892601,52.085805],[4.893559,52.086108],[4.893624,52.086173],[4.893617,52.086234],[4.8927,52.087308],[4.892685,52.087321],[4.892668,52.087327],[4.892648,52.087326],[4.892626,52.087319],[4.891615,52.08687],[4.891389,52.086836],[4.891358,52.086828],[4.891342,52.086813],[4.891341,52.086792],[4.891468,52.086293],[4.891876,52.085757],[4.892046,52.085672]]}},{"type":"Feature","properties":{"mode":"bus","n":8,"arr":["123","505","724","N26","qbuzz:101","uov:3","uov:4","uov:5"],"lines":"123, 505, 724, N26, 101, 3, 4, 5"},"geometry":{"type":"LineString","coordinates":[[4.892046,52.085672],[4.892144,52.085668],[4.892249,52.085693],[4.892601,52.085805]]}},{"type":"Feature","properties":{"mode":"bus","n":8,"arr":["123","505","724","N26","qbuzz:101","uov:3","uov:4","uov:5"],"lines":"123, 505, 724, N26, 101, 3, 4, 5"},"geometry":{"type":"LineString","coordinates":[[4.892583,52.085481],[4.892319,52.085395],[4.892244,52.085404],[4.892209,52.085414],[4.892187,52.085432],[4.892117,52.085532],[4.892144,52.085668]]}},{"type":"Feature","properties":{"mode":"bus","n":5,"arr":["123","505","724","N26","qbuzz:101"],"lines":"123, 505, 724, N26, 101"},"geometry":{"type":"LineString","coordinates":[[4.892448,52.085756],[4.892611,52.085567]]}},{"type":"Feature","properties":{"mode":"bus","n":6,"arr":["123","505","724","N26","qbuzz:101","uov:5"],"lines":"123, 505, 724, N26, 101, 5"},"geometry":{"type":"LineString","coordinates":[[4.892611,52.085567],[4.892648,52.085524],[4.892653,52.085516],[4.892652,52.085509],[4.892646,52.085503],[4.892635,52.085498],[4.892583,52.085481]]}},{"type":"Feature","properties":{"mode":"bus","n":5,"arr":["123","505","724","uov:3","uov:5"],"lines":"123, 505, 724, 3, 5"},"geometry":{"type":"LineString","coordinates":[[4.891533,52.086197],[4.891352,52.086112],[4.891109,52.085918],[4.890933,52.085681],[4.890854,52.085454],[4.89088,52.085205],[4.891761,52.08341],[4.891801,52.083275],[4.891804,52.083148],[4.891737,52.083009],[4.891335,52.082685],[4.891296,52.082519],[4.891337,52.082432],[4.892492,52.08102]]}},{"type":"Feature","properties":{"mode":"bus","n":5,"arr":["123","523","524","N26","uov:4"],"lines":"123, 523, 524, N26, 4"},"geometry":{"type":"LineString","coordinates":[[4.890988,52.086987],[4.890921,52.087054]]}},{"type":"Feature","properties":{"mode":"bus","n":7,"arr":["123","147","149","274","330","526","conn:174"],"lines":"123, 147, 149, 274, 330, 526, 174"},"geometry":{"type":"LineString","coordinates":[[4.821332,52.242953],[4.821095,52.243092]]}},{"type":"Feature","properties":{"mode":"bus","n":8,"arr":["123","147","149","274","330","340","526","conn:174"],"lines":"123, 147, 149, 274, 330, 340, 526, 174"},"geometry":{"type":"LineString","coordinates":[[4.821095,52.243092],[4.820802,52.243263],[4.820785,52.24327],[4.820769,52.243272],[4.820753,52.243269],[4.820738,52.243261],[4.820683,52.243219]]}},{"type":"Feature","properties":{"mode":"bus","n":5,"arr":["126","826","ret:8","ret:51","ret:54"],"lines":"126, 826, 8, 51, 54"},"geometry":{"type":"LineString","coordinates":[[4.40205,51.914446],[4.401788,51.914357],[4.401759,51.914328],[4.401579,51.913924],[4.401489,51.913827],[4.400958,51.913564],[4.400582,51.913334]]}},{"type":"Feature","properties":{"mode":"bus","n":5,"arr":["126","ret:2","ret:8","ret:51","ret:54"],"lines":"126, 2, 8, 51, 54"},"geometry":{"type":"LineString","coordinates":[[4.402665,51.914644],[4.402587,51.914617]]}},{"type":"Feature","properties":{"mode":"bus","n":5,"arr":["142","143","146","290","ret:144"],"lines":"142, 143, 146, 290, 144"},"geometry":{"type":"LineString","coordinates":[[4.489002,51.887654],[4.489055,51.88766]]}},{"type":"Feature","properties":{"mode":"bus","n":8,"arr":["142","143","146","290","N60","ret:84","ret:144","ret:187"],"lines":"142, 143, 146, 290, N60, 84, 144, 187"},"geometry":{"type":"LineString","coordinates":[[4.492268,51.884784],[4.492018,51.88492],[4.491935,51.885027]]}},{"type":"Feature","properties":{"mode":"bus","n":6,"arr":["142","143","290","ret:70","ret:144","tdev:163"],"lines":"142, 143, 290, 70, 144, 163"},"geometry":{"type":"LineString","coordinates":[[4.534329,51.88102],[4.53372,51.880811]]}},{"type":"Feature","properties":{"mode":"bus","n":5,"arr":["142","143","290","ret:70","ret:144"],"lines":"142, 143, 290, 70, 144"},"geometry":{"type":"LineString","coordinates":[[4.534667,51.881137],[4.534329,51.88102]]}},{"type":"Feature","properties":{"mode":"bus","n":5,"arr":["142","143","145","489","ret:144"],"lines":"142, 143, 145, 489, 144"},"geometry":{"type":"LineString","coordinates":[[4.566616,51.885752],[4.567358,51.885956],[4.567836,51.886049],[4.568974,51.88615]]}},{"type":"Feature","properties":{"mode":"bus","n":7,"arr":["142","143","146","290","ret:84","ret:144","ret:187"],"lines":"142, 143, 146, 290, 84, 144, 187"},"geometry":{"type":"LineString","coordinates":[[4.488681,51.88469],[4.488566,51.884686]]}},{"type":"Feature","properties":{"mode":"bus","n":5,"arr":["143","608","609","610","ret:144"],"lines":"143, 608, 609, 610, 144"},"geometry":{"type":"LineString","coordinates":[[4.596316,51.87427],[4.598599,51.872028],[4.598623,51.872011],[4.598652,51.872004],[4.598687,51.872005],[4.598967,51.872043],[4.599817,51.872367],[4.599954,51.872364],[4.600024,51.872336],[4.600297,51.872061],[4.600296,51.87158],[4.60033,51.871428],[4.600594,51.871148],[4.600583,51.871083],[4.600755,51.870919]]}},{"type":"Feature","properties":{"mode":"bus","n":7,"arr":["145","283","516","603","716","717","ret:84"],"lines":"145, 283, 516, 603, 716, 717, 84"},"geometry":{"type":"LineString","coordinates":[[4.551942,51.852533],[4.551106,51.852508],[4.549418,51.852301]]}},{"type":"Feature","properties":{"mode":"bus","n":5,"arr":["145","516","603","716","717"],"lines":"145, 516, 603, 716, 717"},"geometry":{"type":"LineString","coordinates":[[4.551692,51.853299],[4.551942,51.852533]]}},{"type":"Feature","properties":{"mode":"bus","n":5,"arr":["145","516","603","716","717"],"lines":"145, 516, 603, 716, 717"},"geometry":{"type":"LineString","coordinates":[[4.551524,51.853819],[4.551387,51.85429]]}},{"type":"Feature","properties":{"mode":"bus","n":5,"arr":["146","462","471","tdev:163","tdev:461"],"lines":"146, 462, 471, 163, 461"},"geometry":{"type":"LineString","coordinates":[[4.514489,51.872062],[4.514197,51.872398],[4.513828,51.872676]]}},{"type":"Feature","properties":{"mode":"bus","n":6,"arr":["146","462","471","N60","tdev:163","tdev:461"],"lines":"146, 462, 471, N60, 163, 461"},"geometry":{"type":"LineString","coordinates":[[4.513828,51.872676],[4.511381,51.875037]]}},{"type":"Feature","properties":{"mode":"bus","n":5,"arr":["146","462","471","N60","tdev:461"],"lines":"146, 462, 471, N60, 461"},"geometry":{"type":"LineString","coordinates":[[4.511381,51.875037],[4.510858,51.875442],[4.510415,51.87565]]}},{"type":"Feature","properties":{"mode":"bus","n":5,"arr":["147","470","N70","qbuzz:2","qbuzz:101"],"lines":"147, 470, N70, 2, 101"},"geometry":{"type":"LineString","coordinates":[[4.658054,52.12495],[4.657967,52.124943]]}},{"type":"Feature","properties":{"mode":"bus","n":7,"arr":["147","165","470","N70","qbuzz:2","qbuzz:101","qbuzz:169"],"lines":"147, 165, 470, N70, 2, 101, 169"},"geometry":{"type":"LineString","coordinates":[[4.658122,52.124955],[4.658054,52.12495]]}},{"type":"Feature","properties":{"mode":"bus","n":9,"arr":["147","165","182","470","N70","qbuzz:2","qbuzz:101","qbuzz:169","qbuzz:183"],"lines":"147, 165, 182, 470, N70, 2, 101, 169, 183"},"geometry":{"type":"LineString","coordinates":[[4.658214,52.124962],[4.658122,52.124955]]}},{"type":"Feature","properties":{"mode":"bus","n":8,"arr":["147","182","470","722","N70","qbuzz:101","qbuzz:169","qbuzz:183"],"lines":"147, 182, 470, 722, N70, 101, 169, 183"},"geometry":{"type":"LineString","coordinates":[[4.657576,52.130049],[4.65769,52.129793],[4.657736,52.129359]]}},{"type":"Feature","properties":{"mode":"bus","n":8,"arr":["147","182","470","722","N70","qbuzz:101","qbuzz:169","qbuzz:183"],"lines":"147, 182, 470, 722, N70, 101, 169, 183"},"geometry":{"type":"LineString","coordinates":[[4.656558,52.134448],[4.656838,52.13322],[4.656822,52.132974]]}},{"type":"Feature","properties":{"mode":"bus","n":8,"arr":["147","182","470","722","N70","qbuzz:101","qbuzz:169","qbuzz:183"],"lines":"147, 182, 470, 722, N70, 101, 169, 183"},"geometry":{"type":"LineString","coordinates":[[4.657009,52.132206],[4.656822,52.132974],[4.656599,52.133516],[4.65637,52.134541]]}},{"type":"Feature","properties":{"mode":"bus","n":8,"arr":["147","182","470","722","N70","qbuzz:101","qbuzz:169","qbuzz:183"],"lines":"147, 182, 470, 722, N70, 101, 169, 183"},"geometry":{"type":"LineString","coordinates":[[4.657575,52.129373],[4.657614,52.129761],[4.657576,52.130049],[4.657385,52.130781]]}},{"type":"Feature","properties":{"mode":"bus","n":8,"arr":["147","182","470","722","N70","qbuzz:101","qbuzz:169","qbuzz:183"],"lines":"147, 182, 470, 722, N70, 101, 169, 183"},"geometry":{"type":"LineString","coordinates":[[4.657385,52.130781],[4.657327,52.131203],[4.657315,52.131815],[4.657085,52.132061],[4.657027,52.132172],[4.657022,52.132181],[4.657018,52.132187],[4.657015,52.132188],[4.657014,52.132186],[4.657014,52.13218],[4.657016,52.13217],[4.657099,52.13172],[4.657118,52.131076],[4.657316,52.130895],[4.657385,52.130781]]}},{"type":"Feature","properties":{"mode":"bus","n":5,"arr":["147","722","qbuzz:101","qbuzz:169","qbuzz:183"],"lines":"147, 722, 101, 169, 183"},"geometry":{"type":"LineString","coordinates":[[4.666679,52.135168],[4.665967,52.135019],[4.66499,52.134864],[4.662066,52.134802],[4.659517,52.134619],[4.658386,52.13458],[4.658262,52.13451],[4.657506,52.134448],[4.656558,52.134448]]}},{"type":"Feature","properties":{"mode":"bus","n":5,"arr":["147","149","274","340","conn:174"],"lines":"147, 149, 274, 340, 174"},"geometry":{"type":"LineString","coordinates":[[4.820869,52.243389],[4.820768,52.243283]]}},{"type":"Feature","properties":{"mode":"bus","n":5,"arr":["147","149","274","340","conn:174"],"lines":"147, 149, 274, 340, 174"},"geometry":{"type":"LineString","coordinates":[[4.820683,52.243219],[4.820633,52.243112]]}},{"type":"Feature","properties":{"mode":"bus","n":6,"arr":["147","149","274","340","conn:174","N47"],"lines":"147, 149, 274, 340, 174, N47"},"geometry":{"type":"LineString","coordinates":[[4.821348,52.24268],[4.821519,52.242708]]}},{"type":"Feature","properties":{"mode":"bus","n":5,"arr":["149","199","271","356","conn:174"],"lines":"149, 199, 271, 356, 174"},"geometry":{"type":"LineString","coordinates":[[4.872843,52.295779],[4.872388,52.295824],[4.871296,52.296038],[4.867319,52.296954],[4.867132,52.297042]]}},{"type":"Feature","properties":{"mode":"bus","n":5,"arr":["149","199","271","356","conn:174"],"lines":"149, 199, 271, 356, 174"},"geometry":{"type":"LineString","coordinates":[[4.866973,52.297077],[4.866896,52.29696]]}},{"type":"Feature","properties":{"mode":"bus","n":7,"arr":["149","171","199","300","356","conn:174","N30"],"lines":"149, 171, 199, 300, 356, 174, N30"},"geometry":{"type":"LineString","coordinates":[[4.867374,52.30038],[4.867267,52.30043]]}},{"type":"Feature","properties":{"mode":"bus","n":7,"arr":["149","171","199","300","356","conn:174","N30"],"lines":"149, 171, 199, 300, 356, 174, N30"},"geometry":{"type":"LineString","coordinates":[[4.860869,52.301985],[4.861058,52.301909],[4.861312,52.301881]]}},{"type":"Feature","properties":{"mode":"bus","n":8,"arr":["149","171","199","300","356","conn:174","N30","N84"],"lines":"149, 171, 199, 300, 356, 174, N30, N84"},"geometry":{"type":"LineString","coordinates":[[4.857867,52.302118],[4.858037,52.302075],[4.858177,52.302068],[4.858597,52.301964],[4.858747,52.301964],[4.859072,52.301895],[4.859105,52.301892],[4.859133,52.301899],[4.859154,52.301915],[4.859331,52.302126],[4.859542,52.30227],[4.859651,52.302287],[4.860869,52.301985],[4.861115,52.301947],[4.861409,52.301856],[4.863664,52.301297],[4.863872,52.301277],[4.863983,52.301231],[4.864658,52.301065],[4.866853,52.300556],[4.867267,52.30043]]}},{"type":"Feature","properties":{"mode":"bus","n":10,"arr":["149","186","199","257","357","conn:174","conn:178","N47","N57","N84"],"lines":"149, 186, 199, 257, 357, 174, 178, N47, N57, N84"},"geometry":{"type":"LineString","coordinates":[[4.857849,52.302821],[4.858168,52.302741],[4.858196,52.302729],[4.858207,52.302713],[4.858202,52.302693],[4.857867,52.302118]]}},{"type":"Feature","properties":{"mode":"bus","n":5,"arr":["149","186","199","conn:174","N84"],"lines":"149, 186, 199, 174, N84"},"geometry":{"type":"LineString","coordinates":[[4.857531,52.302324],[4.857457,52.302224]]}},{"type":"Feature","properties":{"mode":"bus","n":14,"arr":["149","171","186","199","257","300","356","357","conn:174","conn:178","N30","N47","N57","N84"],"lines":"149, 171, 186, 199, 257, 300, 356, 357, 174, 178, N30, N47, N57, N84"},"geometry":{"type":"LineString","coordinates":[[4.857457,52.302224],[4.857867,52.302118]]}},{"type":"Feature","properties":{"mode":"bus","n":7,"arr":["149","171","199","356","conn:174","N30","N84"],"lines":"149, 171, 199, 356, 174, N30, N84"},"geometry":{"type":"LineString","coordinates":[[4.863704,52.30129],[4.863793,52.301239],[4.863983,52.301231]]}},{"type":"Feature","properties":{"mode":"bus","n":6,"arr":["160","161","162","340","conn:169","conn:401"],"lines":"160, 161, 162, 340, 169, 401"},"geometry":{"type":"LineString","coordinates":[[4.689702,52.303],[4.690161,52.302753],[4.690496,52.302516],[4.69259,52.301384]]}},{"type":"Feature","properties":{"mode":"bus","n":8,"arr":["160","161","162","340","343","conn:163","conn:169","conn:401"],"lines":"160, 161, 162, 340, 343, 163, 169, 401"},"geometry":{"type":"LineString","coordinates":[[4.695954,52.29277],[4.696296,52.292559],[4.696369,52.292478],[4.6965,52.292438],[4.696547,52.292431],[4.696594,52.292437],[4.696682,52.292462],[4.697651,52.292874],[4.697768,52.292889],[4.697835,52.292876],[4.698333,52.292603],[4.698596,52.292384]]}},{"type":"Feature","properties":{"mode":"bus","n":5,"arr":["165","400","ebs:70","N40","qbuzz:401"],"lines":"165, 400, 70, N40, 401"},"geometry":{"type":"LineString","coordinates":[[4.490164,52.063414],[4.489322,52.063215]]}},{"type":"Feature","properties":{"mode":"bus","n":5,"arr":["165","400","ebs:70","N40","qbuzz:401"],"lines":"165, 400, 70, N40, 401"},"geometry":{"type":"LineString","coordinates":[[4.488642,52.06304],[4.48797,52.062838],[4.48766,52.062718],[4.48609,52.062318],[4.48552,52.062248],[4.484078,52.062136],[4.484044,52.06213],[4.484021,52.062117],[4.484008,52.062097],[4.483869,52.061707]]}},{"type":"Feature","properties":{"mode":"bus","n":5,"arr":["165","400","ebs:70","N40","qbuzz:401"],"lines":"165, 400, 70, N40, 401"},"geometry":{"type":"LineString","coordinates":[[4.490419,52.063115],[4.488601,52.062648],[4.488055,52.062577],[4.487835,52.062584]]}},{"type":"Feature","properties":{"mode":"bus","n":8,"arr":["165","170","400","455","ebs:70","ebs:71","N40","qbuzz:401"],"lines":"165, 170, 400, 455, 70, 71, N40, 401"},"geometry":{"type":"LineString","coordinates":[[4.483869,52.061707],[4.483832,52.061607],[4.483823,52.061592],[4.483808,52.061583],[4.483788,52.061579],[4.483762,52.061581],[4.4833,52.061655]]}},{"type":"Feature","properties":{"mode":"bus","n":7,"arr":["165","400","455","ebs:70","ebs:71","N40","qbuzz:401"],"lines":"165, 400, 455, 70, 71, N40, 401"},"geometry":{"type":"LineString","coordinates":[[4.4833,52.061655],[4.483034,52.061662],[4.482823,52.061634],[4.482604,52.06156],[4.482427,52.061469]]}},{"type":"Feature","properties":{"mode":"bus","n":8,"arr":["165","400","455","ebs:30","ebs:70","ebs:71","N40","qbuzz:401"],"lines":"165, 400, 455, 30, 70, 71, N40, 401"},"geometry":{"type":"LineString","coordinates":[[4.482449,52.061327],[4.482396,52.06126]]}},{"type":"Feature","properties":{"mode":"bus","n":7,"arr":["400","455","ebs:30","ebs:70","ebs:71","N40","qbuzz:401"],"lines":"400, 455, 30, 70, 71, N40, 401"},"geometry":{"type":"LineString","coordinates":[[4.482396,52.06126],[4.482357,52.061184]]}},{"type":"Feature","properties":{"mode":"bus","n":8,"arr":["165","170","400","455","ebs:30","N6","N40","qbuzz:401"],"lines":"165, 170, 400, 455, 30, N6, N40, 401"},"geometry":{"type":"LineString","coordinates":[[4.483118,52.061251],[4.483075,52.061146]]}},{"type":"Feature","properties":{"mode":"bus","n":9,"arr":["165","170","400","455","ebs:30","ebs:70","N6","N40","qbuzz:401"],"lines":"165, 170, 400, 455, 30, 70, N6, N40, 401"},"geometry":{"type":"LineString","coordinates":[[4.483164,52.061355],[4.483118,52.061251]]}},{"type":"Feature","properties":{"mode":"bus","n":10,"arr":["165","170","400","455","ebs:30","ebs:70","ebs:71","N6","N40","qbuzz:401"],"lines":"165, 170, 400, 455, 30, 70, 71, N6, N40, 401"},"geometry":{"type":"LineString","coordinates":[[4.48328,52.061606],[4.483164,52.061355]]}},{"type":"Feature","properties":{"mode":"bus","n":9,"arr":["165","400","455","ebs:30","ebs:70","ebs:71","N6","N40","qbuzz:401"],"lines":"165, 400, 455, 30, 70, 71, N6, N40, 401"},"geometry":{"type":"LineString","coordinates":[[4.484115,52.06194],[4.483941,52.061553],[4.483929,52.061538],[4.48391,52.061528],[4.483884,52.061524],[4.483799,52.06152],[4.48328,52.061606]]}},{"type":"Feature","properties":{"mode":"bus","n":6,"arr":["165","400","ebs:70","N6","N40","qbuzz:401"],"lines":"165, 400, 70, N6, N40, 401"},"geometry":{"type":"LineString","coordinates":[[4.487835,52.062584],[4.486601,52.062261],[4.486218,52.06218],[4.484824,52.062035],[4.484115,52.06194]]}},{"type":"Feature","properties":{"mode":"bus","n":8,"arr":["166","462","516","666","716","N60","tdev:163","tdev:461"],"lines":"166, 462, 516, 666, 716, N60, 163, 461"},"geometry":{"type":"LineString","coordinates":[[4.496761,51.815099],[4.49511,51.814042]]}},{"type":"Feature","properties":{"mode":"bus","n":10,"arr":["166","462","501","516","603","666","716","N60","tdev:163","tdev:461"],"lines":"166, 462, 501, 516, 603, 666, 716, N60, 163, 461"},"geometry":{"type":"LineString","coordinates":[[4.496761,51.815099],[4.496516,51.815226],[4.496353,51.815264]]}},{"type":"Feature","properties":{"mode":"bus","n":5,"arr":["166","516","603","666","716"],"lines":"166, 516, 603, 666, 716"},"geometry":{"type":"LineString","coordinates":[[4.496349,51.815341],[4.49632,51.815364]]}},{"type":"Feature","properties":{"mode":"bus","n":7,"arr":["166","462","516","603","666","716","N60"],"lines":"166, 462, 516, 603, 666, 716, N60"},"geometry":{"type":"LineString","coordinates":[[4.496349,51.815341],[4.496361,51.815325]]}},{"type":"Feature","properties":{"mode":"bus","n":8,"arr":["166","462","501","516","603","666","716","N60"],"lines":"166, 462, 501, 516, 603, 666, 716, N60"},"geometry":{"type":"LineString","coordinates":[[4.496361,51.815325],[4.496367,51.815311]]}},{"type":"Feature","properties":{"mode":"bus","n":9,"arr":["166","462","501","516","603","666","716","N60","tdev:461"],"lines":"166, 462, 501, 516, 603, 666, 716, N60, 461"},"geometry":{"type":"LineString","coordinates":[[4.496367,51.815311],[4.496353,51.815264]]}},{"type":"Feature","properties":{"mode":"bus","n":7,"arr":["166","462","501","516","716","N60","tdev:461"],"lines":"166, 462, 501, 516, 716, N60, 461"},"geometry":{"type":"LineString","coordinates":[[4.496353,51.815264],[4.496192,51.815265],[4.49581,51.815053]]}},{"type":"Feature","properties":{"mode":"bus","n":8,"arr":["166","462","501","516","716","N60","tdev:163","tdev:461"],"lines":"166, 462, 501, 516, 716, N60, 163, 461"},"geometry":{"type":"LineString","coordinates":[[4.49581,51.815053],[4.495513,51.814882]]}},{"type":"Feature","properties":{"mode":"bus","n":9,"arr":["166","462","501","516","666","716","N60","tdev:163","tdev:461"],"lines":"166, 462, 501, 516, 666, 716, N60, 163, 461"},"geometry":{"type":"LineString","coordinates":[[4.496353,51.815264],[4.496053,51.814993],[4.495513,51.814679]]}},{"type":"Feature","properties":{"mode":"bus","n":5,"arr":["166","462","666","N60","tdev:461"],"lines":"166, 462, 666, N60, 461"},"geometry":{"type":"LineString","coordinates":[[4.495186,51.814269],[4.495308,51.814482],[4.495513,51.814679]]}},{"type":"Feature","properties":{"mode":"bus","n":7,"arr":["166","462","516","716","N60","tdev:163","tdev:461"],"lines":"166, 462, 516, 716, N60, 163, 461"},"geometry":{"type":"LineString","coordinates":[[4.494826,51.814013],[4.494935,51.81394]]}},{"type":"Feature","properties":{"mode":"bus","n":6,"arr":["170","400","455","N6","N40","qbuzz:401"],"lines":"170, 400, 455, N6, N40, 401"},"geometry":{"type":"LineString","coordinates":[[4.483053,52.061094],[4.483031,52.061042]]}},{"type":"Feature","properties":{"mode":"bus","n":7,"arr":["170","400","455","ebs:30","N6","N40","qbuzz:401"],"lines":"170, 400, 455, 30, N6, N40, 401"},"geometry":{"type":"LineString","coordinates":[[4.483075,52.061146],[4.483053,52.061094]]}},{"type":"Feature","properties":{"mode":"bus","n":5,"arr":["171","257","340","357","N57"],"lines":"171, 257, 340, 357, N57"},"geometry":{"type":"LineString","coordinates":[[4.767881,52.258824],[4.767951,52.258914],[4.767971,52.25893],[4.767997,52.258936],[4.768029,52.258931],[4.768645,52.25876]]}},{"type":"Feature","properties":{"mode":"bus","n":6,"arr":["171","257","357","conn:178","N47","N57"],"lines":"171, 257, 357, 178, N47, N57"},"geometry":{"type":"LineString","coordinates":[[4.854589,52.298897],[4.854659,52.298859],[4.854754,52.298841],[4.854798,52.298839],[4.854839,52.29885],[4.854912,52.298882],[4.854955,52.298951]]}},{"type":"Feature","properties":{"mode":"bus","n":5,"arr":["171","357","conn:178","N47","N57"],"lines":"171, 357, 178, N47, N57"},"geometry":{"type":"LineString","coordinates":[[4.854996,52.299199],[4.855204,52.299558],[4.855605,52.300052],[4.85561,52.30017]]}},{"type":"Feature","properties":{"mode":"bus","n":7,"arr":["171","257","357","conn:174","conn:178","N47","N57"],"lines":"171, 257, 357, 174, 178, N47, N57"},"geometry":{"type":"LineString","coordinates":[[4.85561,52.30017],[4.855836,52.300409],[4.855903,52.301057],[4.856033,52.301408],[4.856166,52.301553],[4.856483,52.301787]]}},{"type":"Feature","properties":{"mode":"bus","n":7,"arr":["171","257","357","conn:174","conn:178","N47","N57"],"lines":"171, 257, 357, 174, 178, N47, N57"},"geometry":{"type":"LineString","coordinates":[[4.855588,52.300539],[4.85561,52.30017],[4.855218,52.299865],[4.854857,52.299281],[4.854837,52.299182]]}},{"type":"Feature","properties":{"mode":"bus","n":7,"arr":["171","300","357","conn:178","N30","N47","N57"],"lines":"171, 300, 357, 178, N30, N47, N57"},"geometry":{"type":"LineString","coordinates":[[4.856881,52.301835],[4.856837,52.301875]]}},{"type":"Feature","properties":{"mode":"bus","n":8,"arr":["171","300","356","357","conn:178","N30","N47","N57"],"lines":"171, 300, 356, 357, 178, N30, N47, N57"},"geometry":{"type":"LineString","coordinates":[[4.856837,52.301875],[4.856786,52.301958],[4.856789,52.302058],[4.856802,52.30209],[4.856839,52.302114],[4.857058,52.302204],[4.857457,52.302224]]}},{"type":"Feature","properties":{"mode":"bus","n":8,"arr":["171","300","356","357","conn:178","N30","N47","N57"],"lines":"171, 300, 356, 357, 178, N30, N47, N57"},"geometry":{"type":"LineString","coordinates":[[4.856881,52.301835],[4.856483,52.301787]]}},{"type":"Feature","properties":{"mode":"bus","n":5,"arr":["171","255","300","356","N30"],"lines":"171, 255, 300, 356, N30"},"geometry":{"type":"LineString","coordinates":[[4.895261,52.297533],[4.895242,52.297422],[4.895243,52.297406],[4.895252,52.297396],[4.895269,52.29739],[4.895294,52.29739],[4.895745,52.29742],[4.896479,52.297596],[4.900296,52.29906],[4.901121,52.299239],[4.901509,52.2993],[4.902312,52.29939],[4.903264,52.299449],[4.903605,52.299435],[4.90444,52.299352],[4.905797,52.299144],[4.907281,52.29895],[4.907843,52.298913],[4.908575,52.29893],[4.909446,52.299064],[4.909993,52.299213],[4.911568,52.299875]]}},{"type":"Feature","properties":{"mode":"bus","n":5,"arr":["171","255","300","356","N30"],"lines":"171, 255, 300, 356, N30"},"geometry":{"type":"LineString","coordinates":[[4.895896,52.297583],[4.895574,52.297542],[4.895056,52.297526],[4.894422,52.297564],[4.893386,52.297782],[4.889137,52.299336],[4.887997,52.299691],[4.887004,52.29996],[4.886935,52.300004],[4.886207,52.300171],[4.881892,52.300955]]}},{"type":"Feature","properties":{"mode":"bus","n":5,"arr":["171","255","300","356","N30"],"lines":"171, 255, 300, 356, N30"},"geometry":{"type":"LineString","coordinates":[[4.926261,52.30748],[4.926833,52.307878],[4.927274,52.308148],[4.928306,52.308717],[4.92947,52.30921],[4.930037,52.309396],[4.931226,52.309918],[4.932211,52.310446],[4.932772,52.310695],[4.932991,52.31076],[4.933367,52.310804],[4.935074,52.310648],[4.935931,52.310914]]}},{"type":"Feature","properties":{"mode":"bus","n":5,"arr":["171","255","300","356","N30"],"lines":"171, 255, 300, 356, N30"},"geometry":{"type":"LineString","coordinates":[[4.940187,52.308389],[4.938426,52.310298],[4.937856,52.310969],[4.937304,52.31151],[4.937296,52.311516],[4.93729,52.31152],[4.937286,52.311521],[4.937284,52.311519],[4.937283,52.311514],[4.937284,52.311506],[4.937292,52.311453],[4.937258,52.311402],[4.937233,52.311381],[4.937193,52.31137],[4.937099,52.31136],[4.936027,52.310982],[4.935965,52.310938],[4.935956,52.310931],[4.935951,52.310926],[4.935951,52.310923],[4.935956,52.310921],[4.935965,52.310922],[4.935979,52.310925],[4.936072,52.310945],[4.937097,52.311286],[4.937128,52.311292],[4.937156,52.311287],[4.937178,52.311272],[4.937835,52.310606],[4.937917,52.310509],[4.937923,52.31045],[4.938671,52.309587],[4.93989,52.308245]]}},{"type":"Feature","properties":{"mode":"bus","n":5,"arr":["171","255","300","356","N30"],"lines":"171, 255, 300, 356, N30"},"geometry":{"type":"LineString","coordinates":[[4.935267,52.310802],[4.935339,52.310722]]}},{"type":"Feature","properties":{"mode":"bus","n":5,"arr":["171","255","300","356","N30"],"lines":"171, 255, 300, 356, N30"},"geometry":{"type":"LineString","coordinates":[[4.947333,52.310741],[4.947337,52.310676],[4.947333,52.310655],[4.947317,52.310637],[4.94729,52.310623],[4.946606,52.310379],[4.945067,52.309887],[4.940538,52.308289],[4.940334,52.308222],[4.939973,52.30816]]}},{"type":"Feature","properties":{"mode":"bus","n":6,"arr":["171","255","300","356","N26","N30"],"lines":"171, 255, 300, 356, N26, N30"},"geometry":{"type":"LineString","coordinates":[[4.939973,52.30816],[4.93989,52.308245]]}},{"type":"Feature","properties":{"mode":"bus","n":6,"arr":["171","255","300","356","N26","N30"],"lines":"171, 255, 300, 356, N26, N30"},"geometry":{"type":"LineString","coordinates":[[4.942596,52.309257],[4.940187,52.308389]]}},{"type":"Feature","properties":{"mode":"bus","n":10,"arr":["171","255","276","300","326","356","370","N26","N30","N85"],"lines":"171, 255, 276, 300, 326, 356, 370, N26, N30, N85"},"geometry":{"type":"LineString","coordinates":[[4.947421,52.31077],[4.947333,52.310741]]}},{"type":"Feature","properties":{"mode":"bus","n":5,"arr":["276","326","370","N26","N85"],"lines":"276, 326, 370, N26, N85"},"geometry":{"type":"LineString","coordinates":[[4.947333,52.310741],[4.942686,52.309152]]}},{"type":"Feature","properties":{"mode":"bus","n":5,"arr":["276","326","370","N26","N85"],"lines":"276, 326, 370, N26, N85"},"geometry":{"type":"LineString","coordinates":[[4.946157,52.300581],[4.947963,52.298581],[4.948625,52.297935],[4.951109,52.29517]]}},{"type":"Feature","properties":{"mode":"bus","n":10,"arr":["171","255","276","300","326","356","370","gvb:66","N26","N30"],"lines":"171, 255, 276, 300, 326, 356, 370, 66, N26, N30"},"geometry":{"type":"LineString","coordinates":[[4.947516,52.310803],[4.947421,52.31077]]}},{"type":"Feature","properties":{"mode":"bus","n":7,"arr":["171","255","276","300","356","370","N30"],"lines":"171, 255, 276, 300, 356, 370, N30"},"geometry":{"type":"LineString","coordinates":[[4.947516,52.310803],[4.947711,52.310839]]}},{"type":"Feature","properties":{"mode":"bus","n":8,"arr":["171","200","255","271","300","356","gvb:44","N30"],"lines":"171, 200, 255, 271, 300, 356, 44, N30"},"geometry":{"type":"LineString","coordinates":[[4.947674,52.311256],[4.947635,52.311298]]}},{"type":"Feature","properties":{"mode":"bus","n":10,"arr":["171","200","255","271","300","326","356","gvb:44","N26","N30"],"lines":"171, 200, 255, 271, 300, 326, 356, 44, N26, N30"},"geometry":{"type":"LineString","coordinates":[[4.947635,52.311298],[4.94761,52.311325]]}},{"type":"Feature","properties":{"mode":"bus","n":11,"arr":["171","200","255","271","300","326","356","gvb:44","N26","N30","N85"],"lines":"171, 200, 255, 271, 300, 326, 356, 44, N26, N30, N85"},"geometry":{"type":"LineString","coordinates":[[4.94761,52.311325],[4.947577,52.31136]]}},{"type":"Feature","properties":{"mode":"bus","n":6,"arr":["171","200","255","300","356","N30"],"lines":"171, 200, 255, 300, 356, N30"},"geometry":{"type":"LineString","coordinates":[[4.947307,52.311499],[4.947384,52.311568]]}},{"type":"Feature","properties":{"mode":"bus","n":5,"arr":["171","255","271","300","356"],"lines":"171, 255, 271, 300, 356"},"geometry":{"type":"LineString","coordinates":[[4.947172,52.311643],[4.947218,52.311746]]}},{"type":"Feature","properties":{"mode":"bus","n":7,"arr":["171","200","255","271","356","N30","N85"],"lines":"171, 200, 255, 271, 356, N30, N85"},"geometry":{"type":"LineString","coordinates":[[4.947101,52.311712],[4.947157,52.311791]]}},{"type":"Feature","properties":{"mode":"bus","n":8,"arr":["171","200","255","271","300","356","N26","N30"],"lines":"171, 200, 255, 271, 300, 356, N26, N30"},"geometry":{"type":"LineString","coordinates":[[4.947358,52.310841],[4.942596,52.309257]]}},{"type":"Feature","properties":{"mode":"bus","n":10,"arr":["171","257","300","356","357","conn:174","conn:178","N30","N47","N57"],"lines":"171, 257, 300, 356, 357, 174, 178, N30, N47, N57"},"geometry":{"type":"LineString","coordinates":[[4.856483,52.301787],[4.856563,52.301901],[4.856644,52.302172],[4.856666,52.302202],[4.856709,52.302221],[4.856971,52.302287],[4.857305,52.302275],[4.857457,52.302224]]}},{"type":"Feature","properties":{"mode":"bus","n":5,"arr":["171","300","356","conn:174","N30"],"lines":"171, 300, 356, 174, N30"},"geometry":{"type":"LineString","coordinates":[[4.856609,52.302015],[4.856456,52.301954]]}},{"type":"Feature","properties":{"mode":"bus","n":9,"arr":["175","196","275","497","726","996","qbuzz:178","qbuzz:190","uov:106"],"lines":"175, 196, 275, 497, 726, 996, 178, 190, 106"},"geometry":{"type":"LineString","coordinates":[[4.707117,52.016715],[4.707345,52.016676],[4.707567,52.0166],[4.707939,52.016423],[4.70796,52.016416],[4.707979,52.016415],[4.707996,52.01642],[4.708011,52.016431],[4.708066,52.016482],[4.708126,52.016596]]}},{"type":"Feature","properties":{"mode":"bus","n":9,"arr":["175","196","275","497","726","996","qbuzz:178","qbuzz:190","uov:106"],"lines":"175, 196, 275, 497, 726, 996, 178, 190, 106"},"geometry":{"type":"LineString","coordinates":[[4.709378,52.015698],[4.709257,52.015778],[4.707982,52.016403]]}},{"type":"Feature","properties":{"mode":"bus","n":8,"arr":["175","196","275","497","726","996","qbuzz:178","qbuzz:190"],"lines":"175, 196, 275, 497, 726, 996, 178, 190"},"geometry":{"type":"LineString","coordinates":[[4.707313,52.016921],[4.707126,52.016933],[4.707068,52.016914],[4.707043,52.016901],[4.707031,52.016882],[4.707003,52.01675],[4.707003,52.016738],[4.707009,52.01673],[4.707021,52.016724],[4.707039,52.016721],[4.707117,52.016715]]}},{"type":"Feature","properties":{"mode":"bus","n":5,"arr":["175","196","275","qbuzz:178","qbuzz:190"],"lines":"175, 196, 275, 178, 190"},"geometry":{"type":"LineString","coordinates":[[4.707828,52.016889],[4.707313,52.016921]]}},{"type":"Feature","properties":{"mode":"bus","n":6,"arr":["175","196","275","497","qbuzz:178","qbuzz:190"],"lines":"175, 196, 275, 497, 178, 190"},"geometry":{"type":"LineString","coordinates":[[4.708126,52.016596],[4.708228,52.016745],[4.708236,52.016766],[4.70823,52.016785],[4.708209,52.016803],[4.708099,52.016868],[4.707828,52.016889]]}},{"type":"Feature","properties":{"mode":"bus","n":7,"arr":["180","186","195","199","conn:190","conn:194","N90"],"lines":"180, 186, 195, 199, 190, 194, N90"},"geometry":{"type":"LineString","coordinates":[[4.733387,52.291781],[4.733403,52.291711],[4.733472,52.291665],[4.733632,52.291624],[4.733959,52.291486],[4.733984,52.291471],[4.733994,52.291453],[4.73399,52.291432],[4.733851,52.291157]]}},{"type":"Feature","properties":{"mode":"bus","n":9,"arr":["180","186","195","199","287","arriva:1","conn:190","conn:194","N90"],"lines":"180, 186, 195, 199, 287, 1, 190, 194, N90"},"geometry":{"type":"LineString","coordinates":[[4.740472,52.297043],[4.740412,52.296972],[4.739451,52.296268],[4.737339,52.294832],[4.734171,52.29259],[4.733844,52.292311],[4.733563,52.292022],[4.733387,52.291781]]}},{"type":"Feature","properties":{"mode":"bus","n":9,"arr":["180","186","195","199","287","arriva:1","conn:190","conn:194","N90"],"lines":"180, 186, 195, 199, 287, 1, 190, 194, N90"},"geometry":{"type":"LineString","coordinates":[[4.743398,52.299663],[4.74292,52.299147],[4.742264,52.298603],[4.74214,52.298528]]}},{"type":"Feature","properties":{"mode":"bus","n":9,"arr":["180","186","195","199","287","arriva:1","conn:190","conn:194","N90"],"lines":"180, 186, 195, 199, 287, 1, 190, 194, N90"},"geometry":{"type":"LineString","coordinates":[[4.751455,52.303455],[4.750198,52.302982],[4.748596,52.302333],[4.746831,52.301844],[4.745106,52.301186]]}},{"type":"Feature","properties":{"mode":"bus","n":11,"arr":["180","181","186","191","195","199","287","arriva:1","conn:190","conn:194","N90"],"lines":"180, 181, 186, 191, 195, 199, 287, 1, 190, 194, N90"},"geometry":{"type":"LineString","coordinates":[[4.74214,52.298528],[4.741366,52.29776],[4.740472,52.297043]]}},{"type":"Feature","properties":{"mode":"bus","n":10,"arr":["180","186","195","199","287","397","arriva:1","conn:190","conn:194","N90"],"lines":"180, 186, 195, 199, 287, 397, 1, 190, 194, N90"},"geometry":{"type":"LineString","coordinates":[[4.744081,52.30053],[4.743398,52.299663]]}},{"type":"Feature","properties":{"mode":"bus","n":11,"arr":["180","186","195","199","287","397","arriva:1","conn:190","conn:194","N90","N97"],"lines":"180, 186, 195, 199, 287, 397, 1, 190, 194, N90, N97"},"geometry":{"type":"LineString","coordinates":[[4.744106,52.300576],[4.744081,52.30053]]}},{"type":"Feature","properties":{"mode":"bus","n":13,"arr":["180","186","195","199","287","300","397","arriva:1","conn:190","conn:194","N30","N90","N97"],"lines":"180, 186, 195, 199, 287, 300, 397, 1, 190, 194, N30, N90, N97"},"geometry":{"type":"LineString","coordinates":[[4.745106,52.301186],[4.744296,52.300862],[4.744191,52.300762],[4.744106,52.300576]]}},{"type":"Feature","properties":{"mode":"bus","n":13,"arr":["180","186","195","199","287","300","397","arriva:1","conn:190","conn:194","N30","N90","N97"],"lines":"180, 186, 195, 199, 287, 300, 397, 1, 190, 194, N30, N90, N97"},"geometry":{"type":"LineString","coordinates":[[4.75672,52.305721],[4.756847,52.305641]]}},{"type":"Feature","properties":{"mode":"bus","n":10,"arr":["180","186","195","199","287","arriva:1","arriva:3","conn:190","conn:194","N90"],"lines":"180, 186, 195, 199, 287, 1, 3, 190, 194, N90"},"geometry":{"type":"LineString","coordinates":[[4.751648,52.303523],[4.751455,52.303455]]}},{"type":"Feature","properties":{"mode":"bus","n":14,"arr":["180","186","195","199","287","300","397","arriva:1","arriva:3","conn:190","conn:194","N30","N90","N97"],"lines":"180, 186, 195, 199, 287, 300, 397, 1, 3, 190, 194, N30, N90, N97"},"geometry":{"type":"LineString","coordinates":[[4.751982,52.303635],[4.751648,52.303523]]}},{"type":"Feature","properties":{"mode":"bus","n":18,"arr":["180","186","195","199","287","300","361","365","397","470","arriva:1","arriva:3","conn:190","conn:194","N30","N70","N90","N97"],"lines":"180, 186, 195, 199, 287, 300, 361, 365, 397, 470, 1, 3, 190, 194, N30, N70, N90, N97"},"geometry":{"type":"LineString","coordinates":[[4.757952,52.306228],[4.757855,52.306116],[4.757009,52.30577],[4.75651,52.305367],[4.753336,52.30417],[4.751982,52.303635]]}},{"type":"Feature","properties":{"mode":"bus","n":8,"arr":["180","186","195","199","287","conn:190","conn:194","N90"],"lines":"180, 186, 195, 199, 287, 190, 194, N90"},"geometry":{"type":"LineString","coordinates":[[4.75651,52.305367],[4.756612,52.305393]]}},{"type":"Feature","properties":{"mode":"bus","n":18,"arr":["180","181","186","191","195","199","287","300","361","365","397","470","conn:190","conn:194","N30","N70","N90","N97"],"lines":"180, 181, 186, 191, 195, 199, 287, 300, 361, 365, 397, 470, 190, 194, N30, N70, N90, N97"},"geometry":{"type":"LineString","coordinates":[[4.76191,52.308439],[4.762147,52.308196]]}},{"type":"Feature","properties":{"mode":"bus","n":16,"arr":["180","181","186","191","195","199","287","300","397","470","conn:190","conn:194","N30","N70","N90","N97"],"lines":"180, 181, 186, 191, 195, 199, 287, 300, 397, 470, 190, 194, N30, N70, N90, N97"},"geometry":{"type":"LineString","coordinates":[[4.761286,52.309051],[4.76191,52.308439]]}},{"type":"Feature","properties":{"mode":"bus","n":17,"arr":["180","181","186","191","195","199","200","287","300","397","470","conn:190","conn:194","N30","N70","N90","N97"],"lines":"180, 181, 186, 191, 195, 199, 200, 287, 300, 397, 470, 190, 194, N30, N70, N90, N97"},"geometry":{"type":"LineString","coordinates":[[4.761047,52.309294],[4.761286,52.309051]]}},{"type":"Feature","properties":{"mode":"bus","n":19,"arr":["180","181","185","186","191","195","199","200","287","300","397","470","conn:190","conn:194","conn:198","N30","N70","N90","N97"],"lines":"180, 181, 185, 186, 191, 195, 199, 200, 287, 300, 397, 470, 190, 194, 198, N30, N70, N90, N97"},"geometry":{"type":"LineString","coordinates":[[4.760959,52.309383],[4.761047,52.309294]]}},{"type":"Feature","properties":{"mode":"bus","n":22,"arr":["180","181","185","186","191","195","199","200","245","247","287","300","369","397","470","conn:190","conn:194","conn:198","N30","N70","N90","N97"],"lines":"180, 181, 185, 186, 191, 195, 199, 200, 245, 247, 287, 300, 369, 397, 470, 190, 194, 198, N30, N70, N90, N97"},"geometry":{"type":"LineString","coordinates":[[4.759541,52.309543],[4.760422,52.309568],[4.760544,52.309556],[4.760771,52.3095],[4.760959,52.309383]]}},{"type":"Feature","properties":{"mode":"bus","n":22,"arr":["180","181","185","186","191","195","199","200","218","245","247","300","369","397","470","conn:190","conn:194","conn:198","N30","N70","N90","N97"],"lines":"180, 181, 185, 186, 191, 195, 199, 200, 218, 245, 247, 300, 369, 397, 470, 190, 194, 198, N30, N70, N90, N97"},"geometry":{"type":"LineString","coordinates":[[4.758971,52.309557],[4.759187,52.309535],[4.759541,52.309543]]}},{"type":"Feature","properties":{"mode":"bus","n":20,"arr":["180","181","185","186","191","195","199","200","218","245","247","300","369","397","conn:190","conn:194","conn:198","N30","N90","N97"],"lines":"180, 181, 185, 186, 191, 195, 199, 200, 218, 245, 247, 300, 369, 397, 190, 194, 198, N30, N90, N97"},"geometry":{"type":"LineString","coordinates":[[4.750927,52.309831],[4.751111,52.309598],[4.751518,52.309254],[4.752095,52.308961],[4.752751,52.308732],[4.753046,52.308694],[4.753387,52.308696],[4.754363,52.308755],[4.754882,52.308816],[4.75521,52.3089],[4.755627,52.309047],[4.757292,52.3097],[4.75761,52.309768],[4.757916,52.309783],[4.758176,52.309762],[4.758971,52.309557]]}},{"type":"Feature","properties":{"mode":"bus","n":20,"arr":["180","181","185","186","191","195","199","200","218","245","247","300","369","397","conn:190","conn:194","conn:198","N30","N90","N97"],"lines":"180, 181, 185, 186, 191, 195, 199, 200, 218, 245, 247, 300, 369, 397, 190, 194, 198, N30, N90, N97"},"geometry":{"type":"LineString","coordinates":[[4.762224,52.319041],[4.761587,52.319038],[4.760936,52.319088],[4.759507,52.319425]]}},{"type":"Feature","properties":{"mode":"bus","n":18,"arr":["180","181","185","186","191","195","199","200","218","300","369","397","conn:190","conn:194","conn:198","N30","N90","N97"],"lines":"180, 181, 185, 186, 191, 195, 199, 200, 218, 300, 369, 397, 190, 194, 198, N30, N90, N97"},"geometry":{"type":"LineString","coordinates":[[4.750927,52.309831],[4.750808,52.310228],[4.750831,52.310784]]}},{"type":"Feature","properties":{"mode":"bus","n":18,"arr":["180","181","185","186","191","195","199","200","218","300","369","397","conn:190","conn:194","conn:198","N30","N90","N97"],"lines":"180, 181, 185, 186, 191, 195, 199, 200, 218, 300, 369, 397, 190, 194, 198, N30, N90, N97"},"geometry":{"type":"LineString","coordinates":[[4.759507,52.319425],[4.759076,52.319465],[4.758397,52.319462],[4.758045,52.319425],[4.757213,52.319212]]}},{"type":"Feature","properties":{"mode":"bus","n":19,"arr":["180","181","185","186","191","195","199","200","218","300","369","397","arriva:3","conn:190","conn:194","conn:198","N30","N90","N97"],"lines":"180, 181, 185, 186, 191, 195, 199, 200, 218, 300, 369, 397, 3, 190, 194, 198, N30, N90, N97"},"geometry":{"type":"LineString","coordinates":[[4.757213,52.319212],[4.756764,52.318971],[4.756442,52.318745],[4.755351,52.317828],[4.754597,52.317099],[4.753907,52.316346],[4.753282,52.315572],[4.752531,52.314485],[4.751941,52.313497],[4.751376,52.311777],[4.750831,52.310784]]}},{"type":"Feature","properties":{"mode":"bus","n":19,"arr":["180","181","186","191","195","199","200","218","245","247","300","369","397","conn:190","conn:194","conn:198","N30","N90","N97"],"lines":"180, 181, 186, 191, 195, 199, 200, 218, 245, 247, 300, 369, 397, 190, 194, 198, N30, N90, N97"},"geometry":{"type":"LineString","coordinates":[[4.774475,52.321386],[4.773649,52.320644],[4.772746,52.319923],[4.77223,52.319641],[4.77161,52.319451],[4.770887,52.319358],[4.762224,52.319041]]}},{"type":"Feature","properties":{"mode":"bus","n":19,"arr":["180","181","186","191","195","199","200","218","245","247","300","369","397","conn:190","conn:194","conn:198","N30","N90","N97"],"lines":"180, 181, 186, 191, 195, 199, 200, 218, 245, 247, 300, 369, 397, 190, 194, 198, N30, N90, N97"},"geometry":{"type":"LineString","coordinates":[[4.792101,52.322047],[4.791873,52.321979],[4.789443,52.321885],[4.789278,52.321886],[4.789043,52.321921],[4.784606,52.32426],[4.784257,52.324363],[4.783822,52.324454],[4.783407,52.324481],[4.780072,52.324471],[4.779436,52.324453],[4.778903,52.324401],[4.77819,52.324246],[4.777801,52.324107],[4.777365,52.323911],[4.77674,52.323515],[4.775319,52.322201]]}},{"type":"Feature","properties":{"mode":"bus","n":9,"arr":["180","186","195","199","conn:190","conn:194","N30","N90","N97"],"lines":"180, 186, 195, 199, 190, 194, N30, N90, N97"},"geometry":{"type":"LineString","coordinates":[[4.775319,52.322201],[4.774871,52.322127],[4.774793,52.322096],[4.774407,52.321739],[4.774372,52.321695],[4.774475,52.321386]]}},{"type":"Feature","properties":{"mode":"bus","n":16,"arr":["180","181","186","195","199","218","300","356","369","397","conn:190","conn:194","conn:198","N30","N90","N97"],"lines":"180, 181, 186, 195, 199, 218, 300, 356, 369, 397, 190, 194, 198, N30, N90, N97"},"geometry":{"type":"LineString","coordinates":[[4.793154,52.322779],[4.792101,52.322047]]}},{"type":"Feature","properties":{"mode":"bus","n":14,"arr":["180","181","186","195","199","218","300","356","369","397","conn:194","conn:198","N30","N97"],"lines":"180, 181, 186, 195, 199, 218, 300, 356, 369, 397, 194, 198, N30, N97"},"geometry":{"type":"LineString","coordinates":[[4.793442,52.322992],[4.793154,52.322779]]}},{"type":"Feature","properties":{"mode":"bus","n":16,"arr":["180","181","186","195","199","200","245","247","300","356","369","397","conn:194","conn:198","N30","N97"],"lines":"180, 181, 186, 195, 199, 200, 245, 247, 300, 356, 369, 397, 194, 198, N30, N97"},"geometry":{"type":"LineString","coordinates":[[4.793743,52.322867],[4.793009,52.322357]]}},{"type":"Feature","properties":{"mode":"bus","n":17,"arr":["180","181","186","191","199","200","245","247","300","356","369","397","conn:190","conn:198","N30","N90","N97"],"lines":"180, 181, 186, 191, 199, 200, 245, 247, 300, 356, 369, 397, 190, 198, N30, N90, N97"},"geometry":{"type":"LineString","coordinates":[[4.793009,52.322357],[4.792601,52.322058]]}},{"type":"Feature","properties":{"mode":"bus","n":5,"arr":["180","181","191","287","arriva:1"],"lines":"180, 181, 191, 287, 1"},"geometry":{"type":"LineString","coordinates":[[4.728653,52.288227],[4.728902,52.288413],[4.729284,52.288646],[4.731012,52.289509],[4.73141,52.289742],[4.731768,52.289987],[4.732384,52.290505]]}},{"type":"Feature","properties":{"mode":"bus","n":14,"arr":["181","191","200","245","247","300","356","369","397","conn:190","conn:198","N30","N90","N97"],"lines":"181, 191, 200, 245, 247, 300, 356, 369, 397, 190, 198, N30, N90, N97"},"geometry":{"type":"LineString","coordinates":[[4.792601,52.322058],[4.792435,52.321942],[4.79234,52.321926],[4.792189,52.321965],[4.792101,52.322047]]}},{"type":"Feature","properties":{"mode":"bus","n":14,"arr":["181","191","200","218","245","247","300","369","397","conn:190","conn:198","N30","N90","N97"],"lines":"181, 191, 200, 218, 245, 247, 300, 369, 397, 190, 198, N30, N90, N97"},"geometry":{"type":"LineString","coordinates":[[4.775319,52.322201],[4.774475,52.321386]]}},{"type":"Feature","properties":{"mode":"bus","n":11,"arr":["181","191","287","300","397","470","conn:190","N30","N70","N90","N97"],"lines":"181, 191, 287, 300, 397, 470, 190, N30, N70, N90, N97"},"geometry":{"type":"LineString","coordinates":[[4.757079,52.306089],[4.757032,52.30613],[4.757002,52.306147],[4.756963,52.306155],[4.756829,52.306163]]}},{"type":"Feature","properties":{"mode":"bus","n":9,"arr":["181","191","287","300","397","conn:190","N30","N90","N97"],"lines":"181, 191, 287, 300, 397, 190, N30, N90, N97"},"geometry":{"type":"LineString","coordinates":[[4.756625,52.305659],[4.756491,52.305757],[4.756387,52.305797],[4.756373,52.305803],[4.756366,52.305807],[4.756364,52.30581],[4.756368,52.305811],[4.756379,52.305811],[4.756395,52.30581],[4.756567,52.305793],[4.756728,52.305862],[4.756817,52.305974],[4.756829,52.306163]]}},{"type":"Feature","properties":{"mode":"bus","n":14,"arr":["181","191","287","300","361","365","397","470","arriva:1","conn:190","N30","N70","N90","N97"],"lines":"181, 191, 287, 300, 361, 365, 397, 470, 1, 190, N30, N70, N90, N97"},"geometry":{"type":"LineString","coordinates":[[4.751697,52.303657],[4.752965,52.304163],[4.756351,52.305448],[4.756625,52.305659]]}},{"type":"Feature","properties":{"mode":"bus","n":6,"arr":["181","191","287","arriva:1","conn:190","N90"],"lines":"181, 191, 287, 1, 190, N90"},"geometry":{"type":"LineString","coordinates":[[4.743949,52.30065],[4.744065,52.300894],[4.744189,52.300989],[4.744916,52.301269],[4.745533,52.301455],[4.747042,52.302026],[4.74833,52.302368],[4.751697,52.303657]]}},{"type":"Feature","properties":{"mode":"bus","n":6,"arr":["181","191","287","arriva:1","conn:190","N90"],"lines":"181, 191, 287, 1, 190, N90"},"geometry":{"type":"LineString","coordinates":[[4.74214,52.298528],[4.742194,52.298631],[4.742761,52.299226],[4.743184,52.29973]]}},{"type":"Feature","properties":{"mode":"bus","n":6,"arr":["181","191","287","arriva:1","conn:190","N90"],"lines":"181, 191, 287, 1, 190, N90"},"geometry":{"type":"LineString","coordinates":[[4.740472,52.297043],[4.738434,52.295675],[4.738097,52.295401],[4.736578,52.294354],[4.736222,52.294143],[4.735584,52.293698],[4.73513,52.293321],[4.734666,52.293036],[4.734095,52.292629],[4.733351,52.291904],[4.732621,52.290827]]}},{"type":"Feature","properties":{"mode":"bus","n":7,"arr":["181","191","287","arriva:1","conn:190","N30","N90"],"lines":"181, 191, 287, 1, 190, N30, N90"},"geometry":{"type":"LineString","coordinates":[[4.743949,52.30065],[4.743921,52.300607]]}},{"type":"Feature","properties":{"mode":"bus","n":10,"arr":["181","191","287","300","397","arriva:1","conn:190","N30","N90","N97"],"lines":"181, 191, 287, 300, 397, 1, 190, N30, N90, N97"},"geometry":{"type":"LineString","coordinates":[[4.743921,52.300607],[4.743333,52.299908]]}},{"type":"Feature","properties":{"mode":"bus","n":7,"arr":["181","191","287","397","arriva:1","conn:190","N90"],"lines":"181, 191, 287, 397, 1, 190, N90"},"geometry":{"type":"LineString","coordinates":[[4.743184,52.29973],[4.743333,52.299908]]}},{"type":"Feature","properties":{"mode":"bus","n":5,"arr":["182","qbuzz:1","qbuzz:169","qbuzz:183","qbuzz:187"],"lines":"182, 1, 169, 183, 187"},"geometry":{"type":"LineString","coordinates":[[4.507319,52.155226],[4.509376,52.155195],[4.510638,52.155136],[4.511353,52.155074],[4.513218,52.154848],[4.51469,52.154764],[4.516491,52.154694]]}},{"type":"Feature","properties":{"mode":"bus","n":8,"arr":["182","qbuzz:1","qbuzz:3","qbuzz:54","qbuzz:56","qbuzz:169","qbuzz:183","qbuzz:187"],"lines":"182, 1, 3, 54, 56, 169, 183, 187"},"geometry":{"type":"LineString","coordinates":[[4.494677,52.154902],[4.494776,52.154898]]}},{"type":"Feature","properties":{"mode":"bus","n":8,"arr":["182","qbuzz:1","qbuzz:3","qbuzz:54","qbuzz:56","qbuzz:169","qbuzz:183","qbuzz:187"],"lines":"182, 1, 3, 54, 56, 169, 183, 187"},"geometry":{"type":"LineString","coordinates":[[4.484838,52.160218],[4.484994,52.160604],[4.485167,52.160817],[4.485258,52.160891],[4.485268,52.160899],[4.485276,52.160903],[4.485281,52.160904],[4.485283,52.160901],[4.485282,52.160895],[4.485278,52.160885],[4.485013,52.160247],[4.484999,52.160228],[4.484976,52.160218],[4.484943,52.160215],[4.484838,52.160218]]}},{"type":"Feature","properties":{"mode":"bus","n":8,"arr":["182","qbuzz:1","qbuzz:3","qbuzz:54","qbuzz:56","qbuzz:169","qbuzz:183","qbuzz:187"],"lines":"182, 1, 3, 54, 56, 169, 183, 187"},"geometry":{"type":"LineString","coordinates":[[4.485293,52.16092],[4.485382,52.16109],[4.485432,52.161366],[4.485569,52.161706]]}},{"type":"Feature","properties":{"mode":"bus","n":8,"arr":["182","qbuzz:1","qbuzz:3","qbuzz:54","qbuzz:56","qbuzz:169","qbuzz:183","qbuzz:187"],"lines":"182, 1, 3, 54, 56, 169, 183, 187"},"geometry":{"type":"LineString","coordinates":[[4.482981,52.165532],[4.483238,52.165742],[4.483337,52.165756],[4.483442,52.165736],[4.483589,52.165637],[4.483949,52.165115],[4.48413,52.164559],[4.484167,52.164279],[4.484435,52.163506],[4.484757,52.161964],[4.4848,52.1619],[4.484872,52.161858],[4.485514,52.161718],[4.485539,52.161715],[4.485559,52.161718],[4.485574,52.161726],[4.485584,52.161741],[4.485937,52.162544],[4.486009,52.162803],[4.485965,52.163012],[4.486202,52.163786],[4.486201,52.163808],[4.486186,52.163828],[4.486142,52.163862],[4.485993,52.163912],[4.485862,52.163922],[4.485715,52.163903],[4.484703,52.163577],[4.484418,52.163564]]}},{"type":"Feature","properties":{"mode":"bus","n":7,"arr":["186","257","357","conn:178","N47","N57","N84"],"lines":"186, 257, 357, 178, N47, N57, N84"},"geometry":{"type":"LineString","coordinates":[[4.857706,52.302872],[4.857849,52.302821]]}},{"type":"Feature","properties":{"mode":"bus","n":12,"arr":["195","200","245","247","300","356","369","397","conn:194","conn:198","N30","N97"],"lines":"195, 200, 245, 247, 300, 356, 369, 397, 194, 198, N30, N97"},"geometry":{"type":"LineString","coordinates":[[4.794033,52.32324],[4.793939,52.323025],[4.793743,52.322867]]}},{"type":"Feature","properties":{"mode":"bus","n":10,"arr":["195","218","300","356","369","397","conn:194","conn:198","N30","N97"],"lines":"195, 218, 300, 356, 369, 397, 194, 198, N30, N97"},"geometry":{"type":"LineString","coordinates":[[4.793845,52.3232],[4.793687,52.323153],[4.793442,52.322992]]}},{"type":"Feature","properties":{"mode":"bus","n":10,"arr":["195","218","300","356","369","397","conn:194","conn:198","N30","N97"],"lines":"195, 218, 300, 356, 369, 397, 194, 198, N30, N97"},"geometry":{"type":"LineString","coordinates":[[4.794033,52.32324],[4.794243,52.323271]]}},{"type":"Feature","properties":{"mode":"bus","n":11,"arr":["195","200","218","300","356","369","397","conn:194","conn:198","N30","N97"],"lines":"195, 200, 218, 300, 356, 369, 397, 194, 198, N30, N97"},"geometry":{"type":"LineString","coordinates":[[4.794033,52.32324],[4.793845,52.3232]]}},{"type":"Feature","properties":{"mode":"bus","n":6,"arr":["196","497","726","996","qbuzz:178","uov:106"],"lines":"196, 497, 726, 996, 178, 106"},"geometry":{"type":"LineString","coordinates":[[4.709566,52.015673],[4.709378,52.015698]]}},{"type":"Feature","properties":{"mode":"bus","n":5,"arr":["196","383","607","ret:4","ret:198"],"lines":"196, 383, 607, 4, 198"},"geometry":{"type":"LineString","coordinates":[[4.557195,51.920645],[4.557065,51.920531],[4.557028,51.920414],[4.557134,51.920225]]}},{"type":"Feature","properties":{"mode":"bus","n":8,"arr":["196","197","292","383","607","qbuzz:194","ret:4","ret:198"],"lines":"196, 197, 292, 383, 607, 194, 4, 198"},"geometry":{"type":"LineString","coordinates":[[4.55735,51.919875],[4.557591,51.919617],[4.558024,51.9193]]}},{"type":"Feature","properties":{"mode":"bus","n":5,"arr":["200","271","276","370","N87"],"lines":"200, 271, 276, 370, N87"},"geometry":{"type":"LineString","coordinates":[[4.961668,52.325475],[4.965492,52.326787]]}},{"type":"Feature","properties":{"mode":"bus","n":5,"arr":["200","271","276","370","gvb:44"],"lines":"200, 271, 276, 370, 44"},"geometry":{"type":"LineString","coordinates":[[4.960212,52.324972],[4.958948,52.324524],[4.958279,52.324317],[4.955376,52.323326]]}},{"type":"Feature","properties":{"mode":"bus","n":6,"arr":["200","271","276","370","gvb:44","N85"],"lines":"200, 271, 276, 370, 44, N85"},"geometry":{"type":"LineString","coordinates":[[4.955376,52.323326],[4.950522,52.321646]]}},{"type":"Feature","properties":{"mode":"bus","n":6,"arr":["200","271","276","370","gvb:44","N85"],"lines":"200, 271, 276, 370, 44, N85"},"geometry":{"type":"LineString","coordinates":[[4.950046,52.321482],[4.947742,52.320693],[4.947523,52.320597],[4.947437,52.320532]]}},{"type":"Feature","properties":{"mode":"bus","n":6,"arr":["200","271","276","326","370","N85"],"lines":"200, 271, 276, 326, 370, N85"},"geometry":{"type":"LineString","coordinates":[[4.942686,52.309152],[4.945396,52.306185],[4.945785,52.305781],[4.945977,52.305654],[4.946538,52.304955]]}},{"type":"Feature","properties":{"mode":"bus","n":7,"arr":["200","271","276","326","370","N26","N85"],"lines":"200, 271, 276, 326, 370, N26, N85"},"geometry":{"type":"LineString","coordinates":[[4.944829,52.302069],[4.945231,52.301576],[4.946157,52.300581]]}},{"type":"Feature","properties":{"mode":"bus","n":5,"arr":["200","255","300","356","N30"],"lines":"200, 255, 300, 356, N30"},"geometry":{"type":"LineString","coordinates":[[4.850484,52.303427],[4.849637,52.303745],[4.848738,52.303979],[4.847818,52.304199],[4.846529,52.304438],[4.844611,52.304687],[4.840854,52.305092],[4.838342,52.30545],[4.836188,52.305812],[4.834261,52.306167],[4.831276,52.306777],[4.827991,52.30757],[4.825747,52.308179],[4.823309,52.309013],[4.822604,52.309282],[4.821805,52.309625],[4.820595,52.310158],[4.819648,52.310611],[4.817703,52.311649],[4.81714,52.311967],[4.815683,52.312867],[4.814232,52.313885],[4.812679,52.315118],[4.811845,52.315832],[4.811129,52.316497],[4.809904,52.317833],[4.807495,52.320591],[4.806102,52.321979],[4.805394,52.322599],[4.804669,52.323173]]}},{"type":"Feature","properties":{"mode":"bus","n":7,"arr":["200","300","356","397","conn:198","N30","N97"],"lines":"200, 300, 356, 397, 198, N30, N97"},"geometry":{"type":"LineString","coordinates":[[4.802831,52.325266],[4.802708,52.325245]]}},{"type":"Feature","properties":{"mode":"bus","n":11,"arr":["200","218","245","247","300","356","369","397","conn:198","N30","N97"],"lines":"200, 218, 245, 247, 300, 356, 369, 397, 198, N30, N97"},"geometry":{"type":"LineString","coordinates":[[4.802708,52.325245],[4.801345,52.324448],[4.801198,52.324334],[4.800919,52.323973],[4.800783,52.323855],[4.799332,52.322835],[4.799291,52.322761],[4.799192,52.322726],[4.798401,52.322189],[4.798324,52.32218],[4.798109,52.322219],[4.795144,52.323837]]}},{"type":"Feature","properties":{"mode":"bus","n":10,"arr":["200","245","247","300","356","369","397","conn:198","N30","N97"],"lines":"200, 245, 247, 300, 356, 369, 397, 198, N30, N97"},"geometry":{"type":"LineString","coordinates":[[4.795144,52.323837],[4.795066,52.323889],[4.795028,52.323905],[4.794983,52.323909],[4.79494,52.323907],[4.794895,52.3239],[4.794859,52.323882],[4.794114,52.323344],[4.794033,52.32324]]}},{"type":"Feature","properties":{"mode":"bus","n":6,"arr":["204","403","404","803","902","ret:8"],"lines":"204, 403, 404, 803, 902, 8"},"geometry":{"type":"LineString","coordinates":[[4.320961,51.848081],[4.321069,51.847989]]}},{"type":"Feature","properties":{"mode":"bus","n":8,"arr":["218","300","356","369","397","conn:198","N30","N97"],"lines":"218, 300, 356, 369, 397, 198, N30, N97"},"geometry":{"type":"LineString","coordinates":[[4.795144,52.323837],[4.794949,52.323823],[4.794479,52.323484],[4.794243,52.323271]]}},{"type":"Feature","properties":{"mode":"bus","n":7,"arr":["218","245","247","369","397","conn:198","N97"],"lines":"218, 245, 247, 369, 397, 198, N97"},"geometry":{"type":"LineString","coordinates":[[4.802708,52.325245],[4.802732,52.325312],[4.802681,52.325415],[4.800801,52.326709],[4.800625,52.326887],[4.800522,52.327063],[4.800488,52.327217],[4.800514,52.327443],[4.800596,52.327615],[4.800711,52.327758],[4.801562,52.328471],[4.802326,52.329032],[4.804907,52.330672],[4.805018,52.330725],[4.805152,52.330753],[4.807692,52.332338],[4.808569,52.332813],[4.809901,52.333463]]}},{"type":"Feature","properties":{"mode":"bus","n":5,"arr":["231","233","369","gvb:22","gvb:61"],"lines":"231, 233, 369, 22, 61"},"geometry":{"type":"LineString","coordinates":[[4.837968,52.388378],[4.838496,52.388383],[4.838569,52.388363],[4.838601,52.388348],[4.838616,52.388326],[4.838631,52.388265]]}},{"type":"Feature","properties":{"mode":"bus","n":6,"arr":["231","233","369","gvb:15","gvb:22","gvb:61"],"lines":"231, 233, 369, 15, 22, 61"},"geometry":{"type":"LineString","coordinates":[[4.837968,52.388378],[4.837855,52.388322]]}},{"type":"Feature","properties":{"mode":"bus","n":6,"arr":["231","233","369","gvb:15","gvb:22","gvb:61"],"lines":"231, 233, 369, 15, 22, 61"},"geometry":{"type":"LineString","coordinates":[[4.839138,52.387497],[4.839136,52.387302]]}},{"type":"Feature","properties":{"mode":"bus","n":6,"arr":["231","233","369","gvb:15","gvb:22","gvb:61"],"lines":"231, 233, 369, 15, 22, 61"},"geometry":{"type":"LineString","coordinates":[[4.83783,52.385925],[4.837829,52.386064]]}},{"type":"Feature","properties":{"mode":"bus","n":7,"arr":["231","233","369","conn:382","gvb:15","gvb:22","gvb:61"],"lines":"231, 233, 369, 382, 15, 22, 61"},"geometry":{"type":"LineString","coordinates":[[4.837829,52.386064],[4.837813,52.386344],[4.837846,52.38643],[4.837853,52.386873],[4.837813,52.388133],[4.837855,52.388322]]}},{"type":"Feature","properties":{"mode":"bus","n":7,"arr":["231","233","369","conn:382","gvb:15","gvb:22","gvb:61"],"lines":"231, 233, 369, 382, 15, 22, 61"},"geometry":{"type":"LineString","coordinates":[[4.839136,52.387302],[4.839151,52.386897],[4.839078,52.386763],[4.839001,52.386701],[4.838837,52.386649],[4.838284,52.386628],[4.838054,52.386574],[4.837948,52.386463],[4.83793,52.386303],[4.83796,52.386023]]}},{"type":"Feature","properties":{"mode":"bus","n":5,"arr":["231","233","369","conn:382","gvb:61"],"lines":"231, 233, 369, 382, 61"},"geometry":{"type":"LineString","coordinates":[[4.837933,52.385985],[4.837866,52.385946],[4.837827,52.385931],[4.83778,52.385927],[4.837045,52.385964],[4.835176,52.385952]]}},{"type":"Feature","properties":{"mode":"bus","n":6,"arr":["231","233","369","conn:382","gvb:22","gvb:61"],"lines":"231, 233, 369, 382, 22, 61"},"geometry":{"type":"LineString","coordinates":[[4.83796,52.386023],[4.837933,52.385985]]}},{"type":"Feature","properties":{"mode":"bus","n":5,"arr":["233","369","conn:382","gvb:22","gvb:61"],"lines":"233, 369, 382, 22, 61"},"geometry":{"type":"LineString","coordinates":[[4.838307,52.388527],[4.838967,52.388525],[4.839058,52.388498],[4.839099,52.388479],[4.839123,52.388451],[4.839164,52.388369],[4.839164,52.388287],[4.839118,52.388241],[4.839131,52.387826]]}},{"type":"Feature","properties":{"mode":"bus","n":5,"arr":["244","conn:2","conn:14","conn:15","N80"],"lines":"244, 2, 14, 15, N80"},"geometry":{"type":"LineString","coordinates":[[4.640605,52.388525],[4.640584,52.388524]]}},{"type":"Feature","properties":{"mode":"bus","n":6,"arr":["244","255","346","356","680","conn:80"],"lines":"244, 255, 346, 356, 680, 80"},"geometry":{"type":"LineString","coordinates":[[4.644389,52.37001],[4.644177,52.370016]]}},{"type":"Feature","properties":{"mode":"bus","n":7,"arr":["244","255","346","356","680","conn:80","conn:569"],"lines":"244, 255, 346, 356, 680, 80, 569"},"geometry":{"type":"LineString","coordinates":[[4.654476,52.370083],[4.652725,52.370098],[4.651086,52.370061],[4.646405,52.370065],[4.645236,52.370005],[4.644389,52.37001]]}},{"type":"Feature","properties":{"mode":"bus","n":5,"arr":["244","346","397","conn:198","N97"],"lines":"244, 346, 397, 198, N97"},"geometry":{"type":"LineString","coordinates":[[4.819844,52.338302],[4.832814,52.338218],[4.834495,52.338165],[4.835581,52.338094],[4.836873,52.337972],[4.838096,52.337812],[4.841101,52.337293],[4.841693,52.337209],[4.842844,52.337093],[4.843572,52.337063],[4.844863,52.337074],[4.852519,52.337493],[4.853054,52.337417],[4.854011,52.337455],[4.854167,52.337412],[4.854181,52.337407],[4.85419,52.337403],[4.854192,52.3374],[4.854188,52.337397],[4.854178,52.337395],[4.854162,52.337394],[4.851559,52.337258]]}},{"type":"Feature","properties":{"mode":"bus","n":5,"arr":["244","346","397","conn:198","N97"],"lines":"244, 346, 397, 198, N97"},"geometry":{"type":"LineString","coordinates":[[4.857907,52.339044],[4.859461,52.33927],[4.860049,52.339319],[4.861768,52.339379],[4.862045,52.339349],[4.862102,52.339306],[4.862154,52.339192],[4.862066,52.339085],[4.861893,52.339028],[4.860259,52.338923],[4.858558,52.338758]]}},{"type":"Feature","properties":{"mode":"bus","n":6,"arr":["257","357","397","N47","N57","N97"],"lines":"257, 357, 397, N47, N57, N97"},"geometry":{"type":"LineString","coordinates":[[4.857387,52.339055],[4.857448,52.337194]]}},{"type":"Feature","properties":{"mode":"bus","n":6,"arr":["257","357","397","N47","N57","N97"],"lines":"257, 357, 397, N47, N57, N97"},"geometry":{"type":"LineString","coordinates":[[4.857528,52.345228],[4.856819,52.345121],[4.856652,52.345078],[4.856498,52.344964],[4.856461,52.344882],[4.857016,52.343263],[4.857477,52.342101],[4.857583,52.34169],[4.857604,52.341524],[4.857442,52.340429],[4.85739,52.339543]]}},{"type":"Feature","properties":{"mode":"bus","n":9,"arr":["244","257","346","357","397","conn:198","N47","N57","N97"],"lines":"244, 257, 346, 357, 397, 198, N47, N57, N97"},"geometry":{"type":"LineString","coordinates":[[4.857448,52.337194],[4.857449,52.337028]]}},{"type":"Feature","properties":{"mode":"bus","n":7,"arr":["244","257","346","357","conn:198","N47","N57"],"lines":"244, 257, 346, 357, 198, N47, N57"},"geometry":{"type":"LineString","coordinates":[[4.857449,52.337028],[4.857416,52.335242]]}},{"type":"Feature","properties":{"mode":"bus","n":5,"arr":["244","346","578","conn:178","conn:198"],"lines":"244, 346, 578, 178, 198"},"geometry":{"type":"LineString","coordinates":[[4.857676,52.335093],[4.859741,52.335089],[4.861456,52.335053],[4.865007,52.335067],[4.865715,52.334987],[4.872654,52.334997],[4.87335,52.334968],[4.87382,52.334995],[4.875687,52.335007],[4.877841,52.334983],[4.87876,52.335047]]}},{"type":"Feature","properties":{"mode":"bus","n":6,"arr":["244","346","578","conn:178","conn:198","gvb:62"],"lines":"244, 346, 578, 178, 198, 62"},"geometry":{"type":"LineString","coordinates":[[4.87876,52.335047],[4.878672,52.335155]]}},{"type":"Feature","properties":{"mode":"bus","n":7,"arr":["244","346","578","conn:178","conn:198","gvb:62","gvb:72"],"lines":"244, 346, 578, 178, 198, 62, 72"},"geometry":{"type":"LineString","coordinates":[[4.878672,52.335155],[4.877895,52.336038],[4.877262,52.336895],[4.877027,52.33729],[4.876835,52.337766],[4.876781,52.337972],[4.876763,52.338481],[4.876827,52.33872],[4.877008,52.339985],[4.877065,52.34083],[4.87689,52.34102],[4.876868,52.341036],[4.876839,52.341044],[4.876804,52.341043],[4.876549,52.341006],[4.873602,52.340891]]}},{"type":"Feature","properties":{"mode":"bus","n":6,"arr":["244","346","conn:178","conn:198","gvb:62","gvb:72"],"lines":"244, 346, 178, 198, 62, 72"},"geometry":{"type":"LineString","coordinates":[[4.876958,52.340938],[4.877019,52.341009]]}},{"type":"Feature","properties":{"mode":"bus","n":5,"arr":["244","346","conn:178","conn:198","gvb:62"],"lines":"244, 346, 178, 198, 62"},"geometry":{"type":"LineString","coordinates":[[4.873602,52.340891],[4.872851,52.340845]]}},{"type":"Feature","properties":{"mode":"bus","n":6,"arr":["244","346","conn:178","conn:198","gvb:15","gvb:62"],"lines":"244, 346, 178, 198, 15, 62"},"geometry":{"type":"LineString","coordinates":[[4.871771,52.34081],[4.870319,52.340773],[4.868555,52.34068]]}},{"type":"Feature","properties":{"mode":"bus","n":6,"arr":["244","245","346","397","conn:198","N97"],"lines":"244, 245, 346, 397, 198, N97"},"geometry":{"type":"LineString","coordinates":[[4.858558,52.338758],[4.853192,52.338477],[4.846106,52.337983],[4.84475,52.337942],[4.843947,52.338015],[4.843425,52.338104],[4.842948,52.338213],[4.841748,52.338556],[4.841063,52.338705],[4.840561,52.338776],[4.840123,52.338812],[4.839204,52.338856],[4.836629,52.338791],[4.835434,52.338787],[4.830818,52.338881],[4.826179,52.338861],[4.819125,52.338734]]}},{"type":"Feature","properties":{"mode":"bus","n":5,"arr":["244","245","397","conn:198","N97"],"lines":"244, 245, 397, 198, N97"},"geometry":{"type":"LineString","coordinates":[[4.819125,52.338734],[4.818433,52.338861],[4.814821,52.339007],[4.81456,52.339012],[4.814136,52.338984]]}},{"type":"Feature","properties":{"mode":"bus","n":6,"arr":["244","346","356","680","conn:80","conn:569"],"lines":"244, 346, 356, 680, 80, 569"},"geometry":{"type":"LineString","coordinates":[[4.654476,52.370083],[4.6545,52.370219]]}},{"type":"Feature","properties":{"mode":"bus","n":8,"arr":["244","255","346","356","680","conn:80","conn:567","N80"],"lines":"244, 255, 346, 356, 680, 80, 567, N80"},"geometry":{"type":"LineString","coordinates":[[4.654275,52.370218],[4.651473,52.370182],[4.647436,52.370181],[4.644633,52.370205]]}},{"type":"Feature","properties":{"mode":"bus","n":5,"arr":["244","conn:3","conn:385","conn:569","N30"],"lines":"244, 3, 385, 569, N30"},"geometry":{"type":"LineString","coordinates":[[4.648902,52.405836],[4.648934,52.40583],[4.648943,52.405827],[4.648947,52.405823],[4.648946,52.405816],[4.648855,52.405626],[4.648852,52.405621],[4.648847,52.405619],[4.648841,52.405618],[4.648833,52.405619],[4.648801,52.405625]]}},{"type":"Feature","properties":{"mode":"bus","n":5,"arr":["245","247","397","conn:198","N97"],"lines":"245, 247, 397, 198, N97"},"geometry":{"type":"LineString","coordinates":[[4.814788,52.335786],[4.814915,52.335848]]}},{"type":"Feature","properties":{"mode":"bus","n":5,"arr":["247","conn:80","gvb:21","N80","N82"],"lines":"247, 80, 21, N80, N82"},"geometry":{"type":"LineString","coordinates":[[4.8461,52.377949],[4.851768,52.379097]]}},{"type":"Feature","properties":{"mode":"bus","n":6,"arr":["247","conn:80","gvb:15","gvb:21","N80","N82"],"lines":"247, 80, 15, 21, N80, N82"},"geometry":{"type":"LineString","coordinates":[[4.8461,52.377949],[4.845094,52.377757],[4.844436,52.377844]]}},{"type":"Feature","properties":{"mode":"bus","n":5,"arr":["247","369","gvb:61","gvb:63","N83"],"lines":"247, 369, 61, 63, N83"},"geometry":{"type":"LineString","coordinates":[[4.807056,52.360571],[4.805619,52.363246]]}},{"type":"Feature","properties":{"mode":"bus","n":7,"arr":["250","255","340","346","356","568","N30"],"lines":"250, 255, 340, 346, 356, 568, N30"},"geometry":{"type":"LineString","coordinates":[[4.637933,52.387491],[4.638005,52.387484]]}},{"type":"Feature","properties":{"mode":"bus","n":8,"arr":["250","255","340","346","356","568","conn:385","N30"],"lines":"250, 255, 340, 346, 356, 568, 385, N30"},"geometry":{"type":"LineString","coordinates":[[4.638005,52.387484],[4.638171,52.387468]]}},{"type":"Feature","properties":{"mode":"bus","n":5,"arr":["250","255","340","356","568"],"lines":"250, 255, 340, 356, 568"},"geometry":{"type":"LineString","coordinates":[[4.627013,52.376787],[4.626941,52.376896],[4.626491,52.377166],[4.626404,52.37726],[4.62639,52.377347],[4.626499,52.377613]]}},{"type":"Feature","properties":{"mode":"bus","n":7,"arr":["250","255","340","356","568","conn:3","N80"],"lines":"250, 255, 340, 356, 568, 3, N80"},"geometry":{"type":"LineString","coordinates":[[4.627147,52.375856],[4.627099,52.376395]]}},{"type":"Feature","properties":{"mode":"bus","n":10,"arr":["250","255","340","341","356","568","680","conn:3","conn:80","N80"],"lines":"250, 255, 340, 341, 356, 568, 680, 3, 80, N80"},"geometry":{"type":"LineString","coordinates":[[4.630451,52.374434],[4.630719,52.375144],[4.630715,52.375198],[4.63071,52.375209],[4.630698,52.375217],[4.630667,52.375231],[4.627147,52.375856]]}},{"type":"Feature","properties":{"mode":"bus","n":8,"arr":["250","340","341","356","568","680","conn:3","conn:80"],"lines":"250, 340, 341, 356, 568, 680, 3, 80"},"geometry":{"type":"LineString","coordinates":[[4.630407,52.374161],[4.63033,52.374251],[4.630368,52.374355],[4.630451,52.374434]]}},{"type":"Feature","properties":{"mode":"bus","n":5,"arr":["250","400","qbuzz:22","qbuzz:23","qbuzz:401"],"lines":"250, 400, 22, 23, 401"},"geometry":{"type":"LineString","coordinates":[[4.459564,52.164897],[4.459123,52.16493],[4.458961,52.164918],[4.457503,52.165057],[4.456899,52.16516],[4.456793,52.165199],[4.45349,52.165496],[4.452686,52.165651],[4.451391,52.165941],[4.450436,52.166208]]}},{"type":"Feature","properties":{"mode":"bus","n":5,"arr":["250","400","qbuzz:22","qbuzz:23","qbuzz:401"],"lines":"250, 400, 22, 23, 401"},"geometry":{"type":"LineString","coordinates":[[4.454323,52.165671],[4.459103,52.165239]]}},{"type":"Feature","properties":{"mode":"bus","n":6,"arr":["250","400","ebs:43","qbuzz:22","qbuzz:23","qbuzz:401"],"lines":"250, 400, 43, 22, 23, 401"},"geometry":{"type":"LineString","coordinates":[[4.464352,52.164221],[4.464186,52.164257],[4.463507,52.164539],[4.463037,52.164652],[4.462433,52.16471],[4.462156,52.164705],[4.461463,52.16474],[4.459564,52.164897]]}},{"type":"Feature","properties":{"mode":"bus","n":6,"arr":["250","400","ebs:43","qbuzz:22","qbuzz:23","qbuzz:401"],"lines":"250, 400, 43, 22, 23, 401"},"geometry":{"type":"LineString","coordinates":[[4.459103,52.165239],[4.459446,52.165207]]}},{"type":"Feature","properties":{"mode":"bus","n":9,"arr":["250","400","ebs:43","qbuzz:22","qbuzz:23","qbuzz:30","qbuzz:31","qbuzz:38","qbuzz:401"],"lines":"250, 400, 43, 22, 23, 30, 31, 38, 401"},"geometry":{"type":"LineString","coordinates":[[4.474214,52.16381],[4.473705,52.163775],[4.473352,52.163778],[4.472131,52.163869],[4.47049,52.163889],[4.468396,52.163981],[4.467859,52.163981],[4.465921,52.16387],[4.465451,52.163901],[4.464935,52.164003],[4.464674,52.164081],[4.464352,52.164221]]}},{"type":"Feature","properties":{"mode":"bus","n":6,"arr":["250","qbuzz:23","qbuzz:30","qbuzz:38","qbuzz:183","qbuzz:401"],"lines":"250, 23, 30, 38, 183, 401"},"geometry":{"type":"LineString","coordinates":[[4.474136,52.16397],[4.474214,52.16381]]}},{"type":"Feature","properties":{"mode":"bus","n":10,"arr":["250","400","ebs:43","qbuzz:22","qbuzz:23","qbuzz:30","qbuzz:31","qbuzz:38","qbuzz:183","qbuzz:401"],"lines":"250, 400, 43, 22, 23, 30, 31, 38, 183, 401"},"geometry":{"type":"LineString","coordinates":[[4.474421,52.163847],[4.474214,52.16381]]}},{"type":"Feature","properties":{"mode":"bus","n":11,"arr":["250","400","ebs:43","qbuzz:1","qbuzz:22","qbuzz:23","qbuzz:30","qbuzz:31","qbuzz:38","qbuzz:183","qbuzz:401"],"lines":"250, 400, 43, 1, 22, 23, 30, 31, 38, 183, 401"},"geometry":{"type":"LineString","coordinates":[[4.481762,52.16461],[4.480676,52.163803],[4.48044,52.163694],[4.480335,52.163676],[4.480241,52.163609],[4.480078,52.163589],[4.479626,52.16377],[4.47923,52.163865],[4.477918,52.164146],[4.477481,52.164188],[4.476851,52.164195],[4.475999,52.164119],[4.475588,52.16403],[4.474421,52.163847]]}},{"type":"Feature","properties":{"mode":"bus","n":11,"arr":["250","400","ebs:43","qbuzz:1","qbuzz:22","qbuzz:23","qbuzz:30","qbuzz:31","qbuzz:38","qbuzz:183","qbuzz:401"],"lines":"250, 400, 43, 1, 22, 23, 30, 31, 38, 183, 401"},"geometry":{"type":"LineString","coordinates":[[4.47384,52.163935],[4.476124,52.164245],[4.476804,52.164306],[4.477175,52.164308],[4.477983,52.164213],[4.479709,52.163834],[4.480068,52.163717],[4.480106,52.163711],[4.480145,52.163716],[4.480178,52.163726],[4.4802,52.163735],[4.480212,52.163747],[4.480216,52.163763],[4.480213,52.163812],[4.480362,52.163953],[4.48145,52.164767]]}},{"type":"Feature","properties":{"mode":"bus","n":5,"arr":["250","ebs:43","qbuzz:1","qbuzz:22","qbuzz:23"],"lines":"250, 43, 1, 22, 23"},"geometry":{"type":"LineString","coordinates":[[4.482308,52.165488],[4.482362,52.165556]]}},{"type":"Feature","properties":{"mode":"bus","n":13,"arr":["250","365","366","400","410","ebs:43","N40","qbuzz:1","qbuzz:20","qbuzz:21","qbuzz:22","qbuzz:23","qbuzz:401"],"lines":"250, 365, 366, 400, 410, 43, N40, 1, 20, 21, 22, 23, 401"},"geometry":{"type":"LineString","coordinates":[[4.482362,52.165556],[4.482557,52.165572]]}},{"type":"Feature","properties":{"mode":"bus","n":10,"arr":["250","400","ebs:43","qbuzz:1","qbuzz:22","qbuzz:23","qbuzz:30","qbuzz:31","qbuzz:38","qbuzz:401"],"lines":"250, 400, 43, 1, 22, 23, 30, 31, 38, 401"},"geometry":{"type":"LineString","coordinates":[[4.464461,52.164344],[4.465125,52.164109],[4.465653,52.164011],[4.465917,52.163989],[4.466202,52.163986],[4.467823,52.164084],[4.46841,52.164084],[4.470421,52.163998],[4.472185,52.163977],[4.472875,52.163926],[4.47384,52.163935]]}},{"type":"Feature","properties":{"mode":"bus","n":7,"arr":["250","400","ebs:43","qbuzz:1","qbuzz:22","qbuzz:23","qbuzz:401"],"lines":"250, 400, 43, 1, 22, 23, 401"},"geometry":{"type":"LineString","coordinates":[[4.459446,52.165207],[4.461386,52.165009],[4.462198,52.164901],[4.462467,52.16484],[4.463338,52.164752],[4.463541,52.164711],[4.463802,52.164623],[4.464461,52.164344]]}},{"type":"Feature","properties":{"mode":"bus","n":5,"arr":["250","255","340","conn:3","N80"],"lines":"250, 255, 340, 3, N80"},"geometry":{"type":"LineString","coordinates":[[4.627099,52.376395],[4.627109,52.37678]]}},{"type":"Feature","properties":{"mode":"bus","n":6,"arr":["255","340","346","356","568","N30"],"lines":"255, 340, 346, 356, 568, N30"},"geometry":{"type":"LineString","coordinates":[[4.63786,52.387499],[4.637933,52.387491]]}},{"type":"Feature","properties":{"mode":"bus","n":6,"arr":["255","341","680","conn:3","conn:80","N80"],"lines":"255, 341, 680, 3, 80, N80"},"geometry":{"type":"LineString","coordinates":[[4.64075,52.37113],[4.639796,52.371711],[4.639349,52.371827],[4.638815,52.371852]]}},{"type":"Feature","properties":{"mode":"bus","n":7,"arr":["255","341","356","680","conn:3","conn:80","N80"],"lines":"255, 341, 356, 680, 3, 80, N80"},"geometry":{"type":"LineString","coordinates":[[4.638815,52.371852],[4.638682,52.372043],[4.638466,52.372145],[4.636916,52.372583],[4.635029,52.37304],[4.634108,52.373303],[4.63372,52.373471],[4.633584,52.373586],[4.633427,52.37379],[4.633334,52.373855],[4.633126,52.373941],[4.632823,52.373993],[4.631545,52.374045],[4.630548,52.374173],[4.630407,52.374161]]}},{"type":"Feature","properties":{"mode":"bus","n":7,"arr":["255","340","341","680","conn:3","conn:80","N80"],"lines":"255, 340, 341, 680, 3, 80, N80"},"geometry":{"type":"LineString","coordinates":[[4.630407,52.374161],[4.630471,52.374339],[4.630451,52.374434]]}},{"type":"Feature","properties":{"mode":"bus","n":6,"arr":["257","357","578","conn:178","N47","N57"],"lines":"257, 357, 578, 178, N47, N57"},"geometry":{"type":"LineString","coordinates":[[4.857482,52.327072],[4.857507,52.322252]]}},{"type":"Feature","properties":{"mode":"bus","n":6,"arr":["272","307","meer:101","meer:102","N06","N07"],"lines":"272, 307, 101, 102, N06, N07"},"geometry":{"type":"LineString","coordinates":[[4.979029,52.496845],[4.978672,52.497738],[4.97782,52.49807],[4.977749,52.498129],[4.977586,52.498406]]}},{"type":"Feature","properties":{"mode":"bus","n":6,"arr":["272","307","meer:101","meer:102","N06","N07"],"lines":"272, 307, 101, 102, N06, N07"},"geometry":{"type":"LineString","coordinates":[[4.975394,52.493699],[4.976327,52.494646]]}},{"type":"Feature","properties":{"mode":"bus","n":6,"arr":["272","307","meer:101","meer:102","N06","N07"],"lines":"272, 307, 101, 102, N06, N07"},"geometry":{"type":"LineString","coordinates":[[4.972721,52.490967],[4.973313,52.491573]]}},{"type":"Feature","properties":{"mode":"bus","n":6,"arr":["272","307","meer:101","meer:102","N06","N07"],"lines":"272, 307, 101, 102, N06, N07"},"geometry":{"type":"LineString","coordinates":[[4.970223,52.488432],[4.970709,52.488917]]}},{"type":"Feature","properties":{"mode":"bus","n":6,"arr":["272","307","meer:101","meer:102","N06","N07"],"lines":"272, 307, 101, 102, N06, N07"},"geometry":{"type":"LineString","coordinates":[[4.966394,52.488517],[4.968128,52.487885]]}},{"type":"Feature","properties":{"mode":"bus","n":6,"arr":["272","307","meer:101","meer:102","N06","N07"],"lines":"272, 307, 101, 102, N06, N07"},"geometry":{"type":"LineString","coordinates":[[4.96101,52.48864],[4.96245,52.490104],[4.962488,52.490128],[4.96263,52.490132],[4.963581,52.490279],[4.963609,52.490287],[4.963629,52.490302],[4.963644,52.490317],[4.963656,52.490326],[4.963672,52.49033],[4.963691,52.490327],[4.963799,52.490301],[4.965984,52.489495]]}},{"type":"Feature","properties":{"mode":"bus","n":6,"arr":["272","307","meer:101","meer:102","N06","N07"],"lines":"272, 307, 101, 102, N06, N07"},"geometry":{"type":"LineString","coordinates":[[4.958873,52.486468],[4.960725,52.488352]]}},{"type":"Feature","properties":{"mode":"bus","n":5,"arr":["272","307","meer:102","N06","N07"],"lines":"272, 307, 102, N06, N07"},"geometry":{"type":"LineString","coordinates":[[4.958104,52.485585],[4.958584,52.486076],[4.958873,52.486468]]}},{"type":"Feature","properties":{"mode":"bus","n":6,"arr":["276","306","meer:101","meer:102","N06","N07"],"lines":"276, 306, 101, 102, N06, N07"},"geometry":{"type":"LineString","coordinates":[[4.963915,52.517623],[4.963643,52.518587]]}},{"type":"Feature","properties":{"mode":"bus","n":6,"arr":["276","306","meer:101","meer:102","N06","N07"],"lines":"276, 306, 101, 102, N06, N07"},"geometry":{"type":"LineString","coordinates":[[4.965034,52.513596],[4.964384,52.515926]]}},{"type":"Feature","properties":{"mode":"bus","n":6,"arr":["276","306","meer:101","meer:102","N06","N07"],"lines":"276, 306, 101, 102, N06, N07"},"geometry":{"type":"LineString","coordinates":[[4.964677,52.504755],[4.965327,52.505359]]}},{"type":"Feature","properties":{"mode":"bus","n":6,"arr":["283","516","608","609","610","716"],"lines":"283, 516, 608, 609, 610, 716"},"geometry":{"type":"LineString","coordinates":[[4.551717,51.854865],[4.551623,51.854887]]}},{"type":"Feature","properties":{"mode":"bus","n":7,"arr":["283","516","603","608","609","610","716"],"lines":"283, 516, 603, 608, 609, 610, 716"},"geometry":{"type":"LineString","coordinates":[[4.551623,51.854887],[4.5515,51.854919]]}},{"type":"Feature","properties":{"mode":"bus","n":8,"arr":["283","516","603","608","609","610","716","717"],"lines":"283, 516, 603, 608, 609, 610, 716, 717"},"geometry":{"type":"LineString","coordinates":[[4.5515,51.854919],[4.551167,51.854913]]}},{"type":"Feature","properties":{"mode":"bus","n":5,"arr":["283","516","603","716","717"],"lines":"283, 516, 603, 716, 717"},"geometry":{"type":"LineString","coordinates":[[4.551167,51.854913],[4.551387,51.85429]]}},{"type":"Feature","properties":{"mode":"bus","n":5,"arr":["300","341","conn:567","conn:569","N30"],"lines":"300, 341, 567, 569, N30"},"geometry":{"type":"LineString","coordinates":[[4.651726,52.361771],[4.651552,52.361748],[4.651371,52.361687]]}},{"type":"Feature","properties":{"mode":"bus","n":5,"arr":["300","341","conn:4","conn:569","N30"],"lines":"300, 341, 4, 569, N30"},"geometry":{"type":"LineString","coordinates":[[4.651726,52.361771],[4.65176,52.361692]]}},{"type":"Feature","properties":{"mode":"bus","n":6,"arr":["300","341","conn:3","conn:567","conn:569","N30"],"lines":"300, 341, 3, 567, 569, N30"},"geometry":{"type":"LineString","coordinates":[[4.665154,52.36065],[4.665164,52.360729]]}},{"type":"Feature","properties":{"mode":"bus","n":5,"arr":["300","340","conn:169","conn:401","N30"],"lines":"300, 340, 169, 401, N30"},"geometry":{"type":"LineString","coordinates":[[4.657862,52.323226],[4.659156,52.323074],[4.659573,52.322981],[4.659916,52.322869],[4.660573,52.322579],[4.662996,52.321275]]}},{"type":"Feature","properties":{"mode":"bus","n":5,"arr":["300","340","397","N30","N97"],"lines":"300, 340, 397, N30, N97"},"geometry":{"type":"LineString","coordinates":[[4.705702,52.290944],[4.711142,52.287995],[4.711925,52.287652],[4.712551,52.287471],[4.713084,52.28737]]}},{"type":"Feature","properties":{"mode":"bus","n":8,"arr":["300","361","365","397","470","N30","N70","N97"],"lines":"300, 361, 365, 397, 470, N30, N70, N97"},"geometry":{"type":"LineString","coordinates":[[4.713491,52.287325],[4.714182,52.287295],[4.714601,52.287314],[4.715285,52.287396],[4.715677,52.287477],[4.716243,52.287647],[4.716575,52.287777],[4.71702,52.287992],[4.71749,52.288282],[4.72227,52.291582],[4.723387,52.292193],[4.726794,52.294572],[4.728552,52.295765],[4.729222,52.296151],[4.729822,52.29642],[4.730677,52.296721],[4.731155,52.296849],[4.734172,52.297426],[4.73547,52.297704],[4.737127,52.298103],[4.738485,52.298471],[4.740086,52.29895],[4.741132,52.299295],[4.7424,52.299744],[4.743773,52.30027]]}},{"type":"Feature","properties":{"mode":"bus","n":8,"arr":["300","361","365","397","470","N30","N70","N97"],"lines":"300, 361, 365, 397, 470, N30, N70, N97"},"geometry":{"type":"LineString","coordinates":[[4.744783,52.30066],[4.747325,52.301642],[4.748879,52.302274],[4.751418,52.303246],[4.75159,52.303416],[4.751697,52.303657]]}},{"type":"Feature","properties":{"mode":"bus","n":9,"arr":["300","340","361","365","397","470","N30","N70","N97"],"lines":"300, 340, 361, 365, 397, 470, N30, N70, N97"},"geometry":{"type":"LineString","coordinates":[[4.713084,52.28737],[4.713491,52.287325]]}},{"type":"Feature","properties":{"mode":"bus","n":6,"arr":["300","361","365","470","N70","N97"],"lines":"300, 361, 365, 470, N70, N97"},"geometry":{"type":"LineString","coordinates":[[4.744159,52.300421],[4.744783,52.30066]]}},{"type":"Feature","properties":{"mode":"bus","n":6,"arr":["300","361","365","470","N30","N70"],"lines":"300, 361, 365, 470, N30, N70"},"geometry":{"type":"LineString","coordinates":[[4.743773,52.30027],[4.744159,52.300421]]}},{"type":"Feature","properties":{"mode":"bus","n":5,"arr":["300","326","356","N26","N30"],"lines":"300, 326, 356, N26, N30"},"geometry":{"type":"LineString","coordinates":[[4.947549,52.311232],[4.947635,52.311298]]}},{"type":"Feature","properties":{"mode":"bus","n":6,"arr":["300","341","conn:4","conn:567","conn:569","N30"],"lines":"300, 341, 4, 567, 569, N30"},"geometry":{"type":"LineString","coordinates":[[4.650528,52.364506],[4.650872,52.363711],[4.651081,52.363095],[4.651726,52.361771]]}},{"type":"Feature","properties":{"mode":"bus","n":7,"arr":["305","391","N06","N07","N91","N93","N94"],"lines":"305, 391, N06, N07, N91, N93, N94"},"geometry":{"type":"LineString","coordinates":[[4.919802,52.389831],[4.915211,52.387137],[4.913053,52.38598],[4.912239,52.385494],[4.911703,52.385086],[4.911338,52.384739],[4.911051,52.384386],[4.910703,52.383821],[4.910508,52.38334],[4.910418,52.382971],[4.910379,52.382351],[4.91041,52.381978],[4.911977,52.375443],[4.912217,52.374255],[4.912127,52.373486],[4.911754,52.37291],[4.911457,52.372518],[4.910992,52.372131],[4.910714,52.372015],[4.910502,52.371988],[4.910313,52.371998],[4.910104,52.372048],[4.909184,52.372362],[4.90858,52.372476],[4.908255,52.37256],[4.907892,52.372742],[4.906697,52.373459],[4.903741,52.375126],[4.903571,52.375632],[4.903472,52.375712],[4.903398,52.375868],[4.902205,52.37691],[4.902165,52.377127]]}},{"type":"Feature","properties":{"mode":"bus","n":11,"arr":["305","391","N06","N07","N19","N85","N87","N88","N91","N93","N94"],"lines":"305, 391, N06, N07, N19, N85, N87, N88, N91, N93, N94"},"geometry":{"type":"LineString","coordinates":[[4.902165,52.377127],[4.902263,52.377328]]}},{"type":"Feature","properties":{"mode":"bus","n":8,"arr":["305","391","N06","N07","N85","N88","N93","N94"],"lines":"305, 391, N06, N07, N85, N88, N93, N94"},"geometry":{"type":"LineString","coordinates":[[4.90299,52.377322],[4.90289,52.377306],[4.902495,52.377339],[4.902253,52.377273]]}},{"type":"Feature","properties":{"mode":"bus","n":14,"arr":["305","391","N06","N07","N19","N82","N83","N85","N87","N88","N89","N91","N93","N94"],"lines":"305, 391, N06, N07, N19, N82, N83, N85, N87, N88, N89, N91, N93, N94"},"geometry":{"type":"LineString","coordinates":[[4.90299,52.377322],[4.903246,52.377367],[4.903403,52.377456],[4.903994,52.378058],[4.904019,52.378164],[4.903962,52.378237],[4.903826,52.378306],[4.902771,52.378749],[4.90271,52.378792],[4.902666,52.378874]]}},{"type":"Feature","properties":{"mode":"bus","n":20,"arr":["305","391","800","gvb:42","gvb:43","N06","N07","N19","N47","N57","N82","N83","N85","N87","N88","N89","N91","N93","N94","N97"],"lines":"305, 391, 800, 42, 43, N06, N07, N19, N47, N57, N82, N83, N85, N87, N88, N89, N91, N93, N94, N97"},"geometry":{"type":"LineString","coordinates":[[4.902666,52.378874],[4.902529,52.378894]]}},{"type":"Feature","properties":{"mode":"bus","n":18,"arr":["305","391","800","gvb:42","gvb:43","N06","N07","N19","N47","N57","N85","N87","N88","N89","N91","N93","N94","N97"],"lines":"305, 391, 800, 42, 43, N06, N07, N19, N47, N57, N85, N87, N88, N89, N91, N93, N94, N97"},"geometry":{"type":"LineString","coordinates":[[4.902529,52.378894],[4.901977,52.379091]]}},{"type":"Feature","properties":{"mode":"bus","n":15,"arr":["305","391","800","gvb:42","gvb:43","N06","N07","N19","N85","N87","N88","N89","N91","N93","N94"],"lines":"305, 391, 800, 42, 43, N06, N07, N19, N85, N87, N88, N89, N91, N93, N94"},"geometry":{"type":"LineString","coordinates":[[4.901977,52.379091],[4.901211,52.379379]]}},{"type":"Feature","properties":{"mode":"bus","n":13,"arr":["305","391","800","N06","N07","N19","N85","N87","N88","N89","N91","N93","N94"],"lines":"305, 391, 800, N06, N07, N19, N85, N87, N88, N89, N91, N93, N94"},"geometry":{"type":"LineString","coordinates":[[4.901211,52.379379],[4.900634,52.379587]]}},{"type":"Feature","properties":{"mode":"bus","n":12,"arr":["305","391","N06","N07","N19","N85","N87","N88","N89","N91","N93","N94"],"lines":"305, 391, N06, N07, N19, N85, N87, N88, N89, N91, N93, N94"},"geometry":{"type":"LineString","coordinates":[[4.900634,52.379587],[4.900265,52.379725]]}},{"type":"Feature","properties":{"mode":"bus","n":12,"arr":["305","391","800","N06","N07","N19","N85","N87","N89","N91","N93","N94"],"lines":"305, 391, 800, N06, N07, N19, N85, N87, N89, N91, N93, N94"},"geometry":{"type":"LineString","coordinates":[[4.89878,52.380447],[4.898754,52.380352],[4.898824,52.380266],[4.899453,52.380027]]}},{"type":"Feature","properties":{"mode":"bus","n":16,"arr":["305","391","800","N06","N07","N19","N47","N57","N82","N85","N87","N89","N91","N93","N94","N97"],"lines":"305, 391, 800, N06, N07, N19, N47, N57, N82, N85, N87, N89, N91, N93, N94, N97"},"geometry":{"type":"LineString","coordinates":[[4.901452,52.379617],[4.900899,52.379818]]}},{"type":"Feature","properties":{"mode":"bus","n":17,"arr":["305","391","800","N06","N07","N19","N47","N57","N82","N83","N85","N87","N89","N91","N93","N94","N97"],"lines":"305, 391, 800, N06, N07, N19, N47, N57, N82, N83, N85, N87, N89, N91, N93, N94, N97"},"geometry":{"type":"LineString","coordinates":[[4.90257,52.379209],[4.901452,52.379617]]}},{"type":"Feature","properties":{"mode":"bus","n":19,"arr":["305","391","800","gvb:42","gvb:43","N06","N07","N19","N47","N57","N82","N83","N85","N87","N89","N91","N93","N94","N97"],"lines":"305, 391, 800, 42, 43, N06, N07, N19, N47, N57, N82, N83, N85, N87, N89, N91, N93, N94, N97"},"geometry":{"type":"LineString","coordinates":[[4.902666,52.378874],[4.902782,52.378887],[4.902879,52.37893],[4.902912,52.379035],[4.902842,52.379117],[4.90257,52.379209]]}},{"type":"Feature","properties":{"mode":"bus","n":13,"arr":["305","391","N06","N07","N19","N82","N83","N85","N87","N89","N91","N93","N94"],"lines":"305, 391, N06, N07, N19, N82, N83, N85, N87, N89, N91, N93, N94"},"geometry":{"type":"LineString","coordinates":[[4.902524,52.37744],[4.902896,52.377363],[4.90299,52.377322]]}},{"type":"Feature","properties":{"mode":"bus","n":11,"arr":["305","391","N06","N07","N19","N85","N87","N89","N91","N93","N94"],"lines":"305, 391, N06, N07, N19, N85, N87, N89, N91, N93, N94"},"geometry":{"type":"LineString","coordinates":[[4.90233,52.37741],[4.90241,52.37744],[4.902524,52.37744]]}},{"type":"Feature","properties":{"mode":"bus","n":10,"arr":["305","391","N06","N07","N19","N87","N89","N91","N93","N94"],"lines":"305, 391, N06, N07, N19, N87, N89, N91, N93, N94"},"geometry":{"type":"LineString","coordinates":[[4.902313,52.377397],[4.90233,52.37741]]}},{"type":"Feature","properties":{"mode":"bus","n":8,"arr":["305","391","N06","N07","N19","N87","N91","N94"],"lines":"305, 391, N06, N07, N19, N87, N91, N94"},"geometry":{"type":"LineString","coordinates":[[4.902263,52.377328],[4.902313,52.377397]]}},{"type":"Feature","properties":{"mode":"bus","n":8,"arr":["305","391","N06","N07","N19","N87","N91","N94"],"lines":"305, 391, N06, N07, N19, N87, N91, N94"},"geometry":{"type":"LineString","coordinates":[[4.902165,52.377127],[4.902099,52.377061]]}},{"type":"Feature","properties":{"mode":"bus","n":6,"arr":["305","391","N06","N07","N19","N94"],"lines":"305, 391, N06, N07, N19, N94"},"geometry":{"type":"LineString","coordinates":[[4.902099,52.377061],[4.902057,52.376968],[4.902093,52.376889],[4.903265,52.375864],[4.903308,52.375774],[4.903308,52.37541],[4.903372,52.375258],[4.903445,52.37519],[4.903741,52.374984],[4.906552,52.373463],[4.908116,52.372523],[4.908274,52.372452],[4.908484,52.372397],[4.908968,52.372326],[4.911045,52.371602],[4.911205,52.371576],[4.911396,52.371586],[4.911501,52.37164],[4.911593,52.371739],[4.911855,52.372072],[4.912049,52.372379],[4.912314,52.373011],[4.912363,52.373267],[4.912355,52.373484]]}},{"type":"Feature","properties":{"mode":"bus","n":8,"arr":["305","391","N06","N07","N19","N91","N93","N94"],"lines":"305, 391, N06, N07, N19, N91, N93, N94"},"geometry":{"type":"LineString","coordinates":[[4.912355,52.373484],[4.912435,52.374096],[4.912387,52.374512],[4.912189,52.375454],[4.910591,52.381893],[4.910552,52.382256],[4.910564,52.382832],[4.910685,52.383364],[4.9108,52.383653],[4.911133,52.384222],[4.911504,52.38468],[4.912056,52.385169],[4.912527,52.385508],[4.91414,52.386404],[4.915338,52.38701],[4.918301,52.388448],[4.919152,52.38891],[4.919674,52.389238]]}},{"type":"Feature","properties":{"mode":"bus","n":5,"arr":["340","361","365","470","N70"],"lines":"340, 361, 365, 470, N70"},"geometry":{"type":"LineString","coordinates":[[4.713084,52.28737],[4.713009,52.287155],[4.713021,52.287084],[4.713174,52.286906],[4.714713,52.286078]]}},{"type":"Feature","properties":{"mode":"bus","n":5,"arr":["357","578","conn:178","N47","N57"],"lines":"357, 578, 178, N47, N57"},"geometry":{"type":"LineString","coordinates":[[4.857482,52.327072],[4.857542,52.32719],[4.857552,52.32775],[4.857515,52.328272],[4.857497,52.330008],[4.857524,52.330619],[4.857466,52.334261]]}},{"type":"Feature","properties":{"mode":"bus","n":5,"arr":["357","397","N47","N57","N97"],"lines":"357, 397, N47, N57, N97"},"geometry":{"type":"LineString","coordinates":[[4.85777,52.345081],[4.857015,52.344961],[4.856837,52.344843],[4.856792,52.344741],[4.857473,52.342752],[4.857532,52.34245],[4.857844,52.34168],[4.857885,52.341506],[4.857877,52.341208],[4.857735,52.340539],[4.857694,52.33912],[4.857692,52.339108],[4.857687,52.339101],[4.857678,52.339099],[4.857666,52.339101],[4.857651,52.339109],[4.857559,52.339162],[4.857539,52.339171],[4.85752,52.339173],[4.857503,52.339168],[4.857487,52.339156],[4.857387,52.339055]]}},{"type":"Feature","properties":{"mode":"bus","n":5,"arr":["357","397","N47","N57","N97"],"lines":"357, 397, N47, N57, N97"},"geometry":{"type":"LineString","coordinates":[[4.857915,52.345295],[4.857711,52.349288],[4.857763,52.349412],[4.858013,52.349607],[4.858021,52.349766],[4.857982,52.349829],[4.857973,52.349862],[4.857989,52.349895],[4.858041,52.349953],[4.85815,52.350004],[4.859228,52.350319]]}},{"type":"Feature","properties":{"mode":"bus","n":5,"arr":["357","397","N47","N57","N97"],"lines":"357, 397, N47, N57, N97"},"geometry":{"type":"LineString","coordinates":[[4.857227,52.349975],[4.857364,52.349998],[4.85761,52.349998],[4.857812,52.349958],[4.858694,52.350225],[4.858938,52.350289],[4.859228,52.350319],[4.864243,52.351646],[4.864452,52.351763],[4.86514,52.351936],[4.865441,52.351956],[4.866334,52.35219],[4.868751,52.352764]]}},{"type":"Feature","properties":{"mode":"bus","n":5,"arr":["357","397","N47","N57","N97"],"lines":"357, 397, N47, N57, N97"},"geometry":{"type":"LineString","coordinates":[[4.857414,52.348494],[4.857401,52.349157],[4.857321,52.349338],[4.857205,52.349461]]}},{"type":"Feature","properties":{"mode":"bus","n":5,"arr":["357","397","N47","N57","N97"],"lines":"357, 397, N47, N57, N97"},"geometry":{"type":"LineString","coordinates":[[4.863829,52.351536],[4.864041,52.351529],[4.864691,52.351692],[4.864961,52.351831],[4.865441,52.351956]]}},{"type":"Feature","properties":{"mode":"bus","n":5,"arr":["357","397","N47","N57","N97"],"lines":"357, 397, N47, N57, N97"},"geometry":{"type":"LineString","coordinates":[[4.878272,52.355351],[4.870962,52.353398]]}},{"type":"Feature","properties":{"mode":"bus","n":5,"arr":["357","397","N47","N57","N97"],"lines":"357, 397, N47, N57, N97"},"geometry":{"type":"LineString","coordinates":[[4.868751,52.352764],[4.869135,52.352798],[4.869721,52.352937],[4.86993,52.353026],[4.870049,52.353131],[4.870185,52.353184],[4.870909,52.353383],[4.870923,52.353388],[4.870932,52.353391],[4.870934,52.353393],[4.87093,52.353394],[4.87092,52.353394],[4.870904,52.353393],[4.870669,52.353373],[4.870381,52.353299],[4.869971,52.353161],[4.869734,52.353014],[4.868751,52.352764]]}},{"type":"Feature","properties":{"mode":"bus","n":5,"arr":["357","397","N47","N57","N97"],"lines":"357, 397, N47, N57, N97"},"geometry":{"type":"LineString","coordinates":[[4.879866,52.356167],[4.87909,52.355933],[4.878369,52.355469],[4.878298,52.355383],[4.878292,52.355374],[4.878289,52.355368],[4.87829,52.355364],[4.878296,52.355364],[4.878305,52.355367],[4.878319,52.355373],[4.878445,52.355431],[4.878924,52.35575],[4.87911,52.355778],[4.879287,52.355857],[4.880042,52.356044]]}},{"type":"Feature","properties":{"mode":"bus","n":5,"arr":["357","397","N47","N57","N97"],"lines":"357, 397, N47, N57, N97"},"geometry":{"type":"LineString","coordinates":[[4.878701,52.358108],[4.879323,52.357215],[4.879621,52.356858],[4.879981,52.356345],[4.880066,52.356159]]}},{"type":"Feature","properties":{"mode":"bus","n":5,"arr":["357","397","N47","N57","N97"],"lines":"357, 397, N47, N57, N97"},"geometry":{"type":"LineString","coordinates":[[4.881974,52.359128],[4.882013,52.359006]]}},{"type":"Feature","properties":{"mode":"bus","n":5,"arr":["357","397","N47","N57","N97"],"lines":"357, 397, N47, N57, N97"},"geometry":{"type":"LineString","coordinates":[[4.882149,52.361662],[4.882261,52.361606],[4.883166,52.360356],[4.883236,52.360297]]}},{"type":"Feature","properties":{"mode":"bus","n":5,"arr":["357","397","N47","N57","N97"],"lines":"357, 397, N47, N57, N97"},"geometry":{"type":"LineString","coordinates":[[4.881248,52.361947],[4.88098,52.362104],[4.880665,52.362358]]}},{"type":"Feature","properties":{"mode":"bus","n":5,"arr":["357","397","N47","N57","N97"],"lines":"357, 397, N47, N57, N97"},"geometry":{"type":"LineString","coordinates":[[4.857584,52.345389],[4.857582,52.345309],[4.857528,52.345228]]}},{"type":"Feature","properties":{"mode":"bus","n":6,"arr":["357","397","N47","N57","N84","N97"],"lines":"357, 397, N47, N57, N84, N97"},"geometry":{"type":"LineString","coordinates":[[4.882013,52.359006],[4.878701,52.358108]]}},{"type":"Feature","properties":{"mode":"bus","n":6,"arr":["357","397","N47","N57","N88","N97"],"lines":"357, 397, N47, N57, N88, N97"},"geometry":{"type":"LineString","coordinates":[[4.88337,52.359436],[4.883233,52.359456],[4.879196,52.358387],[4.878617,52.358228],[4.878514,52.358155],[4.878495,52.358136],[4.878491,52.358117],[4.878502,52.358096],[4.878745,52.357806],[4.879866,52.356167]]}},{"type":"Feature","properties":{"mode":"bus","n":6,"arr":["357","397","N47","N57","N88","N97"],"lines":"357, 397, N47, N57, N88, N97"},"geometry":{"type":"LineString","coordinates":[[4.880665,52.362358],[4.880385,52.362628],[4.880013,52.362877]]}},{"type":"Feature","properties":{"mode":"bus","n":7,"arr":["357","397","N47","N57","N84","N88","N97"],"lines":"357, 397, N47, N57, N84, N88, N97"},"geometry":{"type":"LineString","coordinates":[[4.883236,52.360297],[4.883619,52.359716],[4.883612,52.359618],[4.883568,52.35955],[4.883489,52.359486],[4.88337,52.359436]]}},{"type":"Feature","properties":{"mode":"bus","n":7,"arr":["357","397","N47","N57","N84","N88","N97"],"lines":"357, 397, N47, N57, N84, N88, N97"},"geometry":{"type":"LineString","coordinates":[[4.882298,52.361711],[4.882312,52.361663]]}},{"type":"Feature","properties":{"mode":"bus","n":7,"arr":["357","397","N47","N57","N84","N88","N97"],"lines":"357, 397, N47, N57, N84, N88, N97"},"geometry":{"type":"LineString","coordinates":[[4.877934,52.368724],[4.877429,52.368609],[4.876583,52.368373],[4.876305,52.368371]]}},{"type":"Feature","properties":{"mode":"bus","n":6,"arr":["357","397","N26","N47","N57","N97"],"lines":"357, 397, N26, N47, N57, N97"},"geometry":{"type":"LineString","coordinates":[[4.882312,52.361663],[4.882149,52.361662],[4.881909,52.361709],[4.881248,52.361947]]}},{"type":"Feature","properties":{"mode":"bus","n":10,"arr":["357","397","N26","N47","N57","N82","N83","N84","N88","N97"],"lines":"357, 397, N26, N47, N57, N82, N83, N84, N88, N97"},"geometry":{"type":"LineString","coordinates":[[4.882298,52.361711],[4.881901,52.3618],[4.881328,52.362007],[4.880965,52.362223],[4.88049,52.36267]]}},{"type":"Feature","properties":{"mode":"bus","n":9,"arr":["357","397","N47","N57","N82","N83","N84","N88","N97"],"lines":"357, 397, N47, N57, N82, N83, N84, N88, N97"},"geometry":{"type":"LineString","coordinates":[[4.88049,52.36267],[4.880338,52.362809]]}},{"type":"Feature","properties":{"mode":"bus","n":5,"arr":["357","397","N57","N82","N83"],"lines":"357, 397, N57, N82, N83"},"geometry":{"type":"LineString","coordinates":[[4.880338,52.362809],[4.880266,52.362873]]}},{"type":"Feature","properties":{"mode":"bus","n":7,"arr":["357","397","N47","N57","N80","N84","N97"],"lines":"357, 397, N47, N57, N80, N84, N97"},"geometry":{"type":"LineString","coordinates":[[4.877999,52.368839],[4.878064,52.368758]]}},{"type":"Feature","properties":{"mode":"bus","n":6,"arr":["N47","N57","N80","N84","N88","N97"],"lines":"N47, N57, N80, N84, N88, N97"},"geometry":{"type":"LineString","coordinates":[[4.880614,52.364729],[4.880438,52.364912],[4.880152,52.36533],[4.879957,52.365758],[4.879801,52.366255],[4.879565,52.366681],[4.878064,52.368758]]}},{"type":"Feature","properties":{"mode":"bus","n":7,"arr":["357","397","conn:80","N47","N57","N84","N97"],"lines":"357, 397, 80, N47, N57, N84, N97"},"geometry":{"type":"LineString","coordinates":[[4.877572,52.368766],[4.876388,52.368467],[4.876305,52.368371]]}},{"type":"Feature","properties":{"mode":"bus","n":7,"arr":["357","397","gvb:15","gvb:62","N47","N57","N97"],"lines":"357, 397, 15, 62, N47, N57, N97"},"geometry":{"type":"LineString","coordinates":[[4.857205,52.349461],[4.857048,52.349554],[4.856992,52.34967],[4.857035,52.349781],[4.857227,52.349975]]}},{"type":"Feature","properties":{"mode":"bus","n":7,"arr":["357","397","gvb:15","gvb:62","N47","N57","N97"],"lines":"357, 397, 15, 62, N47, N57, N97"},"geometry":{"type":"LineString","coordinates":[[4.857584,52.345389],[4.857414,52.348494]]}},{"type":"Feature","properties":{"mode":"bus","n":5,"arr":["361","365","470","arriva:1","N70"],"lines":"361, 365, 470, 1, N70"},"geometry":{"type":"LineString","coordinates":[[4.756625,52.305659],[4.756705,52.305731]]}},{"type":"Feature","properties":{"mode":"bus","n":6,"arr":["365","366","410","N40","qbuzz:20","qbuzz:21"],"lines":"365, 366, 410, N40, 20, 21"},"geometry":{"type":"LineString","coordinates":[[4.482064,52.165482],[4.482029,52.165411]]}},{"type":"Feature","properties":{"mode":"bus","n":8,"arr":["365","366","400","410","N40","qbuzz:20","qbuzz:21","qbuzz:401"],"lines":"365, 366, 400, 410, N40, 20, 21, 401"},"geometry":{"type":"LineString","coordinates":[[4.482362,52.165556],[4.482064,52.165482]]}},{"type":"Feature","properties":{"mode":"bus","n":6,"arr":["383","386","685","ebs:144","qbuzz:382","qbuzz:385"],"lines":"383, 386, 685, 144, 382, 385"},"geometry":{"type":"LineString","coordinates":[[4.324579,52.080533],[4.324455,52.080472]]}},{"type":"Feature","properties":{"mode":"bus","n":8,"arr":["383","386","685","ebs:43","ebs:44","ebs:144","qbuzz:382","qbuzz:385"],"lines":"383, 386, 685, 43, 44, 144, 382, 385"},"geometry":{"type":"LineString","coordinates":[[4.324639,52.080562],[4.324579,52.080533]]}},{"type":"Feature","properties":{"mode":"bus","n":5,"arr":["383","386","N5","N6","qbuzz:382"],"lines":"383, 386, N5, N6, 382"},"geometry":{"type":"LineString","coordinates":[[4.355503,52.068566],[4.355202,52.068434]]}},{"type":"Feature","properties":{"mode":"bus","n":5,"arr":["383","386","N5","N6","qbuzz:382"],"lines":"383, 386, N5, N6, 382"},"geometry":{"type":"LineString","coordinates":[[4.368052,52.063999],[4.366379,52.064547],[4.361779,52.066153],[4.359996,52.066799],[4.359463,52.067123],[4.358945,52.067337],[4.35812,52.06766],[4.356237,52.068338]]}},{"type":"Feature","properties":{"mode":"bus","n":5,"arr":["391","394","meer:64","meer:65","meer:69"],"lines":"391, 394, 64, 65, 69"},"geometry":{"type":"LineString","coordinates":[[4.830673,52.44258],[4.830735,52.442547]]}},{"type":"Feature","properties":{"mode":"bus","n":6,"arr":["391","394","395","meer:63","meer:65","N94"],"lines":"391, 394, 395, 63, 65, N94"},"geometry":{"type":"LineString","coordinates":[[4.856221,52.429757],[4.856235,52.429823],[4.856249,52.429847],[4.856278,52.429866],[4.85632,52.429884],[4.856348,52.429891],[4.856379,52.42989],[4.856437,52.429882],[4.856521,52.42983],[4.856589,52.429635]]}},{"type":"Feature","properties":{"mode":"bus","n":5,"arr":["391","394","gvb:36","gvb:38","N94"],"lines":"391, 394, 36, 38, N94"},"geometry":{"type":"LineString","coordinates":[[4.90692,52.398641],[4.910187,52.397383],[4.910481,52.397242],[4.910642,52.397105],[4.91075,52.396975],[4.911479,52.395726],[4.911914,52.394944],[4.912406,52.393951],[4.912597,52.393445],[4.912794,52.39258]]}},{"type":"Feature","properties":{"mode":"bus","n":7,"arr":["391","394","gvb:34","gvb:36","gvb:38","N93","N94"],"lines":"391, 394, 34, 36, 38, N93, N94"},"geometry":{"type":"LineString","coordinates":[[4.912794,52.39258],[4.912751,52.392273]]}},{"type":"Feature","properties":{"mode":"bus","n":7,"arr":["391","394","gvb:34","gvb:36","gvb:38","N93","N94"],"lines":"391, 394, 34, 36, 38, N93, N94"},"geometry":{"type":"LineString","coordinates":[[4.912703,52.39178],[4.913741,52.39144],[4.918378,52.38964]]}},{"type":"Feature","properties":{"mode":"bus","n":6,"arr":["391","gvb:34","gvb:36","gvb:38","N93","N94"],"lines":"391, 34, 36, 38, N93, N94"},"geometry":{"type":"LineString","coordinates":[[4.912617,52.391921],[4.912601,52.392017],[4.912751,52.392273]]}},{"type":"Feature","properties":{"mode":"bus","n":6,"arr":["391","gvb:34","gvb:36","gvb:38","N93","N94"],"lines":"391, 34, 36, 38, N93, N94"},"geometry":{"type":"LineString","coordinates":[[4.918378,52.38964],[4.9186,52.389565],[4.918876,52.38952]]}},{"type":"Feature","properties":{"mode":"bus","n":7,"arr":["391","gvb:34","gvb:36","gvb:38","N91","N93","N94"],"lines":"391, 34, 36, 38, N91, N93, N94"},"geometry":{"type":"LineString","coordinates":[[4.918876,52.38952],[4.918988,52.389506]]}},{"type":"Feature","properties":{"mode":"bus","n":5,"arr":["391","gvb:36","N91","N93","N94"],"lines":"391, 36, N91, N93, N94"},"geometry":{"type":"LineString","coordinates":[[4.918988,52.389506],[4.919062,52.389617]]}},{"type":"Feature","properties":{"mode":"bus","n":9,"arr":["391","800","N19","N85","N87","N89","N91","N93","N94"],"lines":"391, 800, N19, N85, N87, N89, N91, N93, N94"},"geometry":{"type":"LineString","coordinates":[[4.899453,52.380027],[4.900265,52.379725]]}},{"type":"Feature","properties":{"mode":"bus","n":6,"arr":["391","394","gvb:36","gvb:38","N93","N94"],"lines":"391, 394, 36, 38, N93, N94"},"geometry":{"type":"LineString","coordinates":[[4.913645,52.391573],[4.916718,52.390392],[4.917307,52.390122],[4.918387,52.389709],[4.918656,52.389642],[4.918933,52.389627]]}},{"type":"Feature","properties":{"mode":"bus","n":5,"arr":["391","394","395","meer:63","N94"],"lines":"391, 394, 395, 63, N94"},"geometry":{"type":"LineString","coordinates":[[4.856227,52.429705],[4.856221,52.429757]]}},{"type":"Feature","properties":{"mode":"bus","n":5,"arr":["391","meer:64","meer:65","meer:69","N94"],"lines":"391, 64, 65, 69, N94"},"geometry":{"type":"LineString","coordinates":[[4.830869,52.44261],[4.830808,52.442637]]}},{"type":"Feature","properties":{"mode":"bus","n":7,"arr":["394","801","meer:64","meer:65","meer:67","meer:69","N94"],"lines":"394, 801, 64, 65, 67, 69, N94"},"geometry":{"type":"LineString","coordinates":[[4.813943,52.439248],[4.813977,52.439121],[4.814157,52.438822]]}},{"type":"Feature","properties":{"mode":"bus","n":7,"arr":["394","801","meer:64","meer:65","meer:67","meer:69","N94"],"lines":"394, 801, 64, 65, 67, 69, N94"},"geometry":{"type":"LineString","coordinates":[[4.814602,52.439413],[4.814414,52.439363]]}},{"type":"Feature","properties":{"mode":"bus","n":8,"arr":["394","801","meer:64","meer:65","meer:67","meer:69","meer:456","N94"],"lines":"394, 801, 64, 65, 67, 69, 456, N94"},"geometry":{"type":"LineString","coordinates":[[4.814267,52.439328],[4.813943,52.439248]]}},{"type":"Feature","properties":{"mode":"bus","n":8,"arr":["394","801","meer:64","meer:65","meer:67","meer:69","meer:456","N94"],"lines":"394, 801, 64, 65, 67, 69, 456, N94"},"geometry":{"type":"LineString","coordinates":[[4.814414,52.439363],[4.814327,52.439341]]}},{"type":"Feature","properties":{"mode":"bus","n":9,"arr":["394","801","meer:64","meer:65","meer:67","meer:69","meer:456","N19","N94"],"lines":"394, 801, 64, 65, 67, 69, 456, N19, N94"},"geometry":{"type":"LineString","coordinates":[[4.814267,52.439328],[4.814306,52.439336],[4.814315,52.439338],[4.814323,52.439337],[4.814328,52.439333],[4.814331,52.439328],[4.814368,52.43921]]}},{"type":"Feature","properties":{"mode":"bus","n":6,"arr":["394","meer:64","meer:65","meer:67","meer:69","N94"],"lines":"394, 64, 65, 67, 69, N94"},"geometry":{"type":"LineString","coordinates":[[4.814602,52.439413],[4.814724,52.439453]]}},{"type":"Feature","properties":{"mode":"bus","n":5,"arr":["394","meer:64","meer:67","meer:69","N94"],"lines":"394, 64, 67, 69, N94"},"geometry":{"type":"LineString","coordinates":[[4.814724,52.439453],[4.814914,52.439543]]}},{"type":"Feature","properties":{"mode":"bus","n":5,"arr":["394","meer:64","meer:67","meer:69","N94"],"lines":"394, 64, 67, 69, N94"},"geometry":{"type":"LineString","coordinates":[[4.814535,52.43948],[4.814804,52.439545],[4.814914,52.439543],[4.815744,52.439797],[4.81632,52.439917],[4.816852,52.440069],[4.816942,52.44006],[4.817038,52.439981],[4.817137,52.439654],[4.817356,52.439235],[4.817424,52.439207],[4.817462,52.439198],[4.817504,52.439199],[4.817868,52.439262],[4.818253,52.439205],[4.819953,52.439588],[4.820281,52.439688],[4.823152,52.440287]]}},{"type":"Feature","properties":{"mode":"bus","n":6,"arr":["394","meer:64","meer:67","meer:69","meer:456","N94"],"lines":"394, 64, 67, 69, 456, N94"},"geometry":{"type":"LineString","coordinates":[[4.814535,52.43948],[4.814344,52.439432]]}},{"type":"Feature","properties":{"mode":"bus","n":6,"arr":["394","801","meer:65","meer:67","N19","N94"],"lines":"394, 801, 65, 67, N19, N94"},"geometry":{"type":"LineString","coordinates":[[4.814327,52.439341],[4.814344,52.439432]]}},{"type":"Feature","properties":{"mode":"bus","n":6,"arr":["394","801","meer:67","meer:69","meer:456","N94"],"lines":"394, 801, 67, 69, 456, N94"},"geometry":{"type":"LineString","coordinates":[[4.814326,52.439222],[4.814368,52.43921]]}},{"type":"Feature","properties":{"mode":"bus","n":5,"arr":["400","qbuzz:22","qbuzz:23","qbuzz:38","qbuzz:401"],"lines":"400, 22, 23, 38, 401"},"geometry":{"type":"LineString","coordinates":[[4.447732,52.167184],[4.446876,52.167641],[4.444159,52.169315],[4.441116,52.171259],[4.439361,52.172201],[4.437842,52.173144]]}},{"type":"Feature","properties":{"mode":"bus","n":8,"arr":["400","N40","qbuzz:1","qbuzz:3","qbuzz:54","qbuzz:56","qbuzz:183","qbuzz:401"],"lines":"400, N40, 1, 3, 54, 56, 183, 401"},"geometry":{"type":"LineString","coordinates":[[4.481835,52.165063],[4.481459,52.164984]]}},{"type":"Feature","properties":{"mode":"bus","n":5,"arr":["400","455","N6","N40","qbuzz:401"],"lines":"400, 455, N6, N40, 401"},"geometry":{"type":"LineString","coordinates":[[4.483009,52.060989],[4.483031,52.061042]]}},{"type":"Feature","properties":{"mode":"bus","n":7,"arr":["400","qbuzz:1","qbuzz:3","qbuzz:54","qbuzz:56","qbuzz:183","qbuzz:401"],"lines":"400, 1, 3, 54, 56, 183, 401"},"geometry":{"type":"LineString","coordinates":[[4.481952,52.165102],[4.481835,52.165063]]}},{"type":"Feature","properties":{"mode":"bus","n":5,"arr":["400","685","qbuzz:22","qbuzz:23","qbuzz:401"],"lines":"400, 685, 22, 23, 401"},"geometry":{"type":"LineString","coordinates":[[4.448466,52.167118],[4.449942,52.166597],[4.450838,52.166325]]}},{"type":"Feature","properties":{"mode":"bus","n":6,"arr":["400","685","qbuzz:22","qbuzz:23","qbuzz:38","qbuzz:401"],"lines":"400, 685, 22, 23, 38, 401"},"geometry":{"type":"LineString","coordinates":[[4.438425,52.173291],[4.439245,52.17279],[4.439924,52.172317],[4.441296,52.171454],[4.441876,52.171054],[4.442271,52.170711],[4.443516,52.169938],[4.446811,52.167944],[4.44733,52.167663],[4.448466,52.167118]]}},{"type":"Feature","properties":{"mode":"bus","n":5,"arr":["455","633","ebs:33","ebs:37","ebs:64"],"lines":"455, 633, 33, 37, 64"},"geometry":{"type":"LineString","coordinates":[[4.353391,52.001978],[4.353439,52.002049],[4.353571,52.002149],[4.35795,52.004196],[4.358509,52.00448],[4.358816,52.00469],[4.359254,52.005062],[4.359298,52.005162],[4.359291,52.00527],[4.359153,52.005477]]}},{"type":"Feature","properties":{"mode":"bus","n":7,"arr":["462","512","666","711","712","N60","tdev:668"],"lines":"462, 512, 666, 711, 712, N60, 668"},"geometry":{"type":"LineString","coordinates":[[4.397493,51.815851],[4.397173,51.816676],[4.397034,51.816851],[4.396713,51.817066]]}},{"type":"Feature","properties":{"mode":"bus","n":8,"arr":["462","512","666","711","712","N60","tdev:461","tdev:668"],"lines":"462, 512, 666, 711, 712, N60, 461, 668"},"geometry":{"type":"LineString","coordinates":[[4.396713,51.817066],[4.396594,51.817127]]}},{"type":"Feature","properties":{"mode":"bus","n":7,"arr":["462","471","512","711","712","N60","tdev:461"],"lines":"462, 471, 512, 711, 712, N60, 461"},"geometry":{"type":"LineString","coordinates":[[4.396594,51.817127],[4.396868,51.817291],[4.397008,51.817458]]}},{"type":"Feature","properties":{"mode":"bus","n":6,"arr":["462","471","666","N60","tdev:461","tdev:668"],"lines":"462, 471, 666, N60, 461, 668"},"geometry":{"type":"LineString","coordinates":[[4.489385,51.817999],[4.489096,51.818195],[4.488147,51.818643],[4.487602,51.81884],[4.48696,51.819021],[4.485923,51.819225],[4.484309,51.819457],[4.480555,51.81991],[4.480217,51.819997],[4.479391,51.820368],[4.479106,51.820439],[4.478834,51.820443],[4.478648,51.820414],[4.478297,51.820273],[4.478102,51.820225],[4.477824,51.820208],[4.477651,51.820222],[4.472221,51.820834],[4.471193,51.820921],[4.46842,51.821098],[4.465099,51.821458],[4.461631,51.82193],[4.452663,51.822957],[4.449913,51.82337],[4.448418,51.82356],[4.447778,51.823621],[4.447288,51.823559],[4.446439,51.823574],[4.445477,51.823681],[4.444726,51.823674]]}},{"type":"Feature","properties":{"mode":"bus","n":7,"arr":["462","471","516","716","N60","tdev:163","tdev:461"],"lines":"462, 471, 516, 716, N60, 163, 461"},"geometry":{"type":"LineString","coordinates":[[4.489244,51.817835],[4.490662,51.816888],[4.491134,51.816545]]}},{"type":"Feature","properties":{"mode":"bus","n":7,"arr":["462","471","516","716","N60","tdev:163","tdev:461"],"lines":"462, 471, 516, 716, N60, 163, 461"},"geometry":{"type":"LineString","coordinates":[[4.514799,51.838382],[4.515033,51.839268],[4.515179,51.840016],[4.515277,51.840758],[4.515849,51.846598]]}},{"type":"Feature","properties":{"mode":"bus","n":7,"arr":["462","471","516","716","N60","tdev:163","tdev:461"],"lines":"462, 471, 516, 716, N60, 163, 461"},"geometry":{"type":"LineString","coordinates":[[4.515587,51.846305],[4.514986,51.840296],[4.51477,51.839145],[4.514326,51.837763],[4.513773,51.836498],[4.513487,51.835961],[4.51284,51.834917],[4.510227,51.830917],[4.509281,51.829648],[4.508331,51.828533],[4.507498,51.827688],[4.506752,51.827009],[4.505683,51.826167],[4.504702,51.82546],[4.503293,51.824564],[4.498527,51.821832],[4.497705,51.821415],[4.496376,51.820689],[4.493046,51.818821],[4.492409,51.81857],[4.492106,51.818418],[4.491823,51.818318],[4.491469,51.818276],[4.490349,51.818342],[4.490155,51.818332],[4.489864,51.818256],[4.489385,51.817999]]}},{"type":"Feature","properties":{"mode":"bus","n":6,"arr":["462","516","716","N60","tdev:163","tdev:461"],"lines":"462, 516, 716, N60, 163, 461"},"geometry":{"type":"LineString","coordinates":[[4.491691,51.816216],[4.491549,51.816267],[4.491134,51.816545]]}},{"type":"Feature","properties":{"mode":"bus","n":6,"arr":["462","516","716","N60","tdev:163","tdev:461"],"lines":"462, 516, 716, N60, 163, 461"},"geometry":{"type":"LineString","coordinates":[[4.494196,51.81457],[4.494399,51.814328],[4.494826,51.814013]]}},{"type":"Feature","properties":{"mode":"bus","n":6,"arr":["462","516","716","N60","tdev:163","tdev:461"],"lines":"462, 516, 716, N60, 163, 461"},"geometry":{"type":"LineString","coordinates":[[4.494935,51.81394],[4.49511,51.814042]]}},{"type":"Feature","properties":{"mode":"bus","n":6,"arr":["462","516","716","N60","tdev:163","tdev:461"],"lines":"462, 516, 716, N60, 163, 461"},"geometry":{"type":"LineString","coordinates":[[4.489385,51.817999],[4.489244,51.817835]]}},{"type":"Feature","properties":{"mode":"bus","n":8,"arr":["462","516","666","716","N60","tdev:163","tdev:461","tdev:668"],"lines":"462, 516, 666, 716, N60, 163, 461, 668"},"geometry":{"type":"LineString","coordinates":[[4.491691,51.816216],[4.493564,51.814957],[4.494196,51.81457]]}},{"type":"Feature","properties":{"mode":"bus","n":7,"arr":["462","501","516","716","N60","tdev:163","tdev:461"],"lines":"462, 501, 516, 716, N60, 163, 461"},"geometry":{"type":"LineString","coordinates":[[4.495513,51.814882],[4.4953,51.814716]]}},{"type":"Feature","properties":{"mode":"bus","n":7,"arr":["462","516","603","716","N60","tdev:163","tdev:461"],"lines":"462, 516, 603, 716, N60, 163, 461"},"geometry":{"type":"LineString","coordinates":[[4.4953,51.814716],[4.49514,51.814684],[4.494853,51.814691],[4.494591,51.814732],[4.494389,51.814813],[4.491349,51.816987],[4.49132,51.817105],[4.49137,51.817189],[4.492146,51.817704],[4.492837,51.818223]]}},{"type":"Feature","properties":{"mode":"bus","n":8,"arr":["462","471","516","603","716","N60","tdev:163","tdev:461"],"lines":"462, 471, 516, 603, 716, N60, 163, 461"},"geometry":{"type":"LineString","coordinates":[[4.492837,51.818223],[4.495773,51.819925],[4.496818,51.820564],[4.497023,51.820763],[4.503054,51.824212],[4.503928,51.824736],[4.504877,51.825355],[4.505607,51.82587],[4.506949,51.826944],[4.507501,51.827439],[4.508088,51.828004],[4.508772,51.828736],[4.509778,51.829971],[4.513056,51.834806],[4.513726,51.835921],[4.514228,51.836885],[4.514545,51.837648],[4.514799,51.838382]]}},{"type":"Feature","properties":{"mode":"bus","n":5,"arr":["462","471","N60","tdev:163","tdev:461"],"lines":"462, 471, N60, 163, 461"},"geometry":{"type":"LineString","coordinates":[[4.515849,51.846598],[4.5162,51.850223],[4.516332,51.852111],[4.516386,51.854003],[4.516397,51.856052],[4.516328,51.858231],[4.516248,51.859544],[4.516282,51.860028],[4.51621,51.861764],[4.516253,51.862004],[4.516394,51.862327],[4.516743,51.862733],[4.517217,51.863092],[4.517534,51.863415],[4.517701,51.863696],[4.517775,51.864049],[4.517743,51.864352],[4.517605,51.86467],[4.516216,51.866584],[4.515792,51.867256],[4.515607,51.867643]]}},{"type":"Feature","properties":{"mode":"bus","n":5,"arr":["462","471","N60","tdev:163","tdev:461"],"lines":"462, 471, N60, 163, 461"},"geometry":{"type":"LineString","coordinates":[[4.515139,51.868934],[4.515251,51.867903],[4.515311,51.866923],[4.515299,51.866],[4.515231,51.865415],[4.515113,51.864889],[4.514625,51.863481],[4.514593,51.862731],[4.514629,51.862418],[4.51471,51.862151],[4.514994,51.861593],[4.515413,51.860933],[4.515548,51.860654],[4.515716,51.860167],[4.515808,51.859672],[4.515989,51.857795],[4.516099,51.857193],[4.516138,51.855323],[4.51613,51.854004],[4.516061,51.852206],[4.515935,51.850237],[4.515587,51.846305]]}},{"type":"Feature","properties":{"mode":"bus","n":5,"arr":["462","471","491","N60","tdev:461"],"lines":"462, 471, 491, N60, 461"},"geometry":{"type":"LineString","coordinates":[[4.511033,51.87512],[4.510776,51.875282],[4.510348,51.875487]]}},{"type":"Feature","properties":{"mode":"bus","n":6,"arr":["462","471","491","N60","tdev:163","tdev:461"],"lines":"462, 471, 491, N60, 163, 461"},"geometry":{"type":"LineString","coordinates":[[4.511033,51.87512],[4.513848,51.872389],[4.514336,51.87177],[4.514774,51.870981],[4.514948,51.870456],[4.515065,51.869848],[4.515139,51.868934]]}},{"type":"Feature","properties":{"mode":"bus","n":5,"arr":["462","666","N60","tdev:461","tdev:668"],"lines":"462, 666, N60, 461, 668"},"geometry":{"type":"LineString","coordinates":[[4.494196,51.81457],[4.494468,51.814438],[4.495009,51.814105]]}},{"type":"Feature","properties":{"mode":"bus","n":5,"arr":["462","666","N60","tdev:461","tdev:668"],"lines":"462, 666, N60, 461, 668"},"geometry":{"type":"LineString","coordinates":[[4.489385,51.817999],[4.490211,51.817303],[4.491673,51.816337],[4.491691,51.816216]]}},{"type":"Feature","properties":{"mode":"bus","n":5,"arr":["501","516","666","716","tdev:163"],"lines":"501, 516, 666, 716, 163"},"geometry":{"type":"LineString","coordinates":[[4.495513,51.814679],[4.4953,51.814716]]}},{"type":"Feature","properties":{"mode":"bus","n":5,"arr":["516","608","609","610","716"],"lines":"516, 608, 609, 610, 716"},"geometry":{"type":"LineString","coordinates":[[4.551717,51.854865],[4.551829,51.854837]]}},{"type":"Feature","properties":{"mode":"bus","n":5,"arr":["516","603","716","717","ret:183"],"lines":"516, 603, 716, 717, 183"},"geometry":{"type":"LineString","coordinates":[[4.53977,51.852707],[4.5401,51.85292],[4.540196,51.852945],[4.540989,51.853341],[4.541452,51.853609],[4.542278,51.854292]]}},{"type":"Feature","properties":{"mode":"bus","n":5,"arr":["685","ebs:43","ebs:44","ebs:144","qbuzz:385"],"lines":"685, 43, 44, 144, 385"},"geometry":{"type":"LineString","coordinates":[[4.328369,52.082184],[4.326621,52.083682],[4.326421,52.083827]]}},{"type":"Feature","properties":{"mode":"bus","n":5,"arr":["685","ebs:43","ebs:44","ebs:144","qbuzz:385"],"lines":"685, 43, 44, 144, 385"},"geometry":{"type":"LineString","coordinates":[[4.326966,52.083973],[4.328821,52.082365]]}},{"type":"Feature","properties":{"mode":"bus","n":7,"arr":["801","meer:64","meer:65","meer:67","meer:456","N19","N94"],"lines":"801, 64, 65, 67, 456, N19, N94"},"geometry":{"type":"LineString","coordinates":[[4.814565,52.43891],[4.814776,52.438596]]}},{"type":"Feature","properties":{"mode":"bus","n":8,"arr":["801","meer:64","meer:65","meer:67","meer:69","meer:456","N19","N94"],"lines":"801, 64, 65, 67, 69, 456, N19, N94"},"geometry":{"type":"LineString","coordinates":[[4.814776,52.438596],[4.814931,52.43837]]}},{"type":"Feature","properties":{"mode":"bus","n":6,"arr":["801","meer:64","meer:65","meer:67","meer:69","N94"],"lines":"801, 64, 65, 67, 69, N94"},"geometry":{"type":"LineString","coordinates":[[4.814157,52.438822],[4.814512,52.438275],[4.814536,52.438252],[4.814573,52.438238],[4.814654,52.43822],[4.814796,52.438235],[4.814895,52.438293],[4.814931,52.43837]]}},{"type":"Feature","properties":{"mode":"bus","n":5,"arr":["conn:3","conn:74","conn:382","conn:385","N30"],"lines":"3, 74, 382, 385, N30"},"geometry":{"type":"LineString","coordinates":[[4.616785,52.458137],[4.624434,52.459486],[4.624604,52.4595],[4.62551,52.459675]]}},{"type":"Feature","properties":{"mode":"bus","n":5,"arr":["conn:3","conn:74","conn:382","conn:385","N30"],"lines":"3, 74, 382, 385, N30"},"geometry":{"type":"LineString","coordinates":[[4.615808,52.45798],[4.612601,52.457515],[4.612486,52.45748],[4.611067,52.457312],[4.6108,52.457287],[4.610742,52.457304],[4.607739,52.457038],[4.606577,52.45699]]}},{"type":"Feature","properties":{"mode":"bus","n":5,"arr":["conn:3","conn:74","conn:382","conn:385","N30"],"lines":"3, 74, 382, 385, N30"},"geometry":{"type":"LineString","coordinates":[[4.616785,52.458137],[4.616454,52.458049],[4.616088,52.457988],[4.615894,52.457968],[4.615838,52.457976],[4.615828,52.457978],[4.615823,52.45798],[4.615823,52.457982],[4.615827,52.457985],[4.615836,52.457988],[4.616062,52.458053],[4.616428,52.458112],[4.616785,52.458137]]}},{"type":"Feature","properties":{"mode":"bus","n":8,"arr":["conn:80","N47","N57","N82","N83","N84","N88","N97"],"lines":"80, N47, N57, N82, N83, N84, N88, N97"},"geometry":{"type":"LineString","coordinates":[[4.876305,52.368371],[4.875888,52.368609],[4.875617,52.368827],[4.875149,52.36933],[4.874025,52.371981],[4.873996,52.372263],[4.874101,52.372553],[4.874246,52.372699],[4.874871,52.373166],[4.875018,52.373488]]}},{"type":"Feature","properties":{"mode":"bus","n":6,"arr":["ebs:33","ebs:37","ebs:61","ebs:63","ebs:64","ebs:69"],"lines":"33, 37, 61, 63, 64, 69"},"geometry":{"type":"LineString","coordinates":[[4.35681,52.006804],[4.356816,52.006792]]}},{"type":"Feature","properties":{"mode":"bus","n":5,"arr":["gvb:21","gvb:22","N47","N57","N97"],"lines":"21, 22, N47, N57, N97"},"geometry":{"type":"LineString","coordinates":[[4.883837,52.385187],[4.884015,52.385247],[4.884238,52.385215],[4.884955,52.384855]]}},{"type":"Feature","properties":{"mode":"bus","n":6,"arr":["gvb:21","gvb:22","N47","N57","N82","N97"],"lines":"21, 22, N47, N57, N82, N97"},"geometry":{"type":"LineString","coordinates":[[4.894795,52.379769],[4.894867,52.379768]]}},{"type":"Feature","properties":{"mode":"bus","n":7,"arr":["gvb:22","N47","N57","N81","N83","N84","N97"],"lines":"22, N47, N57, N81, N83, N84, N97"},"geometry":{"type":"LineString","coordinates":[[4.881558,52.384996],[4.881976,52.384935],[4.883238,52.38465]]}},{"type":"Feature","properties":{"mode":"bus","n":7,"arr":["gvb:22","N47","N57","N81","N84","N88","N97"],"lines":"22, N47, N57, N81, N84, N88, N97"},"geometry":{"type":"LineString","coordinates":[[4.881582,52.38507],[4.882955,52.384753],[4.88325,52.384747],[4.88339,52.38479]]}},{"type":"Feature","properties":{"mode":"bus","n":6,"arr":["gvb:22","N47","N57","N81","N88","N97"],"lines":"22, N47, N57, N81, N88, N97"},"geometry":{"type":"LineString","coordinates":[[4.881511,52.385084],[4.881582,52.38507]]}},{"type":"Feature","properties":{"mode":"bus","n":5,"arr":["gvb:34","gvb:36","gvb:38","N93","N94"],"lines":"34, 36, 38, N93, N94"},"geometry":{"type":"LineString","coordinates":[[4.912703,52.39178],[4.912617,52.391921]]}},{"type":"Feature","properties":{"mode":"bus","n":5,"arr":["gvb:34","gvb:36","gvb:38","N91","N93"],"lines":"34, 36, 38, N91, N93"},"geometry":{"type":"LineString","coordinates":[[4.920162,52.38904],[4.920113,52.38908],[4.920095,52.38909],[4.920073,52.389093],[4.92005,52.389087],[4.919974,52.38906],[4.919802,52.389084],[4.919044,52.389368],[4.918977,52.389428],[4.918988,52.389506]]}},{"type":"Feature","properties":{"mode":"bus","n":6,"arr":["meer:64","meer:65","meer:67","meer:456","N19","N94"],"lines":"64, 65, 67, 456, N19, N94"},"geometry":{"type":"LineString","coordinates":[[4.814368,52.43921],[4.814565,52.43891]]}},{"type":"Feature","properties":{"mode":"bus","n":6,"arr":["N1","N2","N3","N4","N5","N6"],"lines":"N1, N2, N3, N4, N5, N6"},"geometry":{"type":"LineString","coordinates":[[4.314788,52.077717],[4.314936,52.077677],[4.315061,52.077673],[4.3158,52.077854],[4.315823,52.077863],[4.315837,52.077875],[4.315841,52.077891],[4.315842,52.077915],[4.315846,52.077931],[4.315859,52.077945],[4.315881,52.077955],[4.318541,52.078829],[4.318581,52.078851],[4.318597,52.078882],[4.318617,52.079038],[4.318386,52.080357],[4.318417,52.080448],[4.320166,52.081215],[4.320788,52.081537],[4.321594,52.081911],[4.321624,52.08192],[4.321652,52.081918],[4.321678,52.081905],[4.322439,52.081319],[4.322694,52.081175],[4.322981,52.080971]]}},{"type":"Feature","properties":{"mode":"bus","n":5,"arr":["N26","N82","N83","N84","N88"],"lines":"N26, N82, N83, N84, N88"},"geometry":{"type":"LineString","coordinates":[[4.886044,52.360597],[4.885088,52.361067],[4.883943,52.361585],[4.883681,52.361652],[4.883426,52.361689],[4.882298,52.361711]]}},{"type":"Feature","properties":{"mode":"bus","n":5,"arr":["N47","N57","N84","N88","N97"],"lines":"N47, N57, N84, N88, N97"},"geometry":{"type":"LineString","coordinates":[[4.880573,52.36295],[4.881787,52.363521],[4.881878,52.363588],[4.88193,52.363706],[4.881911,52.363783],[4.881837,52.363865],[4.881425,52.364178],[4.880614,52.364729]]}},{"type":"Feature","properties":{"mode":"bus","n":5,"arr":["N47","N57","N84","N88","N97"],"lines":"N47, N57, N84, N88, N97"},"geometry":{"type":"LineString","coordinates":[[4.87763,52.37858],[4.877537,52.378302]]}},{"type":"Feature","properties":{"mode":"bus","n":6,"arr":["N47","N57","N83","N84","N88","N97"],"lines":"N47, N57, N83, N84, N88, N97"},"geometry":{"type":"LineString","coordinates":[[4.875191,52.37455],[4.876794,52.377125],[4.877371,52.377994],[4.877537,52.378302]]}},{"type":"Feature","properties":{"mode":"bus","n":7,"arr":["N82","N83","N85","N87","N89","N91","N93"],"lines":"N82, N83, N85, N87, N89, N91, N93"},"geometry":{"type":"LineString","coordinates":[[4.902524,52.37744],[4.902251,52.377549]]}},{"type":"Feature","properties":{"mode":"bus","n":7,"arr":["N82","N83","N85","N87","N89","N91","N93"],"lines":"N82, N83, N85, N87, N89, N91, N93"},"geometry":{"type":"LineString","coordinates":[[4.898078,52.376913],[4.89907,52.377642],[4.89943,52.377816],[4.899928,52.377944]]}},{"type":"Feature","properties":{"mode":"bus","n":5,"arr":["N82","N83","N89","N91","N93"],"lines":"N82, N83, N89, N91, N93"},"geometry":{"type":"LineString","coordinates":[[4.899928,52.377944],[4.900064,52.377948],[4.900904,52.377814],[4.901741,52.377664],[4.902251,52.377549]]}},{"type":"Feature","properties":{"mode":"bus","n":8,"arr":["N82","N83","N85","N87","N88","N89","N91","N93"],"lines":"N82, N83, N85, N87, N88, N89, N91, N93"},"geometry":{"type":"LineString","coordinates":[[4.898078,52.376913],[4.896416,52.375689],[4.894858,52.374474],[4.894095,52.373842],[4.893427,52.373353],[4.893288,52.373223],[4.892963,52.37269],[4.892874,52.372377],[4.892771,52.371356],[4.892478,52.370284],[4.892041,52.369199],[4.892016,52.368971],[4.892092,52.368767],[4.89223,52.36855],[4.892449,52.368306],[4.893501,52.367419],[4.893547,52.367149],[4.893466,52.366976]]}},{"type":"Feature","properties":{"mode":"bus","n":5,"arr":["N85","N87","N89","N91","N93"],"lines":"N85, N87, N89, N91, N93"},"geometry":{"type":"LineString","coordinates":[[4.893466,52.366976],[4.895693,52.366314],[4.896012,52.366254],[4.89775,52.366243],[4.899694,52.366176],[4.900305,52.366223],[4.901216,52.366439],[4.90147,52.366534],[4.901592,52.366614],[4.902907,52.367807],[4.90304,52.367883],[4.903204,52.367937],[4.903674,52.368006]]}},{"type":"Feature","properties":{"mode":"bus","n":5,"arr":["qbuzz:1","qbuzz:3","qbuzz:54","qbuzz:56","qbuzz:183"],"lines":"1, 3, 54, 56, 183"},"geometry":{"type":"LineString","coordinates":[[4.482244,52.165191],[4.481952,52.165102]]}},{"type":"Feature","properties":{"mode":"bus","n":5,"arr":["qbuzz:1","qbuzz:3","qbuzz:54","qbuzz:56","qbuzz:169"],"lines":"1, 3, 54, 56, 169"},"geometry":{"type":"LineString","coordinates":[[4.484999,52.160213],[4.485931,52.160087],[4.486502,52.160042],[4.487117,52.159946],[4.487664,52.159821],[4.488099,52.159671],[4.488573,52.159454],[4.489163,52.159114],[4.491681,52.15713],[4.492254,52.156761],[4.492838,52.156445],[4.493097,52.156331],[4.493275,52.156046]]}},{"type":"Feature","properties":{"mode":"bus","n":5,"arr":["qbuzz:1","qbuzz:3","qbuzz:54","qbuzz:56","qbuzz:169"],"lines":"1, 3, 54, 56, 169"},"geometry":{"type":"LineString","coordinates":[[4.493974,52.154989],[4.493763,52.154998],[4.493622,52.155025],[4.49359,52.155035],[4.493567,52.15505],[4.493554,52.155071],[4.493256,52.155986],[4.493268,52.156025],[4.493272,52.156032],[4.493277,52.156036],[4.493283,52.156038],[4.493291,52.156036],[4.493301,52.156032],[4.493357,52.156001],[4.493666,52.155132],[4.493688,52.155101],[4.493729,52.155079],[4.493974,52.154989],[4.494173,52.154946],[4.494381,52.154911],[4.494677,52.154902]]}},{"type":"Feature","properties":{"mode":"bus","n":5,"arr":["qbuzz:4","qbuzz:5","qbuzz:10","qbuzz:13","qbuzz:14"],"lines":"4, 5, 10, 13, 14"},"geometry":{"type":"LineString","coordinates":[[4.672812,51.80746],[4.672822,51.80763],[4.672857,51.807668],[4.673747,51.808035],[4.674555,51.808403],[4.674808,51.808692],[4.67496,51.808815],[4.675202,51.808961],[4.676409,51.809571],[4.676658,51.809755],[4.676692,51.809771],[4.676734,51.809776],[4.67682,51.809774],[4.677484,51.809508],[4.678077,51.809323]]}},{"type":"Feature","properties":{"mode":"bus","n":5,"arr":["ret:5","ret:8","ret:10","ret:13","ret:33"],"lines":"5, 8, 10, 13, 33"},"geometry":{"type":"LineString","coordinates":[[4.462941,51.922665],[4.462757,51.923423],[4.462299,51.924912],[4.462154,51.925206],[4.462016,51.925386],[4.461654,51.926261]]}},{"type":"Feature","properties":{"mode":"bus","n":5,"arr":["ret:7","ret:61","ret:62","ret:63","ret:64"],"lines":"7, 61, 62, 63, 64"},"geometry":{"type":"LineString","coordinates":[[4.366043,51.860648],[4.365504,51.860797],[4.36548,51.860802],[4.365459,51.8608],[4.365443,51.860792],[4.36543,51.860778],[4.364629,51.859493],[4.364611,51.859474],[4.364584,51.859464],[4.36455,51.859463],[4.363774,51.859514],[4.362587,51.859727],[4.361942,51.859761],[4.361806,51.859744],[4.361758,51.85973],[4.361729,51.859703],[4.361329,51.859046],[4.361168,51.858873],[4.360832,51.858598]]}},{"type":"Feature","properties":{"mode":"tram","n":6,"arr":["8","ret:1","ret:4","ret:6","ret:7","ret:11"],"lines":"8, 1, 4, 6, 7, 11"},"geometry":{"type":"LineString","coordinates":[[4.471669,51.923228],[4.473013,51.9235],[4.473529,51.923583],[4.474535,51.923791],[4.474854,51.923882],[4.475048,51.923856],[4.475325,51.923902]]}},{"type":"Feature","properties":{"mode":"tram","n":6,"arr":["8","ret:1","ret:4","ret:6","ret:7","ret:11"],"lines":"8, 1, 4, 6, 7, 11"},"geometry":{"type":"LineString","coordinates":[[4.47105,51.923079],[4.471116,51.923217]]}},{"type":"Feature","properties":{"mode":"tram","n":6,"arr":["8","ret:1","ret:4","ret:6","ret:7","ret:11"],"lines":"8, 1, 4, 6, 7, 11"},"geometry":{"type":"LineString","coordinates":[[4.471137,51.923383],[4.47113,51.923419]]}},{"type":"Feature","properties":{"mode":"tram","n":5,"arr":["8","ret:3","ret:6","ret:7","ret:12"],"lines":"8, 3, 6, 7, 12"},"geometry":{"type":"LineString","coordinates":[[4.471324,51.923154],[4.471669,51.923228]]}},{"type":"Feature","properties":{"mode":"tram","n":5,"arr":["ret:1","ret:3","ret:7","ret:11","ret:12"],"lines":"1, 3, 7, 11, 12"},"geometry":{"type":"LineString","coordinates":[[4.471033,51.922981],[4.471159,51.923082],[4.471324,51.923154]]}},{"type":"Feature","properties":{"mode":"tram","n":5,"arr":["8","18","ret:3","ret:6","ret:14"],"lines":"8, 18, 3, 6, 14"},"geometry":{"type":"LineString","coordinates":[[4.471324,51.923154],[4.471174,51.923186],[4.471069,51.923252],[4.470986,51.92346]]}},{"type":"Feature","properties":{"mode":"tram","n":5,"arr":["18","ret:1","ret:3","ret:11","ret:14"],"lines":"18, 1, 3, 11, 14"},"geometry":{"type":"LineString","coordinates":[[4.471557,51.923174],[4.471324,51.923154]]}},{"type":"Feature","properties":{"mode":"tram","n":8,"arr":["8","18","ret:1","ret:5","ret:6","ret:7","ret:11","ret:14"],"lines":"8, 18, 1, 5, 6, 7, 11, 14"},"geometry":{"type":"LineString","coordinates":[[4.471604,51.921426],[4.470962,51.922634],[4.470943,51.922737],[4.470982,51.922994]]}},{"type":"Feature","properties":{"mode":"tram","n":5,"arr":["8","18","ret:5","ret:6","ret:14"],"lines":"8, 18, 5, 6, 14"},"geometry":{"type":"LineString","coordinates":[[4.471697,51.921249],[4.471604,51.921426]]}},{"type":"Feature","properties":{"mode":"tram","n":8,"arr":["8","18","ret:3","ret:4","ret:5","ret:6","ret:12","ret:14"],"lines":"8, 18, 3, 4, 5, 6, 12, 14"},"geometry":{"type":"LineString","coordinates":[[4.472214,51.919033],[4.472078,51.919477],[4.4719,51.920545],[4.471697,51.921249]]}},{"type":"Feature","properties":{"mode":"tram","n":8,"arr":["8","18","ret:3","ret:4","ret:5","ret:6","ret:12","ret:14"],"lines":"8, 18, 3, 4, 5, 6, 12, 14"},"geometry":{"type":"LineString","coordinates":[[4.471893,51.92077],[4.471986,51.920351]]}},{"type":"Feature","properties":{"mode":"tram","n":5,"arr":["8","18","ret:4","ret:6","ret:14"],"lines":"8, 18, 4, 6, 14"},"geometry":{"type":"LineString","coordinates":[[4.472521,51.918115],[4.472214,51.919033]]}},{"type":"Feature","properties":{"mode":"tram","n":5,"arr":["8","18","ret:4","ret:6","ret:14"],"lines":"8, 18, 4, 6, 14"},"geometry":{"type":"LineString","coordinates":[[4.471986,51.920351],[4.472149,51.919372],[4.472489,51.918283],[4.472701,51.917826],[4.47288,51.917249],[4.472878,51.917119]]}},{"type":"Feature","properties":{"mode":"tram","n":5,"arr":["8","18","ret:1","ret:7","ret:11"],"lines":"8, 18, 1, 7, 11"},"geometry":{"type":"LineString","coordinates":[[4.433131,51.913951],[4.433545,51.914155],[4.433813,51.914331],[4.435655,51.915866],[4.435777,51.915937],[4.436353,51.916173]]}},{"type":"Feature","properties":{"mode":"tram","n":7,"arr":["8","18","ret:3","ret:4","ret:6","ret:12","ret:14"],"lines":"8, 18, 3, 4, 6, 12, 14"},"geometry":{"type":"LineString","coordinates":[[4.471673,51.921391],[4.471799,51.921125],[4.471893,51.92077]]}},{"type":"Feature","properties":{"mode":"tram","n":10,"arr":["8","18","ret:1","ret:3","ret:4","ret:6","ret:7","ret:11","ret:12","ret:14"],"lines":"8, 18, 1, 3, 4, 6, 7, 11, 12, 14"},"geometry":{"type":"LineString","coordinates":[[4.471673,51.921391],[4.471027,51.922602],[4.471001,51.922799]]}},{"type":"Feature","properties":{"mode":"tram","n":8,"arr":["8","ret:1","ret:3","ret:4","ret:6","ret:7","ret:11","ret:12"],"lines":"8, 1, 3, 4, 6, 7, 11, 12"},"geometry":{"type":"LineString","coordinates":[[4.471001,51.922799],[4.471033,51.922981]]}},{"type":"Feature","properties":{"mode":"tram","n":7,"arr":["8","ret:1","ret:4","ret:6","ret:7","ret:11","ret:12"],"lines":"8, 1, 4, 6, 7, 11, 12"},"geometry":{"type":"LineString","coordinates":[[4.471033,51.922981],[4.47105,51.923079]]}},{"type":"Feature","properties":{"mode":"tram","n":7,"arr":["8","ret:1","ret:4","ret:6","ret:7","ret:11","ret:12"],"lines":"8, 1, 4, 6, 7, 11, 12"},"geometry":{"type":"LineString","coordinates":[[4.470989,51.924071],[4.471173,51.923329],[4.471261,51.923259],[4.471394,51.923215],[4.471514,51.923207],[4.471669,51.923228]]}},{"type":"Feature","properties":{"mode":"tram","n":9,"arr":["8","18","ret:1","ret:3","ret:4","ret:6","ret:7","ret:11","ret:14"],"lines":"8, 18, 1, 3, 4, 6, 7, 11, 14"},"geometry":{"type":"LineString","coordinates":[[4.471116,51.923217],[4.471143,51.923359]]}},{"type":"Feature","properties":{"mode":"tram","n":7,"arr":["8","ret:1","ret:3","ret:4","ret:6","ret:7","ret:11"],"lines":"8, 1, 3, 4, 6, 7, 11"},"geometry":{"type":"LineString","coordinates":[[4.471143,51.923359],[4.471137,51.923383]]}},{"type":"Feature","properties":{"mode":"tram","n":5,"arr":["9","42","htm:4","htm:11","htm:12"],"lines":"9, 42, 4, 11, 12"},"geometry":{"type":"LineString","coordinates":[[4.309915,52.061807],[4.310446,52.062069],[4.311013,52.062471],[4.313474,52.064854],[4.314728,52.065943],[4.31639,52.067067],[4.320058,52.06897],[4.320276,52.069151],[4.320517,52.069483],[4.320865,52.06969]]}},{"type":"Feature","properties":{"mode":"tram","n":5,"arr":["9","42","htm:4","htm:11","htm:12"],"lines":"9, 42, 4, 11, 12"},"geometry":{"type":"LineString","coordinates":[[4.311357,52.06286],[4.313112,52.064595],[4.314792,52.06603],[4.315413,52.066483],[4.316967,52.067468],[4.319265,52.068659]]}},{"type":"Feature","properties":{"mode":"tram","n":5,"arr":["9","42","htm:4","htm:11","htm:12"],"lines":"9, 42, 4, 11, 12"},"geometry":{"type":"LineString","coordinates":[[4.309882,52.061838],[4.310372,52.062078]]}},{"type":"Feature","properties":{"mode":"tram","n":10,"arr":["9","10","15","16","42","htm:1","htm:4","htm:11","htm:12","htm:17"],"lines":"9, 10, 15, 16, 42, 1, 4, 11, 12, 17"},"geometry":{"type":"LineString","coordinates":[[4.320865,52.06969],[4.322011,52.070217]]}},{"type":"Feature","properties":{"mode":"tram","n":10,"arr":["9","10","15","16","42","htm:1","htm:4","htm:11","htm:12","htm:17"],"lines":"9, 10, 15, 16, 42, 1, 4, 11, 12, 17"},"geometry":{"type":"LineString","coordinates":[[4.319265,52.068659],[4.320048,52.06908],[4.320209,52.069246],[4.320305,52.06941]]}},{"type":"Feature","properties":{"mode":"tram","n":5,"arr":["9","15","16","htm:4","htm:17"],"lines":"9, 15, 16, 4, 17"},"geometry":{"type":"LineString","coordinates":[[4.322011,52.070217],[4.323397,52.070852]]}},{"type":"Feature","properties":{"mode":"tram","n":5,"arr":["9","15","16","htm:4","htm:17"],"lines":"9, 15, 16, 4, 17"},"geometry":{"type":"LineString","coordinates":[[4.320305,52.06941],[4.320434,52.069601],[4.320557,52.069695],[4.32078,52.069804]]}},{"type":"Feature","properties":{"mode":"tram","n":6,"arr":["9","9S","15","16","htm:4","htm:17"],"lines":"9, 9S, 15, 16, 4, 17"},"geometry":{"type":"LineString","coordinates":[[4.323397,52.070852],[4.323628,52.070952],[4.323795,52.071082],[4.323907,52.071346]]}},{"type":"Feature","properties":{"mode":"tram","n":6,"arr":["9","9S","15","16","htm:4","htm:17"],"lines":"9, 9S, 15, 16, 4, 17"},"geometry":{"type":"LineString","coordinates":[[4.32078,52.069804],[4.322226,52.070464]]}},{"type":"Feature","properties":{"mode":"tram","n":8,"arr":["9","9S","10","15","16","htm:1","htm:4","htm:17"],"lines":"9, 9S, 10, 15, 16, 1, 4, 17"},"geometry":{"type":"LineString","coordinates":[[4.323907,52.071346],[4.324031,52.071861],[4.323916,52.072246],[4.323945,52.072786],[4.323854,52.072945],[4.323307,52.073292],[4.322002,52.073968],[4.320202,52.074839],[4.319679,52.075165],[4.318377,52.075844]]}},{"type":"Feature","properties":{"mode":"tram","n":8,"arr":["9","9S","10","15","16","htm:1","htm:4","htm:17"],"lines":"9, 9S, 10, 15, 16, 1, 4, 17"},"geometry":{"type":"LineString","coordinates":[[4.317862,52.076118],[4.316959,52.076586]]}},{"type":"Feature","properties":{"mode":"tram","n":8,"arr":["9","9S","10","15","16","htm:1","htm:4","htm:17"],"lines":"9, 9S, 10, 15, 16, 1, 4, 17"},"geometry":{"type":"LineString","coordinates":[[4.322226,52.070464],[4.323509,52.071051],[4.323616,52.071116],[4.323758,52.071259],[4.323833,52.071428],[4.32395,52.071897],[4.3238,52.072407],[4.323811,52.072597]]}},{"type":"Feature","properties":{"mode":"tram","n":7,"arr":["9","10","15","16","htm:1","htm:4","htm:17"],"lines":"9, 10, 15, 16, 1, 4, 17"},"geometry":{"type":"LineString","coordinates":[[4.318377,52.075844],[4.317862,52.076118]]}},{"type":"Feature","properties":{"mode":"tram","n":7,"arr":["9","10","15","16","htm:1","htm:4","htm:17"],"lines":"9, 10, 15, 16, 1, 4, 17"},"geometry":{"type":"LineString","coordinates":[[4.316959,52.076586],[4.315424,52.077379]]}},{"type":"Feature","properties":{"mode":"tram","n":7,"arr":["9","10","15","16","htm:1","htm:4","htm:17"],"lines":"9, 10, 15, 16, 1, 4, 17"},"geometry":{"type":"LineString","coordinates":[[4.323811,52.072597],[4.323806,52.072843],[4.323747,52.072937],[4.323121,52.073346],[4.321912,52.073974],[4.320164,52.074822],[4.319647,52.075144],[4.315379,52.077362]]}},{"type":"Feature","properties":{"mode":"tram","n":5,"arr":["9","9S","16","htm:4","htm:17"],"lines":"9, 9S, 16, 4, 17"},"geometry":{"type":"LineString","coordinates":[[4.316725,52.07812],[4.3184,52.078658],[4.318668,52.078674],[4.319195,52.078625],[4.31947,52.078694],[4.319741,52.078827]]}},{"type":"Feature","properties":{"mode":"tram","n":5,"arr":["10","15","16","htm:1","htm:17"],"lines":"10, 15, 16, 1, 17"},"geometry":{"type":"LineString","coordinates":[[4.323997,52.064303],[4.322613,52.065468],[4.321645,52.066176],[4.32026,52.067345],[4.319185,52.068326],[4.319146,52.06842],[4.319248,52.068589],[4.319997,52.068995],[4.320203,52.069166],[4.32043,52.069473],[4.320865,52.06969]]}},{"type":"Feature","properties":{"mode":"tram","n":5,"arr":["10","15","16","htm:1","htm:17"],"lines":"10, 15, 16, 1, 17"},"geometry":{"type":"LineString","coordinates":[[4.319265,52.068659],[4.319097,52.068509],[4.319077,52.068439],[4.319085,52.068333],[4.319176,52.068228],[4.32161,52.066154],[4.322571,52.065449],[4.324328,52.063956]]}},{"type":"Feature","properties":{"mode":"tram","n":5,"arr":["10","42","htm:1","htm:11","htm:12"],"lines":"10, 42, 1, 11, 12"},"geometry":{"type":"LineString","coordinates":[[4.322011,52.070217],[4.322458,52.070545],[4.323546,52.071029]]}},{"type":"Feature","properties":{"mode":"tram","n":5,"arr":["10","42","htm:1","htm:11","htm:12"],"lines":"10, 42, 1, 11, 12"},"geometry":{"type":"LineString","coordinates":[[4.320305,52.06941],[4.320429,52.069524],[4.32057,52.069599],[4.321677,52.070089]]}},{"type":"Feature","properties":{"mode":"tram","n":6,"arr":["13","24","gvb:1","gvb:2","gvb:5","gvb:17"],"lines":"13, 24, 1, 2, 5, 17"},"geometry":{"type":"LineString","coordinates":[[4.880889,52.363078],[4.88182,52.363516]]}},{"type":"Feature","properties":{"mode":"tram","n":6,"arr":["18","ret:1","ret:5","ret:7","ret:11","ret:14"],"lines":"18, 1, 5, 7, 11, 14"},"geometry":{"type":"LineString","coordinates":[[4.470982,51.922994],[4.470901,51.923453]]}},{"type":"Feature","properties":{"mode":"tram","n":6,"arr":["18","ret:1","ret:3","ret:4","ret:11","ret:14"],"lines":"18, 1, 3, 4, 11, 14"},"geometry":{"type":"LineString","coordinates":[[4.471557,51.923174],[4.472507,51.92337]]}},{"type":"Feature","properties":{"mode":"tram","n":5,"arr":["24","gvb:1","gvb:7","gvb:17","gvb:19"],"lines":"24, 1, 7, 17, 19"},"geometry":{"type":"LineString","coordinates":[[4.882286,52.363735],[4.882298,52.36374]]}},{"type":"Feature","properties":{"mode":"tram","n":5,"arr":["24","gvb:2","gvb:7","gvb:17","gvb:19"],"lines":"24, 2, 7, 17, 19"},"geometry":{"type":"LineString","coordinates":[[4.882286,52.363735],[4.882228,52.363741],[4.88222,52.363742],[4.882215,52.363744],[4.882214,52.363746],[4.882217,52.363749],[4.882223,52.363752],[4.88226,52.363769]]}},{"type":"Feature","properties":{"mode":"tram","n":5,"arr":["34","htm:2","htm:3","htm:4","htm:6"],"lines":"34, 2, 3, 4, 6"},"geometry":{"type":"LineString","coordinates":[[4.326094,52.081376],[4.327145,52.081037],[4.327544,52.080938],[4.328098,52.080855],[4.328775,52.080846],[4.329299,52.080907],[4.329737,52.081008],[4.331952,52.081761]]}},{"type":"Feature","properties":{"mode":"tram","n":5,"arr":["34","htm:2","htm:3","htm:4","htm:6"],"lines":"34, 2, 3, 4, 6"},"geometry":{"type":"LineString","coordinates":[[4.326001,52.081493],[4.326569,52.081262],[4.327169,52.081069],[4.327595,52.080964],[4.328178,52.080886],[4.328794,52.080887],[4.329275,52.080946],[4.329922,52.081107],[4.331979,52.081809]]}},{"type":"Feature","properties":{"mode":"tram","n":6,"arr":["42","htm:2","htm:4","htm:6","htm:11","htm:12"],"lines":"42, 2, 4, 6, 11, 12"},"geometry":{"type":"LineString","coordinates":[[4.295483,52.068553],[4.297268,52.067019]]}},{"type":"Feature","properties":{"mode":"tram","n":6,"arr":["42","htm:2","htm:4","htm:6","htm:11","htm:12"],"lines":"42, 2, 4, 6, 11, 12"},"geometry":{"type":"LineString","coordinates":[[4.295411,52.06855],[4.297285,52.066936]]}},{"type":"Feature","properties":{"mode":"tram","n":5,"arr":["42","htm:2","htm:4","htm:6","htm:12"],"lines":"42, 2, 4, 6, 12"},"geometry":{"type":"LineString","coordinates":[[4.290998,52.068531],[4.293469,52.068285],[4.293686,52.068335],[4.294772,52.06869],[4.295059,52.068712],[4.295276,52.068668]]}},{"type":"Feature","properties":{"mode":"tram","n":5,"arr":["ret:1","ret:3","ret:5","ret:11","ret:12"],"lines":"1, 3, 5, 11, 12"},"geometry":{"type":"LineString","coordinates":[[4.480015,51.919823],[4.480401,51.918911],[4.480807,51.9183]]}},{"type":"Feature","properties":{"mode":"tram","n":6,"arr":["ret:1","ret:3","ret:4","ret:7","ret:11","ret:12"],"lines":"1, 3, 4, 7, 11, 12"},"geometry":{"type":"LineString","coordinates":[[4.471697,51.921249],[4.471673,51.921391]]}}]}